state_ut,district,year,murder,rape,kidnapping_and_abduction,dacoity,robbery,arson,hurt,protection_of_civil_rights_pcr_act,prevention_of_atrocities_poa_act,other_crimes_against_scs
Andhra Pradesh,ADILABAD,2013,2,3,0,0,0,0,8,0,15,42
Andhra Pradesh,ANANTAPUR,2013,2,4,0,0,0,0,37,0,18,56
Andhra Pradesh,CHITTOOR,2013,2,3,0,0,0,1,27,0,9,55
Andhra Pradesh,CUDDAPAH,2013,2,2,0,0,0,0,78,0,22,72
Andhra Pradesh,CYBERABAD,2013,2,8,0,0,0,0,15,1,61,58
Andhra Pradesh,EAST GODAVARI,2013,3,9,0,0,0,1,26,2,28,112
Andhra Pradesh,GUNTAKAL RLY.,2013,0,0,0,0,0,0,0,0,0,0
Andhra Pradesh,GUNTUR,2013,4,4,3,0,0,0,44,0,14,75
Andhra Pradesh,GUNTUR URBAN,2013,2,3,0,0,0,0,9,0,10,30
Andhra Pradesh,HYDERABAD CITY,2013,1,3,0,0,0,0,0,0,110,2
Andhra Pradesh,KARIMNAGAR,2013,4,9,0,0,0,1,23,1,70,113
Andhra Pradesh,KHAMMAM,2013,0,5,0,0,0,0,4,0,4,34
Andhra Pradesh,KRISHNA,2013,2,1,0,0,0,0,21,0,8,45
Andhra Pradesh,KURNOOL,2013,4,2,0,3,0,0,51,0,45,129
Andhra Pradesh,MAHABOOBNAGAR,2013,5,9,0,0,0,0,39,0,15,91
Andhra Pradesh,MEDAK,2013,1,5,0,0,0,0,6,0,13,41
Andhra Pradesh,NALGONDA,2013,4,4,0,0,0,0,25,1,38,135
Andhra Pradesh,NELLORE,2013,2,3,0,0,0,1,34,0,34,89
Andhra Pradesh,NIZAMABAD,2013,1,1,0,0,1,0,7,0,10,52
Andhra Pradesh,PRAKASHAM,2013,3,1,2,0,0,0,60,0,15,76
Andhra Pradesh,RAJAHMUNDRY,2013,0,0,1,0,0,0,12,0,4,37
Andhra Pradesh,RANGA REDDY,2013,3,4,0,0,0,0,8,0,8,30
Andhra Pradesh,SECUNDERABAD RLY.,2013,0,0,0,0,0,0,0,0,0,0
Andhra Pradesh,SRIKAKULAM,2013,0,2,2,0,0,1,33,0,38,25
Andhra Pradesh,TIRUPATHI URBAN,2013,1,0,1,0,0,0,6,1,9,50
Andhra Pradesh,VIJAYAWADA CITY,2013,2,0,0,0,0,0,5,0,8,39
Andhra Pradesh,VIJAYAWADA RLY.,2013,0,0,0,0,0,0,0,0,0,0
Andhra Pradesh,VISAKHA RURAL,2013,0,2,0,0,0,0,20,0,11,26
Andhra Pradesh,VISAKHAPATNAM,2013,0,4,1,0,0,0,16,0,11,27
Andhra Pradesh,VIZIANAGARAM,2013,0,9,0,0,0,0,7,0,25,62
Andhra Pradesh,WARANGAL,2013,0,1,0,0,0,0,16,0,10,0
Andhra Pradesh,WARANGAL URBAN,2013,0,2,0,0,0,0,1,0,14,21
Andhra Pradesh,WEST GODAVARI,2013,1,11,4,0,0,0,21,0,18,96
Andhra Pradesh,TOTAL,2013,53,114,14,3,1,5,659,6,695,1720
Arunachal Pradesh,ANJAW,2013,0,0,0,0,0,0,0,0,0,0
Arunachal Pradesh,CHANGLANG,2013,0,0,0,0,0,0,0,0,0,0
Arunachal Pradesh,DIBANG VALLEY,2013,0,0,0,0,0,0,0,0,0,0
Arunachal Pradesh,K/KUMEY,2013,0,0,0,0,0,0,0,0,0,0
Arunachal Pradesh,KAMENG EAST,2013,0,0,0,0,0,0,0,0,0,0
Arunachal Pradesh,KAMENG WEST,2013,0,0,0,0,0,0,0,0,0,0
Arunachal Pradesh,LOHIT,2013,0,0,0,0,0,0,0,0,0,0
Arunachal Pradesh,LONGDING,2013,0,0,0,0,0,0,0,0,0,0
Arunachal Pradesh,PAPUM PARE,2013,0,0,0,0,0,0,0,0,0,0
Arunachal Pradesh,RURAL,2013,0,0,0,0,0,0,0,0,0,0
Arunachal Pradesh,SIANG EAST,2013,0,0,0,0,0,0,0,0,0,0
Arunachal Pradesh,SIANG UPPER,2013,0,0,0,0,0,0,0,0,0,0
Arunachal Pradesh,SIANG WEST,2013,0,0,0,0,0,0,0,0,0,0
Arunachal Pradesh,SUBANSIRI LOWER,2013,0,0,0,0,0,0,0,0,0,0
Arunachal Pradesh,SUBANSIRI UPPER,2013,0,0,0,0,0,0,0,0,0,0
Arunachal Pradesh,TAWANG,2013,0,0,0,0,0,0,0,0,0,0
Arunachal Pradesh,TIRAP,2013,0,0,0,0,0,0,0,0,0,0
Arunachal Pradesh,UPPER DIBANG VALLEY,2013,0,0,0,0,0,0,0,0,0,0
Arunachal Pradesh,TOTAL,2013,0,0,0,0,0,0,0,0,0,0
Assam,BAKSA,2013,0,0,0,0,0,0,0,0,0,0
Assam,BARPETA,2013,0,0,0,0,0,0,0,0,0,0
Assam,BIEO,2013,0,0,0,0,0,0,0,0,0,0
Assam,BONGAIGAON,2013,0,0,0,0,0,0,0,0,0,0
Assam,C.I.D.,2013,0,0,0,0,0,0,0,0,0,0
Assam,CACHAR,2013,0,0,0,0,0,0,0,0,1,1
Assam,CHIRANG,2013,0,0,0,0,0,0,0,0,0,0
Assam,DARRANG,2013,0,0,0,0,0,0,0,0,0,0
Assam,DHEMAJI,2013,0,0,0,0,0,0,0,0,0,0
Assam,DHUBRI,2013,0,0,0,0,0,0,0,0,0,0
Assam,DIBRUGARH,2013,0,0,0,0,0,0,0,0,0,0
Assam,G.R.P.,2013,0,0,0,0,0,0,0,0,0,0
Assam,GOALPARA,2013,0,0,0,0,0,0,0,0,0,0
Assam,GOLAGHAT,2013,0,0,0,0,0,0,0,0,0,0
Assam,GUWAHATI CITY,2013,0,0,0,0,0,0,0,0,0,0
Assam,HAILAKANDI,2013,0,0,0,0,0,0,0,0,0,0
Assam,HAMREN,2013,0,0,0,0,0,0,0,0,0,0
Assam,JORHAT,2013,0,0,0,0,0,0,0,0,2,2
Assam,KAMRUP,2013,0,0,0,0,0,0,0,0,0,0
Assam,KARBI ANGLONG,2013,0,0,0,0,0,0,0,0,0,0
Assam,KARIMGANJ,2013,0,0,0,0,0,0,0,0,0,0
Assam,KOKRAJHAR,2013,0,0,0,0,0,0,0,0,0,0
Assam,LAKHIMPUR,2013,0,0,0,0,0,0,0,0,0,0
Assam,MORIGAON,2013,0,0,0,0,0,0,0,0,0,0
Assam,N.C.HILLS,2013,0,0,0,0,0,0,0,0,0,0
Assam,NAGAON,2013,0,0,0,0,0,0,0,0,1,1
Assam,NALBARI,2013,0,0,0,0,0,0,0,0,0,0
Assam,R.P.O.,2013,0,0,0,0,0,0,0,0,0,0
Assam,SIBSAGAR,2013,0,0,0,0,0,0,0,0,0,0
Assam,SONITPUR,2013,0,0,0,0,0,0,0,0,0,0
Assam,STF,2013,0,0,0,0,0,0,0,0,0,0
Assam,TINSUKIA,2013,0,0,0,0,0,0,0,0,0,0
Assam,UDALGURI,2013,0,0,0,0,0,0,0,0,0,0
Assam,TOTAL,2013,0,0,0,0,0,0,0,0,4,4
Bihar,ARARIA,2013,0,0,0,0,0,2,1,0,70,0
Bihar,ARWAL,2013,1,0,0,0,0,0,0,0,29,29
Bihar,AURANGABAD,2013,2,3,0,0,0,5,2,0,173,0
Bihar,BAGAHA,2013,0,1,0,0,0,3,0,0,105,0
Bihar,BANKA,2013,2,1,0,0,0,0,0,0,106,0
Bihar,BEGUSARAI,2013,0,0,0,0,0,0,2,0,311,0
Bihar,BETTIAH,2013,0,1,0,0,0,3,11,0,138,30
Bihar,BHABHUA,2013,2,1,0,0,0,1,26,0,51,0
Bihar,BHAGALPUR,2013,1,4,0,0,0,1,4,0,132,0
Bihar,BHOJPUR,2013,3,3,0,0,0,0,20,0,163,19
Bihar,BUXAR,2013,1,1,0,0,1,1,7,0,85,0
Bihar,DARBHANGA,2013,1,1,4,0,0,3,1,0,134,138
Bihar,GAYA,2013,0,0,0,0,0,0,0,0,372,0
Bihar,GOPALGANJ,2013,0,0,0,0,0,0,0,0,143,26
Bihar,JAMALPUR RLY.,2013,0,0,0,0,0,0,0,0,1,0
Bihar,JAMUI,2013,0,0,0,0,0,0,0,0,130,0
Bihar,JEHANABAD,2013,2,0,2,0,0,3,4,0,98,0
Bihar,KATIHAR,2013,0,0,0,0,0,1,1,0,58,0
Bihar,KATIHAR RLY.,2013,0,0,0,0,0,0,0,0,5,0
Bihar,KHAGARIA,2013,1,1,0,0,0,4,2,0,150,0
Bihar,KISHANGANJ,2013,1,3,0,0,0,0,23,0,31,0
Bihar,LAKHISARAI,2013,0,2,0,0,0,0,1,0,49,0
Bihar,MADHEPURA,2013,2,9,0,0,0,3,0,0,111,0
Bihar,MADHUBANI,2013,2,5,0,0,0,1,2,0,156,0
Bihar,MOTIHARI,2013,2,0,0,0,0,2,28,0,312,0
Bihar,MUNGER,2013,0,1,0,0,0,0,0,0,56,0
Bihar,MUZAFFARPUR,2013,0,0,0,0,0,0,0,0,352,0
Bihar,MUZAFFARPUR RLY.,2013,0,1,0,0,0,0,0,0,0,0
Bihar,NALANDA,2013,3,3,0,0,0,0,4,0,195,0
Bihar,NAUGACHIA,2013,0,3,0,0,0,0,0,0,44,0
Bihar,NAWADAH,2013,1,3,0,0,0,6,13,0,124,0
Bihar,PATNA,2013,5,6,0,0,0,1,6,0,357,339
Bihar,PATNA RLY.,2013,0,0,0,0,0,0,0,0,4,1
Bihar,PURNEA,2013,0,0,0,0,0,0,106,0,106,0
Bihar,ROHTAS,2013,0,4,0,0,0,1,0,0,183,0
Bihar,SAHARSA,2013,0,0,0,0,0,1,2,0,195,0
Bihar,SAMASTIPUR,2013,0,2,2,0,0,0,0,0,200,7
Bihar,SARAN,2013,12,1,0,0,0,6,8,0,170,1
Bihar,SHEIKHPURA,2013,1,1,1,0,0,0,1,0,68,0
Bihar,SHEOHAR,2013,0,0,0,0,0,0,0,0,13,19
Bihar,SITAMARHI,2013,1,3,0,0,0,0,0,0,130,0
Bihar,SIWAN,2013,1,3,0,0,0,0,0,0,131,0
Bihar,SUPAUL,2013,2,0,0,0,0,0,3,0,63,0
Bihar,VAISHALI,2013,1,1,0,0,0,3,11,0,80,60
Bihar,TOTAL,2013,50,68,9,0,1,51,289,0,5584,669
Chhattisgarh,BALOD,2013,0,0,0,0,0,0,0,0,1,4
Chhattisgarh,BALODA BAZAR,2013,1,2,1,0,0,0,3,0,0,8
Chhattisgarh,BALRAMPUR,2013,0,1,0,0,0,0,1,0,0,1
Chhattisgarh,BEMETARA,2013,0,1,0,0,0,0,0,0,0,1
Chhattisgarh,BILASPUR,2013,1,5,0,0,0,1,3,0,0,19
Chhattisgarh,BIZAPUR,2013,0,0,0,0,0,0,0,0,0,1
Chhattisgarh,DANTEWARA,2013,0,1,0,0,0,0,0,0,0,0
Chhattisgarh,DHAMTARI,2013,0,0,0,0,0,0,0,0,0,2
Chhattisgarh,DURG,2013,0,3,0,0,0,0,1,0,0,4
Chhattisgarh,GARIYABAND,2013,1,2,0,0,0,0,0,0,0,3
Chhattisgarh,GRP RAIPUR,2013,0,0,0,0,0,0,0,0,0,0
Chhattisgarh,JAGDALPUR,2013,0,0,0,0,0,0,0,0,0,0
Chhattisgarh,JANJGIR,2013,1,7,1,0,0,0,27,0,0,25
Chhattisgarh,JASHPUR,2013,0,0,0,0,0,0,1,0,0,2
Chhattisgarh,KABIRDHAM,2013,0,1,1,0,0,0,2,0,0,4
Chhattisgarh,KANKER,2013,0,3,0,0,0,0,0,0,0,2
Chhattisgarh,KONDAGAON,2013,0,0,0,0,0,0,0,0,0,0
Chhattisgarh,KORBA,2013,1,6,0,0,0,0,3,0,0,11
Chhattisgarh,KORIYA,2013,1,5,0,0,0,0,4,0,0,4
Chhattisgarh,MAHASAMUND,2013,0,2,0,0,0,0,0,0,0,5
Chhattisgarh,MUNGELI,2013,0,2,1,0,0,0,0,0,0,2
Chhattisgarh,NARAYANPUR,2013,0,0,0,0,0,0,0,0,0,1
Chhattisgarh,RAIGARH,2013,0,4,2,0,0,0,1,0,0,10
Chhattisgarh,RAIPUR,2013,0,3,0,0,1,0,0,0,0,3
Chhattisgarh,RAJNANDGAON,2013,0,2,0,0,0,0,0,0,1,5
Chhattisgarh,SARGUJA,2013,0,2,0,0,0,0,0,0,0,0
Chhattisgarh,SUKMA,2013,0,0,0,0,0,0,1,0,0,0
Chhattisgarh,SURAJPUR,2013,0,3,1,0,0,0,2,0,0,4
Chhattisgarh,TOTAL,2013,6,55,7,0,1,1,49,0,2,121
Goa,NORTH GOA,2013,0,0,0,0,0,0,0,1,2,8
Goa,SOUTH GOA,2013,0,0,0,0,0,0,0,0,1,0
Goa,TOTAL,2013,0,0,0,0,0,0,0,1,3,8
Gujarat,AHMEDABAD COMMR.,2013,3,11,14,2,2,0,11,0,23,22
Gujarat,AHMEDABAD RURAL,2013,1,2,1,1,0,0,29,0,43,30
Gujarat,AHWA-DANG,2013,0,0,0,0,0,0,0,0,0,0
Gujarat,AMRELI,2013,1,1,0,0,0,0,3,0,2,19
Gujarat,ANAND,2013,1,1,2,0,0,3,3,0,21,18
Gujarat,BHARUCH,2013,0,0,1,0,0,0,1,0,11,2
Gujarat,BHAVNAGAR,2013,0,3,4,1,3,1,8,0,15,51
Gujarat,CID CRIME,2013,0,0,0,0,0,0,0,0,0,0
Gujarat,DAHOD,2013,0,1,0,0,0,0,0,0,2,0
Gujarat,GANDHINAGAR,2013,0,4,4,0,1,0,22,0,0,8
Gujarat,HIMATNAGAR,2013,0,2,1,0,0,1,2,0,0,20
Gujarat,JAMNAGAR,2013,1,5,1,1,0,0,12,0,4,17
Gujarat,JUNAGADH,2013,3,3,0,0,2,1,15,0,8,74
Gujarat,KHEDA NORTH,2013,1,1,2,0,0,1,3,0,14,10
Gujarat,KUTCH (EAST(G)),2013,5,6,3,1,0,0,6,0,3,43
Gujarat,KUTCH (WEST-BHUJ),2013,0,2,0,0,1,0,5,0,2,18
Gujarat,MEHSANA,2013,2,7,1,2,0,1,46,0,0,10
Gujarat,NARMADA,2013,0,0,0,0,0,0,0,0,0,0
Gujarat,NAVSARI,2013,0,0,0,0,0,0,0,0,0,8
Gujarat,PALANPUR,2013,1,3,1,0,1,1,23,0,25,3
Gujarat,PANCHMAHAL,2013,4,2,0,0,1,0,17,0,7,0
Gujarat,PATAN,2013,0,3,0,0,1,1,8,0,0,61
Gujarat,PORBANDAR,2013,1,0,0,0,0,0,1,0,4,5
Gujarat,RAJKOT COMMR.,2013,1,4,0,0,1,0,2,0,0,10
Gujarat,RAJKOT RURAL,2013,2,7,0,0,1,0,37,0,0,17
Gujarat,SURAT COMMR.,2013,0,1,0,0,0,0,1,0,12,3
Gujarat,SURAT RURAL,2013,1,1,0,0,0,0,2,0,1,0
Gujarat,SURENDRANAGAR,2013,1,4,2,1,2,0,10,0,5,48
Gujarat,TAPI,2013,0,0,0,0,0,0,0,0,0,0
Gujarat,VADODARA COMMR.,2013,0,1,1,0,0,0,3,0,3,23
Gujarat,VADODARA RURAL,2013,0,0,0,0,0,0,3,0,6,6
Gujarat,VALSAD,2013,0,0,0,0,0,0,0,0,0,2
Gujarat,W.RLY AHMEDABAD,2013,0,0,0,0,0,0,0,0,1,0
Gujarat,W.RLY VADODARA,2013,0,0,0,0,0,0,0,0,0,0
Gujarat,TOTAL,2013,29,75,38,9,16,10,273,0,212,528
Haryana,AMBALA RURAL,2013,0,0,0,0,0,0,0,0,0,5
Haryana,AMBALA URBAN,2013,1,10,1,0,0,0,0,0,1,8
Haryana,BHIWANI,2013,3,14,4,0,0,0,1,0,1,21
Haryana,FARIDABAD,2013,0,5,3,0,0,0,0,0,1,22
Haryana,FATEHABAD,2013,0,5,1,0,0,0,0,0,0,10
Haryana,GRP,2013,0,0,2,0,0,0,0,0,0,1
Haryana,GURGAON,2013,1,7,1,0,0,0,0,0,1,17
Haryana,HISSAR,2013,1,6,2,0,0,0,0,0,4,13
Haryana,I&P HARYANA,2013,0,0,0,0,0,0,0,0,0,0
Haryana,JHAJJAR,2013,0,1,3,0,0,0,0,0,0,12
Haryana,JIND,2013,1,4,1,0,1,1,2,0,1,10
Haryana,KAITHAL,2013,0,5,2,1,0,0,1,0,0,6
Haryana,KARNAL,2013,1,11,4,0,0,1,1,0,1,33
Haryana,KURUKSHETRA,2013,2,2,2,0,0,0,0,0,0,10
Haryana,MAHENDRAGARH,2013,5,6,1,0,0,0,2,0,1,19
Haryana,MEWAT,2013,0,2,0,0,1,0,0,0,0,8
Haryana,PALWAL,2013,1,8,0,0,0,0,2,0,0,14
Haryana,PANCHKULA,2013,0,2,0,0,0,0,0,0,0,0
Haryana,PANIPAT,2013,1,2,0,0,0,0,0,0,1,3
Haryana,REWARI,2013,1,11,2,0,0,0,0,0,0,25
Haryana,ROHTAK,2013,4,10,5,0,0,0,0,0,0,9
Haryana,SIRSA,2013,0,12,2,0,0,0,0,0,2,20
Haryana,SONIPAT,2013,0,3,0,0,0,0,0,0,0,2
Haryana,YAMUNANAGAR,2013,0,5,1,0,0,0,0,0,0,7
Haryana,TOTAL,2013,22,131,37,1,2,2,9,0,14,275
Himachal Pradesh,BADDIPOLICEDIST,2013,0,0,0,0,0,0,0,0,0,0
Himachal Pradesh,BILASPUR,2013,0,1,0,0,0,0,0,2,5,5
Himachal Pradesh,CHAMBA,2013,0,1,0,0,0,0,0,0,0,0
Himachal Pradesh,CID,2013,0,0,0,0,0,0,0,0,0,0
Himachal Pradesh,G.R.P.,2013,0,0,0,0,0,0,0,0,0,0
Himachal Pradesh,HAMIRPUR,2013,0,0,0,0,0,0,0,0,13,13
Himachal Pradesh,KANGRA,2013,0,0,0,0,0,0,0,0,15,0
Himachal Pradesh,KINNAUR,2013,0,0,0,0,0,0,0,2,0,0
Himachal Pradesh,KULLU,2013,0,0,0,0,0,0,0,0,5,0
Himachal Pradesh,LAHAUL-SPITI,2013,0,0,0,0,0,0,0,0,0,0
Himachal Pradesh,MANDI,2013,0,2,0,0,0,0,0,0,11,11
Himachal Pradesh,SHIMLA,2013,0,3,0,0,0,0,0,0,15,0
Himachal Pradesh,SIRMAUR,2013,0,6,0,0,0,0,0,0,5,5
Himachal Pradesh,SOLAN,2013,0,0,0,0,0,0,0,0,3,0
Himachal Pradesh,UNA,2013,0,5,0,0,0,0,0,0,10,10
Himachal Pradesh,TOTAL,2013,0,18,0,0,0,0,0,4,82,44
Jammu & Kashmir,ANANTNAG,2013,0,0,0,0,0,0,0,0,0,0
Jammu & Kashmir,AWANTIPORA,2013,0,0,0,0,0,0,0,0,0,0
Jammu & Kashmir,BANDIPORA,2013,0,0,0,0,0,0,0,0,0,0
Jammu & Kashmir,BARAMULLA,2013,0,0,0,0,0,0,0,0,0,0
Jammu & Kashmir,BUDGAM,2013,0,0,0,0,0,0,0,0,0,0
Jammu & Kashmir,CRIME JAMMU,2013,0,0,0,0,0,0,0,0,0,0
Jammu & Kashmir,CRIME SRINAGAR,2013,0,0,0,0,0,0,0,0,0,0
Jammu & Kashmir,DODA,2013,0,0,0,0,0,0,0,0,0,0
Jammu & Kashmir,GANDERBAL,2013,0,0,0,0,0,0,0,0,0,0
Jammu & Kashmir,HANDWARA,2013,0,0,0,0,0,0,0,0,0,0
Jammu & Kashmir,JAMMU,2013,0,0,0,0,0,0,0,0,0,0
Jammu & Kashmir,KARGIL,2013,0,0,0,0,0,0,0,0,0,0
Jammu & Kashmir,KATHUA,2013,0,0,0,0,0,0,0,0,0,0
Jammu & Kashmir,KISHTWAR,2013,0,0,0,0,0,0,0,0,0,0
Jammu & Kashmir,KULGAM,2013,0,0,0,0,0,0,0,0,0,0
Jammu & Kashmir,KUPWARA,2013,0,0,0,0,0,0,0,0,0,0
Jammu & Kashmir,LEH,2013,0,0,0,0,0,0,0,0,0,0
Jammu & Kashmir,POONCH,2013,0,0,0,0,0,0,0,0,0,0
Jammu & Kashmir,PULWAMA,2013,0,0,0,0,0,0,0,0,0,0
Jammu & Kashmir,RAILWAYS JAMMU,2013,0,0,0,0,0,0,0,0,0,0
Jammu & Kashmir,RAILWAYS KASHMIR,2013,0,0,0,0,0,0,0,0,0,0
Jammu & Kashmir,RAILWAYS KATRA,2013,0,0,0,0,0,0,0,0,0,0
Jammu & Kashmir,RAJOURI,2013,0,0,0,0,0,0,0,0,0,0
Jammu & Kashmir,RAMBAN,2013,0,0,0,0,0,0,0,0,0,0
Jammu & Kashmir,REASI,2013,0,0,0,0,0,0,0,0,0,0
Jammu & Kashmir,SAMBA,2013,0,0,0,0,0,0,0,0,0,0
Jammu & Kashmir,SHOPIAN,2013,0,0,0,0,0,0,0,0,0,0
Jammu & Kashmir,SOPORE,2013,0,0,0,0,0,0,0,0,0,0
Jammu & Kashmir,SRINAGAR,2013,0,0,0,0,0,0,0,0,0,0
Jammu & Kashmir,UDHAMPUR,2013,0,0,0,0,0,0,0,0,0,0
Jammu & Kashmir,TOTAL,2013,0,0,0,0,0,0,0,0,0,0
Jharkhand,BOKARO,2013,0,0,0,0,0,0,0,0,10,0
Jharkhand,CHAIBASA,2013,0,0,0,0,0,0,0,0,4,4
Jharkhand,CHATRA,2013,0,0,0,0,0,0,0,0,11,0
Jharkhand,DEOGHAR,2013,0,0,0,0,0,0,82,0,37,16
Jharkhand,DHANBAD,2013,0,0,0,0,0,1,10,0,65,54
Jharkhand,DHANBAD RLY.,2013,0,0,0,0,0,0,0,0,1,1
Jharkhand,DUMKA,2013,0,0,0,0,0,0,1,0,8,7
Jharkhand,GARHWA,2013,2,1,0,0,0,0,61,0,52,15
Jharkhand,GIRIDIH,2013,3,1,0,0,0,0,0,0,17,0
Jharkhand,GODDA,2013,0,0,0,0,0,0,0,0,18,0
Jharkhand,GUMLA,2013,0,1,3,0,0,0,0,0,2,0
Jharkhand,HAZARIBAGH,2013,0,2,0,0,0,0,12,0,35,22
Jharkhand,JAMSHEDPUR,2013,0,1,0,0,0,0,8,0,28,19
Jharkhand,JAMSHEDPUR RLY.,2013,0,0,0,0,0,0,0,0,0,0
Jharkhand,JAMTARA,2013,0,0,0,0,0,0,6,0,29,18
Jharkhand,KHUNTI,2013,0,0,0,0,0,0,0,0,0,0
Jharkhand,KODERMA,2013,0,0,0,0,0,0,30,0,72,42
Jharkhand,LATEHAR,2013,0,0,0,0,0,0,0,0,10,10
Jharkhand,LOHARDAGGA,2013,0,0,0,0,0,0,0,0,10,0
Jharkhand,PAKUR,2013,0,0,0,0,0,0,0,0,16,0
Jharkhand,PALAMU,2013,0,0,0,0,0,0,31,0,31,0
Jharkhand,RAMGARH,2013,0,0,0,0,0,0,10,0,18,4
Jharkhand,RANCHI,2013,0,0,0,0,0,0,4,0,3,0
Jharkhand,SAHEBGANJ,2013,1,0,1,0,0,0,11,0,0,2
Jharkhand,SARAIKELA,2013,0,0,0,0,0,0,2,0,2,0
Jharkhand,SIMDEGA,2013,0,0,0,0,0,0,0,0,0,0
Jharkhand,TOTAL,2013,6,6,4,0,0,1,268,0,479,214
Karnataka,BAGALKOT,2013,2,5,0,1,0,0,8,0,43,35
Karnataka,BANGALORE COMMR.,2013,2,2,0,0,0,0,10,1,128,3
Karnataka,BANGALORE RURAL,2013,3,6,2,0,0,0,37,0,70,22
Karnataka,BELGAUM,2013,1,4,0,0,0,0,0,0,50,0
Karnataka,BELLARY,2013,0,0,0,0,0,0,0,1,36,0
Karnataka,BIDAR,2013,1,1,0,0,0,0,0,1,22,0
Karnataka,BIJAPUR,2013,4,2,2,0,0,0,18,0,37,22
Karnataka,CBPURA,2013,1,2,0,0,0,0,0,0,53,48
Karnataka,CHAMARAJNAGAR,2013,0,0,0,0,0,0,0,0,14,20
Karnataka,CHICKMAGALUR,2013,1,4,0,1,0,0,11,0,41,24
Karnataka,CHITRADURGA,2013,1,2,1,0,0,1,11,7,29,11
Karnataka,DAKSHIN KANNADA,2013,0,3,0,0,0,0,0,0,31,1
Karnataka,DAVANAGERE,2013,1,2,0,0,0,0,10,0,36,20
Karnataka,DHARWAD COMMR.,2013,0,3,0,0,1,0,0,0,23,23
Karnataka,DHARWAD RURAL,2013,0,0,0,0,0,0,0,0,11,11
Karnataka,GADAG,2013,0,0,0,0,0,0,0,0,17,17
Karnataka,GULBARGA,2013,0,0,5,0,0,0,25,0,0,0
Karnataka,HASSAN,2013,0,0,0,0,0,0,0,0,69,69
Karnataka,HAVERI,2013,0,0,0,0,0,0,18,0,18,0
Karnataka,K.G.F.,2013,0,2,0,0,0,0,6,0,8,8
Karnataka,KODAGU,2013,2,1,0,0,0,0,9,0,14,0
Karnataka,KOLAR,2013,3,5,0,0,0,0,0,0,95,87
Karnataka,KOPPAL,2013,0,0,0,0,0,0,0,0,38,0
Karnataka,MANDYA,2013,1,1,0,0,0,0,0,1,68,68
Karnataka,MANGALORE CITY,2013,0,2,0,0,0,0,4,0,31,29
Karnataka,MYSORE COMMR.,2013,0,0,0,0,0,0,0,0,2,0
Karnataka,MYSORE RURAL,2013,0,1,0,0,0,0,0,0,31,61
Karnataka,RAICHUR,2013,3,3,0,0,0,0,0,0,58,52
Karnataka,RAILWAYS,2013,0,0,0,0,0,0,0,0,0,0
Karnataka,RAMANAGAR,2013,1,2,0,1,0,0,0,0,69,74
Karnataka,SHIMOGA,2013,2,9,0,0,0,0,10,0,53,47
Karnataka,TUMKUR,2013,1,2,1,0,1,0,70,0,89,12
Karnataka,UDUPI,2013,1,3,0,0,0,0,2,0,35,29
Karnataka,UTTAR KANNADA,2013,0,0,0,0,0,0,0,0,28,18
Karnataka,YADGIRI,2013,0,0,0,0,0,0,0,0,33,0
Karnataka,TOTAL,2013,31,67,11,3,2,1,249,11,1380,811
Kerala,ALAPUZHA,2013,0,0,0,0,0,0,14,0,14,6
Kerala,ERNAKULAM COMMR.,2013,0,4,0,0,0,0,8,0,3,22
Kerala,ERNAKULAM RURAL,2013,1,9,0,0,0,0,18,0,7,24
Kerala,IDUKKI,2013,0,3,0,0,0,0,15,0,4,8
Kerala,KANNUR,2013,0,3,0,0,0,0,18,0,3,5
Kerala,KASARGOD,2013,0,0,0,0,0,0,13,0,1,10
Kerala,KOLLAM COMMR.,2013,0,10,0,0,0,0,9,0,11,11
Kerala,KOLLAM RURAL,2013,0,12,1,0,0,0,28,0,2,22
Kerala,KOTTAYAM,2013,0,5,0,0,0,0,19,0,6,19
Kerala,KOZHIKODE COMMR.,2013,0,4,0,0,0,0,5,0,0,7
Kerala,KOZHIKODE RURAL,2013,0,5,1,0,0,0,22,0,2,23
Kerala,MALAPPURAM,2013,0,14,0,0,0,0,15,0,1,45
Kerala,PALAKKAD,2013,0,15,0,0,0,0,30,0,3,22
Kerala,PATHANAMTHITTA,2013,0,3,0,0,0,0,5,0,2,18
Kerala,RAILWAYS,2013,0,0,0,0,0,0,0,0,0,0
Kerala,THRISSUR COMMR.,2013,0,4,0,0,0,0,1,0,3,3
Kerala,THRISSUR RURAL,2013,0,4,0,0,0,0,5,0,2,16
Kerala,TRIVANDRUM COMMR.,2013,0,3,0,0,0,0,10,0,5,8
Kerala,TRIVANDRUM RURAL,2013,1,17,0,0,1,1,35,0,4,14
Kerala,WAYANADU,2013,0,0,0,0,0,0,5,0,0,4
Kerala,TOTAL,2013,2,115,2,0,1,1,275,0,73,287
Madhya Pradesh,AGAR,2013,3,4,1,0,0,2,34,0,0,2
Madhya Pradesh,ALIRAJPUR,2013,0,0,0,0,0,0,0,0,0,1
Madhya Pradesh,ANUPPUR,2013,0,8,1,0,0,0,1,0,0,9
Madhya Pradesh,ASHOK NAGAR,2013,0,7,0,0,1,1,26,0,0,22
Madhya Pradesh,BALAGHAT,2013,0,5,0,0,0,0,8,0,0,19
Madhya Pradesh,BARWANI,2013,0,2,1,0,0,0,3,0,0,4
Madhya Pradesh,BETUL,2013,3,6,1,0,0,0,26,0,0,22
Madhya Pradesh,BHIND,2013,1,7,0,0,0,0,7,0,0,18
Madhya Pradesh,BHOPAL,2013,1,15,3,0,0,1,0,0,0,46
Madhya Pradesh,BHOPAL RLY.,2013,1,1,0,0,0,0,0,0,0,0
Madhya Pradesh,BURHANPUR,2013,0,1,1,0,0,0,3,0,0,19
Madhya Pradesh,CHHATARPUR,2013,2,8,2,0,0,1,65,0,0,57
Madhya Pradesh,CHHINDWARA,2013,1,11,5,0,0,0,1,0,0,28
Madhya Pradesh,DAMOH,2013,1,5,1,0,0,0,15,0,0,17
Madhya Pradesh,DATIYA,2013,7,6,1,0,0,0,6,0,0,85
Madhya Pradesh,DEWAS,2013,1,5,0,0,0,0,2,0,0,38
Madhya Pradesh,DHAR,2013,0,3,1,0,0,0,8,0,0,10
Madhya Pradesh,DINDORI,2013,0,1,0,0,0,0,0,0,0,7
Madhya Pradesh,GUNA,2013,2,9,3,0,0,1,16,0,0,27
Madhya Pradesh,GWALIOR,2013,5,17,3,0,0,1,91,0,0,73
Madhya Pradesh,HARDA,2013,1,3,0,0,0,0,2,0,0,5
Madhya Pradesh,HOSHANGABAD,2013,4,9,3,0,0,0,32,0,0,28
Madhya Pradesh,INDORE,2013,4,20,1,0,0,0,0,0,0,57
Madhya Pradesh,INDORE RLY.,2013,0,0,0,0,0,0,0,0,0,0
Madhya Pradesh,JABALPUR,2013,5,19,4,0,0,0,22,0,1,48
Madhya Pradesh,JABALPUR RLY.,2013,2,0,0,0,0,0,0,0,0,0
Madhya Pradesh,JHABUA,2013,0,0,0,0,0,0,0,0,0,0
Madhya Pradesh,KATNI,2013,1,3,0,0,0,0,1,0,0,16
Madhya Pradesh,KHANDWA,2013,1,2,0,0,0,0,1,0,0,20
Madhya Pradesh,KHARGON,2013,1,9,2,0,0,0,11,0,0,17
Madhya Pradesh,MANDLA,2013,0,1,0,0,0,0,1,0,0,7
Madhya Pradesh,MANDSAUR,2013,1,4,4,0,0,0,18,0,0,20
Madhya Pradesh,MORENA,2013,1,8,3,0,0,0,7,0,0,158
Madhya Pradesh,NARSINGHPUR,2013,0,14,2,0,0,0,58,0,0,26
Madhya Pradesh,NEEMUCH,2013,0,5,0,0,0,1,16,0,0,21
Madhya Pradesh,PANNA,2013,1,5,1,0,0,0,0,0,0,13
Madhya Pradesh,RAISEN,2013,0,11,4,0,0,1,43,0,0,44
Madhya Pradesh,RAJGARH,2013,4,18,3,0,0,2,43,0,0,42
Madhya Pradesh,RATLAM,2013,1,13,0,0,0,0,18,0,0,19
Madhya Pradesh,REWA,2013,2,9,0,0,0,0,8,0,0,33
Madhya Pradesh,SAGAR,2013,5,15,2,0,0,2,90,0,0,52
Madhya Pradesh,SATNA,2013,3,14,0,0,0,1,6,0,0,42
Madhya Pradesh,SEONI,2013,1,3,2,0,0,1,8,0,0,12
Madhya Pradesh,SHAHDOL,2013,1,8,1,0,0,0,2,0,0,11
Madhya Pradesh,SHAJAPUR,2013,1,7,1,0,0,0,21,0,1,15
Madhya Pradesh,SHEOPUR,2013,0,3,0,0,0,0,22,0,0,13
Madhya Pradesh,SHIVPURI,2013,3,15,3,0,0,5,9,0,0,60
Madhya Pradesh,SIDHI,2013,0,4,2,0,0,0,2,0,0,11
Madhya Pradesh,SIHORE,2013,1,15,0,0,0,1,31,0,0,21
Madhya Pradesh,SINGRAULI,2013,0,2,1,0,0,0,0,0,0,6
Madhya Pradesh,TIKAMGARH,2013,0,5,3,0,0,1,21,0,0,14
Madhya Pradesh,UJJAIN,2013,2,11,4,0,0,1,0,0,0,105
Madhya Pradesh,UMARIYA,2013,0,1,0,0,0,2,1,0,0,3
Madhya Pradesh,VIDISHA,2013,3,20,2,0,0,0,11,0,0,111
Madhya Pradesh,TOTAL,2013,77,397,72,0,1,25,817,0,2,1554
Maharashtra,AHMEDNAGAR,2013,5,8,2,0,0,2,7,0,0,61
Maharashtra,AKOLA,2013,0,3,1,1,0,0,2,0,7,18
Maharashtra,AMRAVATI COMMR.,2013,0,1,0,0,0,0,0,0,5,4
Maharashtra,AMRAVATI RURAL,2013,0,5,0,0,0,0,2,2,12,18
Maharashtra,AURANGABAD COMMR.,2013,0,3,1,1,0,0,1,0,1,3
Maharashtra,AURANGABAD RURAL,2013,0,6,1,0,0,1,2,0,9,24
Maharashtra,BEED,2013,1,11,0,0,2,0,7,0,1,61
Maharashtra,BHANDARA,2013,2,5,0,0,0,0,1,0,2,14
Maharashtra,BULDHANA,2013,3,5,0,0,0,0,5,0,5,26
Maharashtra,CHANDRAPUR,2013,0,7,0,0,1,0,0,0,0,11
Maharashtra,DHULE,2013,3,2,1,2,3,0,1,0,3,17
Maharashtra,GADCHIROLI,2013,0,0,0,0,1,0,1,0,1,3
Maharashtra,GONDIA,2013,1,5,1,0,0,0,2,1,10,13
Maharashtra,HINGOLI,2013,0,3,1,0,0,1,6,0,0,21
Maharashtra,JALGAON,2013,0,4,2,1,1,0,7,0,13,30
Maharashtra,JALNA,2013,5,3,3,1,0,0,22,0,0,43
Maharashtra,KOLHAPUR,2013,1,3,1,2,3,0,10,0,16,17
Maharashtra,LATUR,2013,0,3,2,2,1,0,6,0,14,29
Maharashtra,MUMBAI COMMR.,2013,0,2,0,0,0,0,1,2,9,16
Maharashtra,MUMBAI RLY.,2013,0,0,0,0,0,0,0,0,1,0
Maharashtra,NAGPUR COMMR.,2013,0,8,0,0,0,0,1,0,1,14
Maharashtra,NAGPUR RLY.,2013,0,0,0,0,0,0,0,0,0,0
Maharashtra,NAGPUR RURAL,2013,0,7,0,0,0,0,1,0,1,14
Maharashtra,NANDED,2013,3,10,1,3,2,2,16,13,5,44
Maharashtra,NANDURBAR,2013,0,1,1,0,0,0,1,0,4,7
Maharashtra,NASIK COMMR.,2013,2,1,0,0,0,0,0,0,1,5
Maharashtra,NASIK RURAL,2013,3,2,1,4,1,0,3,0,8,24
Maharashtra,NAVI MUMBAI,2013,1,0,0,0,0,0,2,0,7,7
Maharashtra,OSMANABAD,2013,1,3,1,0,0,0,4,0,3,23
Maharashtra,PARBHANI,2013,4,2,4,3,3,1,25,1,23,31
Maharashtra,PUNE COMMR.,2013,0,7,0,0,0,0,3,0,21,13
Maharashtra,PUNE RLY.,2013,0,0,0,0,0,0,0,0,0,0
Maharashtra,PUNE RURAL,2013,2,11,0,1,0,1,6,0,3,67
Maharashtra,RAIGAD,2013,0,2,0,0,0,0,0,1,5,6
Maharashtra,RATNAGIRI,2013,0,0,0,0,0,0,0,0,7,3
Maharashtra,SANGLI,2013,0,3,1,0,0,0,4,0,10,9
Maharashtra,SATARA,2013,0,6,0,1,1,0,4,0,22,31
Maharashtra,SINDHUDURG,2013,0,1,0,0,0,0,1,0,5,1
Maharashtra,SOLAPUR COMMR.,2013,0,3,0,1,1,0,0,0,3,7
Maharashtra,SOLAPUR RURAL,2013,1,11,0,0,0,2,3,1,9,32
Maharashtra,THANE COMMR.,2013,0,5,0,1,1,0,1,0,16,14
Maharashtra,THANE RURAL,2013,1,1,0,0,0,0,3,0,0,14
Maharashtra,WARDHA,2013,0,4,4,0,0,0,1,0,4,6
Maharashtra,WASHIM,2013,0,1,2,0,0,0,1,0,0,44
Maharashtra,YAVATMAL,2013,1,11,2,2,1,0,4,0,10,58
Maharashtra,TOTAL,2013,40,179,33,26,22,10,167,21,277,903
Manipur,BISHNUPUR,2013,0,0,0,0,0,0,0,0,0,0
Manipur,CHANDEL,2013,0,0,0,0,0,0,0,0,0,0
Manipur,CHURACHANDPUR,2013,0,0,0,0,0,0,0,0,0,0
Manipur,CID,2013,0,0,0,0,0,0,0,0,0,0
Manipur,IMPHAL EAST,2013,0,0,0,0,0,0,0,0,0,0
Manipur,IMPHAL WEST,2013,0,0,0,0,0,0,0,0,0,0
Manipur,SENAPATI,2013,0,0,0,0,0,0,0,0,0,0
Manipur,TAMENGLONG,2013,0,0,0,0,0,0,0,0,0,0
Manipur,THOUBAL,2013,0,1,0,0,0,0,0,0,0,0
Manipur,UKHRUL,2013,0,0,0,0,0,0,0,0,0,0
Manipur,TOTAL,2013,0,1,0,0,0,0,0,0,0,0
Meghalaya,GARO HILLS EAST,2013,0,0,0,0,0,0,0,0,0,0
Meghalaya,GARO HILLS NORTH,2013,0,0,0,0,0,0,0,0,0,0
Meghalaya,GARO HILLS SOUTH,2013,0,0,0,0,0,0,0,0,0,0
Meghalaya,GARO HILLS SOUTH W.,2013,0,0,0,0,0,0,0,0,0,0
Meghalaya,GARO HILLS WEST,2013,0,0,0,0,0,0,0,0,0,0
Meghalaya,JAINTIA HILLS EAST,2013,0,0,0,0,0,0,0,0,0,0
Meghalaya,JAINTIA HILLS WEST,2013,0,0,0,0,0,0,0,0,0,0
Meghalaya,KHASI HILLS EAST,2013,0,0,0,0,0,0,0,0,0,0
Meghalaya,KHASI HILLS SOUTH W.,2013,0,0,0,0,0,0,0,0,0,0
Meghalaya,KHASI HILLS WEST,2013,0,0,0,0,0,0,0,0,0,0
Meghalaya,RI-BHOI,2013,0,0,0,0,0,0,0,0,0,0
Meghalaya,TOTAL,2013,0,0,0,0,0,0,0,0,0,0
Mizoram,AIZAWL,2013,0,0,0,0,0,0,0,0,0,0
Mizoram,CHAMPHAI,2013,0,0,0,0,0,0,0,0,0,0
Mizoram,KOLASIB,2013,0,0,0,0,0,0,0,0,0,0
Mizoram,LAWNGTLAI,2013,0,0,0,0,0,0,0,0,0,0
Mizoram,LUNGLEI,2013,0,0,0,0,0,0,0,0,0,0
Mizoram,MAMIT,2013,0,0,0,0,0,0,0,0,0,0
Mizoram,SAIHA,2013,0,0,0,0,0,0,0,0,0,0
Mizoram,SERCHHIP,2013,0,0,0,0,0,0,0,0,0,0
Mizoram,SPL NARCOTIC,2013,0,0,0,0,0,0,0,0,0,0
Mizoram,TRAFFIC PS,2013,0,0,0,0,0,0,0,0,0,0
Mizoram,TOTAL,2013,0,0,0,0,0,0,0,0,0,0
Nagaland,DIMAPUR,2013,0,0,0,0,0,0,0,0,0,0
Nagaland,KIPHIRE,2013,0,0,0,0,0,0,0,0,0,0
Nagaland,KOHIMA,2013,0,0,0,0,0,0,0,0,0,0
Nagaland,LONGLENG,2013,0,0,0,0,0,0,0,0,0,0
Nagaland,MOKOKCHUNG,2013,0,0,0,0,0,0,0,0,0,0
Nagaland,MON,2013,0,0,0,0,0,0,0,0,0,0
Nagaland,PEREN,2013,0,0,0,0,0,0,0,0,0,0
Nagaland,PHEK,2013,0,0,0,0,0,0,0,0,0,0
Nagaland,TUENSANG,2013,0,0,0,0,0,0,0,0,0,0
Nagaland,WOKHA,2013,0,0,0,0,0,0,0,0,0,0
Nagaland,ZUNHEBOTO,2013,0,0,0,0,0,0,0,0,0,0
Nagaland,TOTAL,2013,0,0,0,0,0,0,0,0,0,0
Odisha,ANGUL,2013,1,0,0,0,0,0,42,0,59,0
Odisha,BALASORE,2013,1,9,5,0,0,0,112,0,159,0
Odisha,BARAGARH,2013,0,2,0,0,0,0,21,0,42,0
Odisha,BERHAMPUR,2013,0,5,0,1,0,0,0,0,30,0
Odisha,BHADRAK,2013,0,4,0,0,0,1,15,0,129,0
Odisha,BOLANGIR,2013,1,1,0,0,0,0,0,0,47,0
Odisha,BOUDH,2013,0,1,0,0,0,2,27,0,28,0
Odisha,CUTTACK,2013,1,5,9,0,0,0,42,0,103,0
Odisha,DCP BBSR,2013,0,4,0,0,0,0,16,0,79,0
Odisha,DCP CTC,2013,0,1,0,0,0,0,4,0,31,0
Odisha,DEOGARH,2013,0,2,0,0,0,0,0,0,13,0
Odisha,DHENKANAL,2013,2,2,0,0,0,1,13,0,128,0
Odisha,GAJAPATI,2013,0,1,0,0,0,0,4,0,4,0
Odisha,GANJAM,2013,3,6,2,0,0,2,43,0,70,0
Odisha,JAGATSINGHPUR,2013,3,3,0,0,0,3,0,0,114,0
Odisha,JAJPUR,2013,1,5,0,0,0,1,74,0,81,0
Odisha,JHARSUGUDA,2013,0,2,0,0,0,0,15,0,16,0
Odisha,KALAHANDI,2013,1,3,0,0,0,0,0,0,47,0
Odisha,KANDHAMAL,2013,0,5,2,0,0,0,15,0,18,0
Odisha,KENDRAPARA,2013,1,5,0,0,0,2,35,0,115,0
Odisha,KEONJHAR,2013,0,3,0,0,0,0,25,0,28,0
Odisha,KHURDA,2013,1,1,0,0,0,4,0,0,79,0
Odisha,KORAPUT,2013,0,0,0,0,0,0,0,0,11,0
Odisha,MALKANGIR,2013,0,0,0,0,0,0,0,0,2,0
Odisha,MAYURBHANJ,2013,0,2,0,0,0,0,15,0,25,0
Odisha,NAYAGARH,2013,0,5,0,0,0,1,54,0,60,0
Odisha,NOWRANGPUR,2013,0,1,0,0,0,0,4,0,9,0
Odisha,NUAPADA,2013,0,1,2,0,0,0,18,0,21,0
Odisha,PURI,2013,3,9,0,0,0,3,21,0,142,0
Odisha,RAYAGADA,2013,0,5,0,0,0,0,8,0,15,0
Odisha,ROURKELA,2013,0,2,0,0,0,0,0,0,14,0
Odisha,SAMBALPUR,2013,0,2,2,0,0,0,19,0,40,0
Odisha,SONEPUR,2013,0,2,0,0,0,0,2,0,16,0
Odisha,SRP(CUTTACK),2013,0,0,0,0,0,0,0,0,2,0
Odisha,SRP(ROURKELA),2013,0,0,0,0,0,0,0,0,3,0
Odisha,SUNDARGARH,2013,0,0,0,0,0,0,2,0,5,0
Odisha,TOTAL,2013,19,99,22,1,0,20,646,0,1785,0
Punjab,AMRITSAR RURAL,2013,0,4,2,0,0,0,5,0,1,9
Punjab,BARNALA,2013,0,0,0,0,0,0,2,0,0,1
Punjab,BATALA,2013,0,2,0,0,0,0,1,0,0,0
Punjab,BHATINDA,2013,0,1,0,0,0,0,1,0,1,2
Punjab,CP AMRITSAR,2013,0,0,0,0,0,0,1,0,0,0
Punjab,CP JALANDHAR,2013,0,0,0,0,0,0,0,0,0,0
Punjab,CP LUDHIANA,2013,0,1,0,0,0,0,5,0,0,0
Punjab,FARIDKOT,2013,0,1,0,0,0,0,0,0,0,1
Punjab,FATEHGARH SAHIB,2013,0,2,0,0,0,0,2,0,0,0
Punjab,FAZILKA,2013,0,0,0,0,0,0,0,0,0,0
Punjab,FEROZPUR,2013,0,0,1,0,0,0,4,0,1,2
Punjab,G.R.P,2013,0,0,0,0,0,0,0,0,0,0
Punjab,GURDASPUR,2013,0,0,0,0,0,0,1,0,0,0
Punjab,HOSHIARPUR,2013,3,0,0,0,0,0,2,0,0,2
Punjab,JALANDHAR RURAL,2013,1,1,0,0,0,0,2,0,1,3
Punjab,KAPURTHALA,2013,1,0,0,0,0,0,0,0,1,2
Punjab,KHANNA,2013,0,1,0,0,0,0,0,0,0,3
Punjab,LUDHIANA RURAL,2013,0,0,0,0,0,0,1,0,1,4
Punjab,MANSA,2013,0,2,0,0,0,0,0,0,0,0
Punjab,MOGA,2013,1,4,2,0,0,0,2,0,1,3
Punjab,MUKTSAR,2013,1,0,3,0,0,0,1,0,1,2
Punjab,PATHANKOT,2013,0,0,0,0,0,0,0,0,0,0
Punjab,PATIALA,2013,0,0,0,0,0,0,0,0,4,2
Punjab,ROPAR,2013,0,1,0,0,0,0,0,0,0,0
Punjab,SANGRUR,2013,0,0,0,0,0,0,0,0,0,0
Punjab,SAS NGR,2013,0,0,0,0,0,0,1,0,0,1
Punjab,SBS NAGAR,2013,0,0,0,0,0,0,1,0,1,1
Punjab,TARN TARAN,2013,0,2,0,0,0,0,5,0,0,1
Punjab,TOTAL,2013,7,22,8,0,0,0,37,0,13,39
Rajasthan,AJMER,2013,2,3,2,0,0,1,9,0,8,243
Rajasthan,ALWAR,2013,8,38,0,0,0,4,2,0,7,549
Rajasthan,BANSWARA,2013,0,1,0,0,0,0,0,0,1,12
Rajasthan,BARAN,2013,0,4,6,0,0,0,8,0,3,83
Rajasthan,BARMER,2013,2,2,0,0,0,2,0,0,0,177
Rajasthan,BHARATPUR,2013,1,10,0,0,0,4,5,0,2,467
Rajasthan,BHILWARA,2013,0,3,0,0,0,1,0,0,5,154
Rajasthan,BIKANER,2013,5,12,0,0,0,2,10,0,2,234
Rajasthan,BUNDI,2013,1,5,1,0,0,0,2,0,5,84
Rajasthan,CHITTORGARH,2013,0,8,1,0,0,0,0,0,5,88
Rajasthan,CHURU,2013,7,16,0,0,0,0,142,0,1,41
Rajasthan,DAUSA,2013,0,1,0,0,0,0,0,0,1,128
Rajasthan,DHOLPUR,2013,4,5,6,0,0,0,56,0,0,145
Rajasthan,DISCOM,2013,0,0,0,0,0,0,0,0,0,0
Rajasthan,DUNGARPUR,2013,0,0,0,0,0,0,0,0,1,4
Rajasthan,G.R.P.AJMER,2013,0,0,0,0,0,0,0,0,0,0
Rajasthan,G.R.P.JODHPUR,2013,0,0,0,0,0,0,0,0,1,1
Rajasthan,GANGANAGAR,2013,3,33,6,0,0,1,30,0,11,357
Rajasthan,HANUMANGARH,2013,5,26,6,0,0,0,16,0,9,254
Rajasthan,JAIPUR EAST,2013,0,4,0,0,0,0,0,0,0,65
Rajasthan,JAIPUR NORTH,2013,0,3,0,0,0,0,1,0,1,31
Rajasthan,JAIPUR RURAL,2013,3,19,0,0,0,3,0,0,6,185
Rajasthan,JAIPUR SOUTH,2013,0,1,0,0,0,0,0,0,2,58
Rajasthan,JAIPUR WEST,2013,1,5,0,0,0,0,0,0,1,114
Rajasthan,JAISALMER,2013,2,0,0,0,0,0,0,0,0,65
Rajasthan,JALORE,2013,2,5,0,0,0,0,0,0,0,116
Rajasthan,JHALAWAR,2013,1,11,4,0,1,1,1,0,3,124
Rajasthan,JHUNJHUNU,2013,2,6,0,0,0,1,2,0,1,159
Rajasthan,JODHPUR EAST,2013,3,1,3,0,0,0,6,0,3,43
Rajasthan,JODHPUR RURAL,2013,3,4,1,0,0,0,124,0,3,10
Rajasthan,JODHPUR WEST,2013,0,4,0,0,0,0,12,0,2,29
Rajasthan,KARAULI,2013,2,7,0,0,0,2,0,0,1,137
Rajasthan,KOTA CITY,2013,2,9,0,0,0,0,5,0,2,52
Rajasthan,KOTA RURAL,2013,0,5,0,0,0,0,2,0,0,47
Rajasthan,NAGAUR,2013,6,9,5,0,0,0,4,0,3,238
Rajasthan,PALI,2013,1,2,2,0,0,1,1,0,2,259
Rajasthan,PRATAPGARH,2013,0,1,2,0,0,0,19,0,1,14
Rajasthan,RAJSAMAND,2013,0,2,2,0,0,1,13,0,1,27
Rajasthan,SAWAI MADHOPUR,2013,2,4,0,0,0,0,0,0,0,101
Rajasthan,SIKAR,2013,4,11,0,0,0,1,4,0,3,222
Rajasthan,SIROHI,2013,3,2,3,0,0,0,21,0,7,57
Rajasthan,TONK,2013,0,4,1,0,0,1,69,0,3,108
Rajasthan,UDAIPUR,2013,1,8,2,0,0,0,10,0,5,57
Rajasthan,TOTAL,2013,76,294,53,0,1,26,574,0,112,5339
Sikkim,EAST,2013,0,0,0,0,1,0,1,0,0,0
Sikkim,NORTH,2013,0,0,0,0,0,0,0,0,0,0
Sikkim,SOUTH,2013,0,0,2,0,0,0,2,0,0,0
Sikkim,WEST,2013,0,0,0,0,0,0,0,0,0,0
Sikkim,TOTAL,2013,0,0,2,0,1,0,3,0,0,0
Tamil Nadu,ARIYALUR,2013,0,0,0,0,0,0,0,0,19,6
Tamil Nadu,CHENNAI,2013,0,0,0,0,0,0,0,1,7,0
Tamil Nadu,CHENNAI RLY.,2013,0,0,0,0,0,0,0,0,0,0
Tamil Nadu,COIMBATORE RURAL,2013,0,0,0,0,0,0,7,0,35,0
Tamil Nadu,COIMBATORE URBAN,2013,0,0,0,0,0,0,0,0,8,0
Tamil Nadu,CUDDALORE,2013,0,0,0,0,0,1,0,0,47,0
Tamil Nadu,DHARMAPURI,2013,1,3,0,0,0,0,3,0,36,36
Tamil Nadu,DINDIGUL,2013,0,0,0,0,0,0,0,0,30,0
Tamil Nadu,ERODE,2013,2,1,1,0,0,0,1,0,27,0
Tamil Nadu,KANCHIPURAM,2013,0,0,0,0,0,0,1,0,26,0
Tamil Nadu,KANYAKUMARI,2013,0,0,0,0,0,0,0,0,4,0
Tamil Nadu,KARUR,2013,0,0,0,0,0,0,0,0,10,0
Tamil Nadu,KRISHNAGIRI,2013,0,0,0,0,0,0,0,0,20,0
Tamil Nadu,MADURAI RURAL,2013,3,5,3,0,1,1,95,0,177,1
Tamil Nadu,MADURAI URBAN,2013,2,0,0,0,0,0,2,0,3,25
Tamil Nadu,NAGAPATTINAM,2013,0,0,0,0,0,0,0,0,26,0
Tamil Nadu,NAMAKKAL,2013,0,0,0,0,2,0,0,0,46,0
Tamil Nadu,NILGIRIS,2013,0,1,0,0,0,0,0,0,3,3
Tamil Nadu,PERAMBALUR,2013,1,0,0,0,0,0,2,0,5,0
Tamil Nadu,PUDUKOTTAI,2013,0,0,0,0,0,0,0,0,66,0
Tamil Nadu,RAMNATHAPURAM,2013,2,1,0,0,4,1,6,0,38,25
Tamil Nadu,SALEM RURAL,2013,0,0,0,0,0,0,1,0,20,0
Tamil Nadu,SALEM URBAN,2013,0,0,0,0,0,0,0,0,4,0
Tamil Nadu,SIVAGANGAI,2013,0,2,0,0,0,0,4,0,44,0
Tamil Nadu,THANJAVUR,2013,2,1,0,0,0,1,4,0,58,27
Tamil Nadu,THENI,2013,0,0,0,0,0,0,0,0,43,7
Tamil Nadu,THIRUNELVELI RURAL,2013,8,6,1,0,0,0,38,0,135,5
Tamil Nadu,THIRUNELVELI URBAN,2013,0,0,0,0,0,0,2,0,29,0
Tamil Nadu,THIRUVALLUR,2013,0,0,0,0,0,0,0,0,18,0
Tamil Nadu,THIRUVANNAMALAI,2013,0,0,0,0,0,0,0,0,52,0
Tamil Nadu,THIRUVARUR,2013,0,3,0,0,0,0,0,0,35,0
Tamil Nadu,THOOTHUGUDI,2013,1,2,0,0,0,0,13,0,55,0
Tamil Nadu,TIRUPPUR,2013,0,1,0,0,0,0,0,0,44,0
Tamil Nadu,TRICHY RLY.,2013,0,0,0,0,0,0,0,0,0,0
Tamil Nadu,TRICHY RURAL,2013,1,0,0,0,0,0,2,0,36,0
Tamil Nadu,TRICHY URBAN,2013,1,0,0,0,0,0,0,0,0,1
Tamil Nadu,VELLORE,2013,1,1,0,0,0,0,0,0,70,0
Tamil Nadu,VILLUPURAM,2013,0,0,0,0,0,2,62,0,0,0
Tamil Nadu,VIRUDHUNAGAR,2013,3,1,0,0,3,0,17,0,58,37
Tamil Nadu,TOTAL,2013,28,28,5,0,10,6,260,1,1334,173
Tripura,DHALAI,2013,0,0,0,0,0,0,0,0,0,0
Tripura,GOMATI,2013,0,1,0,0,0,0,0,0,0,3
Tripura,GRP,2013,0,0,0,0,0,0,0,0,0,0
Tripura,KHOWAI,2013,1,0,0,0,0,0,3,0,0,10
Tripura,NORTH,2013,0,0,0,0,0,0,0,0,0,0
Tripura,SIPAHIJALA,2013,0,0,0,0,0,0,0,0,0,0
Tripura,SOUTH,2013,1,2,1,0,0,0,10,0,0,14
Tripura,UNAKOTI,2013,0,0,0,0,0,0,0,0,0,0
Tripura,WEST,2013,1,0,0,0,0,0,0,0,0,1
Tripura,TOTAL,2013,3,3,1,0,0,0,13,0,0,28
Uttar Pradesh,AGRA,2013,5,8,9,0,0,0,12,0,0,87
Uttar Pradesh,ALIGARH,2013,5,14,4,0,0,0,6,0,0,119
Uttar Pradesh,ALLAHABAD,2013,9,15,6,0,0,1,18,0,0,185
Uttar Pradesh,AMBEDKAR NAGAR,2013,0,1,0,0,0,0,0,0,39,0
Uttar Pradesh,AMETHI,2013,1,10,0,0,0,1,2,0,127,2
Uttar Pradesh,AMROHA,2013,1,2,5,0,0,0,0,0,0,42
Uttar Pradesh,AURAIYA,2013,1,6,3,0,0,0,0,0,0,65
Uttar Pradesh,AZAMGARH,2013,2,4,9,0,0,1,11,0,0,80
Uttar Pradesh,BADAUN,2013,5,5,4,0,0,0,11,0,0,36
Uttar Pradesh,BAGHPAT,2013,1,1,2,0,0,0,1,0,0,15
Uttar Pradesh,BAHRAICH,2013,0,4,0,0,0,0,0,0,166,0
Uttar Pradesh,BALLIA,2013,3,3,5,0,0,1,1,0,31,50
Uttar Pradesh,BALRAMPUR,2013,1,1,2,0,0,0,1,0,39,0
Uttar Pradesh,BANDA,2013,4,9,7,0,0,1,6,0,62,95
Uttar Pradesh,BARABANKI,2013,2,7,0,0,0,1,0,0,0,185
Uttar Pradesh,BAREILLY,2013,5,13,19,0,0,1,3,0,66,83
Uttar Pradesh,BASTI,2013,0,4,3,0,0,0,1,0,0,52
Uttar Pradesh,BIJNOR,2013,3,8,3,0,0,0,0,0,0,52
Uttar Pradesh,BULANDSHAHAR,2013,9,10,5,0,0,1,1,0,0,80
Uttar Pradesh,CHANDOLI,2013,1,3,0,0,0,0,0,0,58,9
Uttar Pradesh,CHITRAKOOT DHAM,2013,0,3,0,0,0,0,0,0,58,12
Uttar Pradesh,DEORIA,2013,1,5,12,0,0,0,2,0,0,83
Uttar Pradesh,ETAH,2013,2,3,0,0,0,0,10,0,0,54
Uttar Pradesh,ETAWAH,2013,4,4,5,0,0,0,0,0,0,32
Uttar Pradesh,FAIZABAD,2013,3,2,3,0,0,0,0,0,54,0
Uttar Pradesh,FATEHGARH,2013,2,1,2,0,0,0,0,0,0,68
Uttar Pradesh,FATEHPUR,2013,2,10,7,0,0,2,10,0,0,82
Uttar Pradesh,FIROZABAD,2013,4,3,14,0,0,1,6,0,0,80
Uttar Pradesh,G.R.P.,2013,0,0,0,0,0,0,0,0,0,2
Uttar Pradesh,GAUTAMBUDH NAGAR,2013,4,4,3,0,0,0,2,0,0,41
Uttar Pradesh,GHAZIABAD,2013,5,9,5,0,1,0,4,0,0,60
Uttar Pradesh,GHAZIPUR,2013,2,5,4,1,0,1,7,0,57,11
Uttar Pradesh,GONDA,2013,1,4,1,0,0,0,6,0,115,0
Uttar Pradesh,GORAKHPUR,2013,6,16,11,0,0,0,1,0,178,0
Uttar Pradesh,HAMIRPUR,2013,2,4,0,0,0,2,5,0,43,43
Uttar Pradesh,HAPUR,2013,3,2,4,0,0,0,0,0,0,18
Uttar Pradesh,HARDOI,2013,2,3,6,0,0,1,25,0,52,104
Uttar Pradesh,HATHRAS,2013,3,6,2,0,0,0,5,0,0,43
Uttar Pradesh,JALAUN,2013,4,1,5,0,0,0,0,0,11,42
Uttar Pradesh,JAUNPUR,2013,2,5,4,0,0,0,3,0,71,18
Uttar Pradesh,JHANSI,2013,10,4,10,0,0,0,1,0,60,4
Uttar Pradesh,KANNAUJ,2013,2,2,6,0,0,0,2,0,0,50
Uttar Pradesh,KANPUR DEHAT,2013,6,5,3,0,0,1,6,0,0,48
Uttar Pradesh,KANPUR NAGAR,2013,11,6,12,0,0,0,10,0,0,134
Uttar Pradesh,KASGANJ,2013,0,3,0,0,0,0,2,0,0,23
Uttar Pradesh,KAUSHAMBI,2013,0,3,4,0,0,0,9,0,0,45
Uttar Pradesh,KHIRI,2013,8,12,0,0,0,0,22,0,47,40
Uttar Pradesh,KUSHI NAGAR,2013,2,1,1,0,0,0,14,0,0,56
Uttar Pradesh,LALITPUR,2013,2,0,0,0,0,0,0,0,20,22
Uttar Pradesh,LUCKNOW,2013,9,12,8,0,0,0,4,0,99,116
Uttar Pradesh,MAHARAJGANJ,2013,1,1,3,0,0,1,1,0,15,29
Uttar Pradesh,MAHOBA,2013,2,9,3,0,0,2,0,0,25,21
Uttar Pradesh,MAINPURI,2013,4,3,1,0,0,0,1,0,0,56
Uttar Pradesh,MATHURA,2013,3,5,0,0,0,0,4,0,0,89
Uttar Pradesh,MAU,2013,2,2,1,0,0,1,0,0,0,35
Uttar Pradesh,MEERUT,2013,9,9,5,0,0,0,9,0,0,49
Uttar Pradesh,MIRZAPUR,2013,2,0,0,0,0,0,0,0,24,0
Uttar Pradesh,MORADABAD,2013,2,3,1,0,0,0,0,0,2,28
Uttar Pradesh,MUZAFFARNAGAR,2013,2,4,0,0,0,0,3,0,0,27
Uttar Pradesh,PILIBHIT,2013,2,2,7,0,0,0,0,0,0,91
Uttar Pradesh,PRATAPGARH,2013,2,11,8,0,1,2,26,0,0,142
Uttar Pradesh,RAIBAREILLY,2013,1,13,10,0,0,0,6,0,43,60
Uttar Pradesh,RAMPUR,2013,1,2,2,0,0,0,0,0,0,24
Uttar Pradesh,SAHARANPUR,2013,5,5,4,0,0,0,3,0,0,20
Uttar Pradesh,SAMBHAL,2013,1,2,8,0,1,0,1,0,0,36
Uttar Pradesh,SANT KABIRNAGAR,2013,1,2,3,0,0,0,0,0,0,57
Uttar Pradesh,SHAHJAHANPUR,2013,3,4,3,0,0,0,1,0,0,59
Uttar Pradesh,SHAMLI,2013,3,2,1,1,0,0,1,0,0,10
Uttar Pradesh,SHRAWASTI,2013,2,4,0,0,0,0,0,0,57,0
Uttar Pradesh,SIDHARTHNAGAR,2013,0,3,4,0,0,0,0,0,22,0
Uttar Pradesh,SITAPUR,2013,6,12,8,0,0,1,5,0,0,335
Uttar Pradesh,SONBHADRA,2013,1,7,0,0,0,0,2,0,13,0
Uttar Pradesh,ST.RAVIDASNAGAR,2013,0,3,2,0,0,0,0,0,12,4
Uttar Pradesh,SULTANPUR,2013,1,2,2,0,0,4,8,0,51,47
Uttar Pradesh,UNNAO,2013,6,13,10,0,0,1,1,0,0,191
Uttar Pradesh,VARANASI,2013,0,2,0,0,0,1,0,0,130,0
Uttar Pradesh,TOTAL,2013,222,391,304,2,3,29,302,0,1847,3978
Uttarakhand,ALMORA,2013,0,0,0,0,0,0,0,0,2,0
Uttarakhand,BAGESHWAR,2013,0,1,0,0,0,0,0,0,0,0
Uttarakhand,CHAMOLI,2013,0,0,1,0,0,0,2,0,1,0
Uttarakhand,CHAMPAWAT,2013,0,0,0,0,0,0,1,0,0,0
Uttarakhand,DEHRADUN,2013,0,0,0,0,0,0,1,0,1,0
Uttarakhand,HARIDWAR,2013,0,1,0,0,0,0,0,0,0,0
Uttarakhand,NAINITAL,2013,1,1,0,0,0,0,0,0,0,0
Uttarakhand,PAURI GARHWAL,2013,0,0,0,0,0,0,2,0,2,0
Uttarakhand,PITHORAGARH,2013,0,0,0,0,0,0,0,0,3,0
Uttarakhand,RUDRA PRAYAG,2013,0,0,0,0,0,0,0,0,1,0
Uttarakhand,TEHRI GARHWAL,2013,0,0,0,0,0,0,0,0,0,0
Uttarakhand,UDHAMSINGH NAGAR,2013,4,4,3,0,0,0,1,0,0,0
Uttarakhand,UTTARKASHI,2013,0,0,0,0,0,0,1,0,0,0
Uttarakhand,TOTAL,2013,5,7,4,0,0,0,8,0,10,0
West Bengal,24 PARGANAS NORTH,2013,0,0,0,0,0,0,0,0,0,4
West Bengal,24 PARGANAS SOUTH,2013,0,0,0,0,0,0,0,0,1,0
West Bengal,ASANSOL,2013,0,0,1,0,0,0,0,0,5,3
West Bengal,BANKURA,2013,0,0,0,0,0,0,0,0,0,4
West Bengal,BDN CP,2013,0,0,0,0,0,0,0,0,0,0
West Bengal,BIRBHUM,2013,0,1,0,0,0,1,0,0,0,2
West Bengal,BKP CP,2013,0,0,0,0,0,0,0,0,1,5
West Bengal,BURDWAN,2013,0,0,0,0,0,0,0,0,0,24
West Bengal,COOCHBEHAR,2013,0,0,0,0,0,0,0,0,0,0
West Bengal,DAKSHIN DINAJPUR,2013,0,0,1,0,0,0,1,0,0,0
West Bengal,DARJEELING,2013,0,0,0,0,0,0,0,0,5,2
West Bengal,HOOGHLY,2013,0,0,0,0,0,0,0,0,1,1
West Bengal,HOWRAH,2013,0,0,0,0,0,0,0,0,2,0
West Bengal,HOWRAH CITY,2013,0,0,0,0,0,0,0,0,3,3
West Bengal,HOWRAH G.R.P.,2013,0,0,0,0,0,0,0,0,0,0
West Bengal,JALPAIGURI,2013,0,0,0,0,0,0,0,0,0,0
West Bengal,JHARGRAM,2013,0,0,0,0,0,0,0,0,0,0
West Bengal,KHARAGPUR G.R.P.,2013,0,0,0,0,0,0,0,0,0,0
West Bengal,KOLKATA,2013,0,0,0,0,0,0,0,0,4,7
West Bengal,MALDA,2013,0,1,0,0,0,0,0,0,0,0
West Bengal,MURSHIDABAD,2013,0,0,0,0,0,0,0,0,0,0
West Bengal,NADIA,2013,0,0,0,0,0,0,0,0,1,1
West Bengal,PASCHIM MIDNAPUR,2013,0,0,0,0,0,0,0,0,0,3
West Bengal,PURAB MIDNAPUR,2013,0,0,0,0,0,0,1,0,7,11
West Bengal,PURULIA,2013,0,0,0,0,0,0,0,0,0,1
West Bengal,SEALDAH G.R.P.,2013,0,0,0,0,0,0,0,0,0,0
West Bengal,SILIGURI G.R.P.,2013,0,0,0,0,0,0,0,0,0,0
West Bengal,SILIGURI_PC,2013,0,0,0,0,0,0,0,0,5,2
West Bengal,UTTAR DINAJPUR,2013,0,0,0,0,0,0,0,0,0,0
West Bengal,TOTAL,2013,0,2,2,0,0,1,2,0,35,73
A&N Islands,CAR,2013,0,0,0,0,0,0,0,0,0,0
A&N Islands,NORTH,2013,0,0,0,0,0,0,0,0,0,0
A&N Islands,SOUTH,2013,0,0,0,0,0,0,0,0,0,0
A&N Islands,TOTAL,2013,0,0,0,0,0,0,0,0,0,0
Chandigarh,CHANDIGARH,2013,0,0,0,0,0,0,0,0,2,2
Chandigarh,TOTAL,2013,0,0,0,0,0,0,0,0,2,2
D&N Haveli,D&N HAVELI,2013,0,0,0,0,0,0,0,0,0,0
D&N Haveli,TOTAL,2013,0,0,0,0,0,0,0,0,0,0
Daman & Diu,DAMAN,2013,0,0,0,0,0,0,1,0,0,0
Daman & Diu,DIU,2013,0,0,0,0,0,0,0,0,0,0
Daman & Diu,TOTAL,2013,0,0,0,0,0,0,1,0,0,0
Delhi UT,CAW,2013,0,0,0,0,0,0,0,0,0,0
Delhi UT,CENTRAL,2013,0,0,0,0,0,0,0,0,4,3
Delhi UT,CRIME BRANCH,2013,0,0,0,0,0,0,0,0,0,0
Delhi UT,EAST,2013,0,0,0,0,0,0,0,0,2,1
Delhi UT,EOW,2013,0,0,0,0,0,0,0,0,0,2
Delhi UT,GRP(RLY),2013,0,0,0,0,0,0,0,0,0,0
Delhi UT,IGI AIRPORT,2013,0,0,0,0,0,0,0,0,0,0
Delhi UT,METRO RAIL,2013,0,0,0,0,0,0,0,0,0,0
Delhi UT,NEW DELHI,2013,0,0,0,0,0,0,0,1,1,1
Delhi UT,NORTH,2013,0,0,0,0,0,0,0,0,2,3
Delhi UT,NORTH-EAST,2013,0,0,0,0,0,0,0,0,1,1
Delhi UT,NORTH-WEST,2013,0,0,0,0,0,0,0,0,3,5
Delhi UT,OUTER,2013,0,0,0,0,0,0,0,0,1,2
Delhi UT,SOUTH,2013,0,0,0,0,0,0,0,0,2,0
Delhi UT,SOUTH-EAST,2013,0,0,0,0,0,0,0,1,3,4
Delhi UT,SOUTH-WEST,2013,0,0,0,0,0,0,0,0,4,4
Delhi UT,STF,2013,0,0,0,0,0,0,0,0,0,0
Delhi UT,WEST,2013,0,0,0,0,0,0,0,1,3,0
Delhi UT,TOTAL,2013,0,0,0,0,0,0,0,3,26,26
Lakshadweep,LAKSHADWEEP,2013,0,0,0,0,0,0,0,0,0,0
Lakshadweep,TOTAL,2013,0,0,0,0,0,0,0,0,0,0
Puducherry,KARAIKAL,2013,0,1,0,0,0,0,0,3,0,0
Puducherry,PUDUCHERRY,2013,0,0,0,0,0,0,0,12,4,1
Puducherry,TOTAL,2013,0,1,0,0,0,0,0,15,4,1
