state_ut,district,year,murder,rape,kidnapping_abduction,dacoity,robbery,arson,hurt,protection_of_civil_rights_pcr_act,prevention_of_atrocities_poa_act,other_crimes_against_sts
Andhra Pradesh,ADILABAD,2013,0,7,0,0,0,0,2,0,6,25
Andhra Pradesh,ANANTAPUR,2013,0,0,0,0,0,0,3,0,1,9
Andhra Pradesh,CHITTOOR,2013,0,0,0,0,0,0,0,0,0,0
Andhra Pradesh,CUDDAPAH,2013,0,1,0,0,0,0,17,0,2,10
Andhra Pradesh,CYBERABAD,2013,1,2,0,0,0,0,1,0,19,18
Andhra Pradesh,EAST GODAVARI,2013,0,3,0,0,0,0,0,0,3,15
Andhra Pradesh,GUNTAKAL RLY.,2013,0,0,0,0,0,0,0,0,0,0
Andhra Pradesh,GUNTUR,2013,1,0,0,0,0,0,3,0,2,40
Andhra Pradesh,GUNTUR URBAN,2013,0,0,0,0,0,1,3,0,0,10
Andhra Pradesh,HYDERABAD CITY,2013,0,0,0,0,0,0,0,0,6,0
Andhra Pradesh,KARIMNAGAR,2013,0,2,0,0,0,0,2,0,7,30
Andhra Pradesh,KHAMMAM,2013,0,5,0,0,0,0,6,0,6,27
Andhra Pradesh,KRISHNA,2013,1,0,0,0,0,0,1,0,2,10
Andhra Pradesh,KURNOOL,2013,0,0,0,0,0,0,1,0,0,1
Andhra Pradesh,MAHABOOBNAGAR,2013,3,1,0,0,0,0,10,0,6,41
Andhra Pradesh,MEDAK,2013,0,3,0,0,0,0,1,0,3,10
Andhra Pradesh,NALGONDA,2013,1,4,0,0,0,0,4,0,7,32
Andhra Pradesh,NELLORE,2013,1,2,0,0,0,0,11,0,15,29
Andhra Pradesh,NIZAMABAD,2013,1,4,0,0,0,0,1,0,3,12
Andhra Pradesh,PRAKASHAM,2013,0,0,0,0,0,0,1,0,2,1
Andhra Pradesh,RAJAHMUNDRY,2013,0,0,0,0,0,0,0,0,1,0
Andhra Pradesh,RANGA REDDY,2013,0,0,0,0,0,0,1,0,2,12
Andhra Pradesh,SECUNDERABAD RLY.,2013,0,0,0,0,0,0,0,0,0,0
Andhra Pradesh,SRIKAKULAM,2013,0,0,0,0,0,0,0,0,4,5
Andhra Pradesh,TIRUPATHI URBAN,2013,0,0,0,0,0,0,4,0,4,2
Andhra Pradesh,VIJAYAWADA CITY,2013,0,0,1,0,0,0,1,0,1,4
Andhra Pradesh,VIJAYAWADA RLY.,2013,0,0,0,0,0,0,0,0,0,0
Andhra Pradesh,VISAKHA RURAL,2013,0,0,0,0,0,0,2,0,4,6
Andhra Pradesh,VISAKHAPATNAM,2013,0,0,0,0,0,0,1,0,1,0
Andhra Pradesh,VIZIANAGARAM,2013,0,0,0,0,0,0,0,0,6,6
Andhra Pradesh,WARANGAL,2013,0,2,0,0,0,0,4,0,6,27
Andhra Pradesh,WARANGAL URBAN,2013,0,1,0,0,0,0,1,0,6,7
Andhra Pradesh,WEST GODAVARI,2013,0,0,1,0,0,0,1,0,1,26
Andhra Pradesh,ZZ TOTAL,2013,9,37,2,0,0,1,82,0,126,415
Arunachal Pradesh,ANJAW,2013,0,0,0,0,0,0,0,0,0,0
Arunachal Pradesh,CHANGLANG,2013,0,0,0,0,0,0,0,0,0,0
Arunachal Pradesh,DIBANG VALLEY,2013,0,0,0,0,0,0,0,0,0,0
Arunachal Pradesh,K/KUMEY,2013,0,0,0,0,0,0,0,0,0,0
Arunachal Pradesh,KAMENG EAST,2013,0,0,0,0,0,0,0,0,0,0
Arunachal Pradesh,KAMENG WEST,2013,0,0,0,0,0,0,0,0,0,0
Arunachal Pradesh,LOHIT,2013,0,1,0,0,0,0,0,0,0,0
Arunachal Pradesh,LONGDING,2013,0,0,0,0,0,0,0,0,0,0
Arunachal Pradesh,PAPUM PARE,2013,0,0,0,0,0,0,0,0,0,0
Arunachal Pradesh,RURAL,2013,0,0,0,0,0,0,0,0,0,0
Arunachal Pradesh,SIANG EAST,2013,0,0,0,0,0,0,0,0,0,0
Arunachal Pradesh,SIANG UPPER,2013,0,0,0,0,0,0,0,0,0,0
Arunachal Pradesh,SIANG WEST,2013,0,0,0,0,0,0,0,0,0,0
Arunachal Pradesh,SUBANSIRI LOWER,2013,0,0,0,0,0,0,0,0,0,0
Arunachal Pradesh,SUBANSIRI UPPER,2013,0,0,0,0,0,0,0,0,0,0
Arunachal Pradesh,TAWANG,2013,0,0,0,0,0,0,0,0,0,0
Arunachal Pradesh,TIRAP,2013,0,0,0,0,0,0,0,0,0,0
Arunachal Pradesh,UPPER DIBANG VALLEY,2013,0,0,0,0,0,0,0,0,0,0
Arunachal Pradesh,ZZ TOTAL,2013,0,1,0,0,0,0,0,0,0,0
Assam,BAKSA,2013,0,0,0,0,0,0,0,0,0,0
Assam,BARPETA,2013,0,0,0,0,0,0,0,0,0,0
Assam,BIEO,2013,0,0,0,0,0,0,0,0,0,0
Assam,BONGAIGAON,2013,0,0,0,0,0,0,0,0,0,0
Assam,C.I.D.,2013,0,0,0,0,0,0,0,0,0,0
Assam,CACHAR,2013,0,0,0,0,0,0,0,0,0,0
Assam,CHIRANG,2013,0,0,0,0,0,0,0,0,0,0
Assam,DARRANG,2013,0,0,0,0,0,0,0,0,0,0
Assam,DHEMAJI,2013,0,0,0,0,0,0,0,0,0,0
Assam,DHUBRI,2013,0,0,0,0,0,0,0,0,0,0
Assam,DIBRUGARH,2013,0,0,0,0,0,0,0,0,0,0
Assam,G.R.P.,2013,0,0,0,0,0,0,0,0,0,0
Assam,GOALPARA,2013,0,0,0,0,0,0,0,0,0,0
Assam,GOLAGHAT,2013,0,0,0,0,0,0,0,0,0,0
Assam,GUWAHATI CITY,2013,0,0,0,0,0,0,0,0,0,0
Assam,HAILAKANDI,2013,0,0,0,0,0,0,0,0,0,0
Assam,HAMREN,2013,0,0,0,0,0,0,0,0,0,0
Assam,JORHAT,2013,0,0,0,0,0,0,0,0,0,0
Assam,KAMRUP,2013,0,0,0,0,0,0,0,0,0,0
Assam,KARBI ANGLONG,2013,0,0,0,0,0,0,0,0,0,0
Assam,KARIMGANJ,2013,0,0,0,0,0,0,0,0,0,0
Assam,KOKRAJHAR,2013,0,0,0,0,0,0,0,0,0,0
Assam,LAKHIMPUR,2013,0,0,0,0,0,0,0,0,0,0
Assam,MORIGAON,2013,0,0,0,0,0,0,0,0,0,0
Assam,N.C.HILLS,2013,0,0,0,0,0,0,0,0,0,0
Assam,NAGAON,2013,0,0,0,0,0,0,0,0,0,0
Assam,NALBARI,2013,0,0,0,0,0,0,0,0,0,0
Assam,R.P.O.,2013,0,0,0,0,0,0,0,0,0,0
Assam,SIBSAGAR,2013,0,0,0,0,0,0,0,0,0,0
Assam,SONITPUR,2013,0,0,0,0,0,0,0,0,0,0
Assam,STF,2013,0,0,0,0,0,0,0,0,0,0
Assam,TINSUKIA,2013,0,0,0,0,0,0,0,0,0,0
Assam,UDALGURI,2013,0,0,0,0,0,0,0,0,0,0
Assam,ZZ TOTAL,2013,0,0,0,0,0,0,0,0,0,0
Bihar,ARARIA,2013,0,0,0,0,0,0,0,0,4,0
Bihar,ARWAL,2013,0,0,0,0,0,0,0,0,0,0
Bihar,AURANGABAD,2013,0,0,0,0,0,0,0,0,0,0
Bihar,BAGAHA,2013,0,0,0,0,0,0,0,0,0,0
Bihar,BANKA,2013,0,0,0,0,0,0,0,0,1,0
Bihar,BEGUSARAI,2013,0,0,0,0,0,0,0,0,0,0
Bihar,BETTIAH,2013,0,0,0,0,0,0,0,0,0,0
Bihar,BHABHUA,2013,0,0,0,0,0,0,4,0,6,0
Bihar,BHAGALPUR,2013,0,0,0,0,0,0,1,0,1,0
Bihar,BHOJPUR,2013,0,0,0,0,0,0,0,0,0,0
Bihar,BUXAR,2013,0,0,0,0,0,0,0,0,0,0
Bihar,DARBHANGA,2013,0,0,0,0,0,0,0,0,0,0
Bihar,GAYA,2013,0,0,0,0,0,0,0,0,0,0
Bihar,GOPALGANJ,2013,0,0,0,0,0,0,0,0,4,0
Bihar,JAMALPUR RLY.,2013,0,0,0,0,0,0,0,0,0,0
Bihar,JAMUI,2013,0,0,0,0,0,0,0,0,0,0
Bihar,JEHANABAD,2013,0,0,0,0,0,0,0,0,0,0
Bihar,KATIHAR,2013,0,0,0,0,0,0,0,0,13,0
Bihar,KATIHAR RLY.,2013,0,0,0,0,0,0,0,0,0,0
Bihar,KHAGARIA,2013,0,0,0,0,0,0,0,0,0,0
Bihar,KISHANGANJ,2013,0,0,0,0,0,0,0,0,18,0
Bihar,LAKHISARAI,2013,0,0,0,0,0,0,0,0,0,0
Bihar,MADHEPURA,2013,0,0,0,0,0,0,0,0,0,0
Bihar,MADHUBANI,2013,0,0,1,0,0,0,0,0,0,0
Bihar,MOTIHARI,2013,0,0,0,0,0,0,0,0,0,0
Bihar,MUNGER,2013,0,0,0,0,0,0,0,0,0,0
Bihar,MUZAFFARPUR,2013,0,0,0,0,0,0,0,0,0,0
Bihar,MUZAFFARPUR RLY.,2013,0,0,0,0,0,0,0,0,0,0
Bihar,NALANDA,2013,0,0,0,0,0,0,0,0,0,0
Bihar,NAUGACHIA,2013,2,0,0,0,0,0,0,0,0,0
Bihar,NAWADAH,2013,0,0,0,0,0,0,0,0,0,0
Bihar,PATNA,2013,0,0,0,0,0,0,0,0,0,0
Bihar,PATNA RLY.,2013,0,0,0,0,0,0,0,0,0,0
Bihar,PURNEA,2013,0,0,0,0,0,0,10,0,10,0
Bihar,ROHTAS,2013,0,0,0,0,0,0,0,0,9,0
Bihar,SAHARSA,2013,0,0,0,0,0,0,0,0,0,0
Bihar,SAMASTIPUR,2013,0,0,0,0,0,0,0,0,0,0
Bihar,SARAN,2013,0,0,0,0,0,0,0,0,0,0
Bihar,SHEIKHPURA,2013,0,0,0,0,0,0,0,0,0,0
Bihar,SHEOHAR,2013,0,0,0,0,0,0,0,0,0,5
Bihar,SITAMARHI,2013,0,0,0,0,0,0,0,0,0,0
Bihar,SIWAN,2013,0,0,0,0,0,0,0,0,2,0
Bihar,SUPAUL,2013,0,0,0,0,0,0,0,0,0,0
Bihar,VAISHALI,2013,0,0,0,0,0,0,0,0,0,0
Bihar,ZZ TOTAL,2013,2,0,1,0,0,0,15,0,68,5
Chhattisgarh,BALOD,2013,1,0,0,0,0,0,0,0,0,1
Chhattisgarh,BALODA BAZAR,2013,0,1,0,0,0,0,7,0,0,8
Chhattisgarh,BALRAMPUR,2013,0,8,1,0,0,0,3,0,0,10
Chhattisgarh,BEMETARA,2013,0,2,0,0,0,0,0,0,0,0
Chhattisgarh,BILASPUR,2013,0,6,0,0,0,0,5,0,0,13
Chhattisgarh,BIZAPUR,2013,0,1,0,0,0,0,0,0,0,1
Chhattisgarh,DANTEWARA,2013,0,2,0,0,0,0,1,0,0,1
Chhattisgarh,DHAMTARI,2013,0,5,0,0,0,0,1,0,0,1
Chhattisgarh,DURG,2013,0,1,0,0,0,0,0,0,0,4
Chhattisgarh,GARIYABAND,2013,0,3,0,0,0,0,1,0,0,7
Chhattisgarh,GRP RAIPUR,2013,0,0,0,0,0,0,0,0,0,0
Chhattisgarh,JAGDALPUR,2013,0,7,1,0,0,0,0,0,0,3
Chhattisgarh,JANJGIR,2013,0,1,0,0,0,0,12,0,0,9
Chhattisgarh,JASHPUR,2013,2,17,1,0,0,0,6,0,0,12
Chhattisgarh,KABIRDHAM,2013,1,1,0,0,0,0,1,0,0,2
Chhattisgarh,KANKER,2013,0,7,0,0,0,0,0,0,0,5
Chhattisgarh,KONDAGAON,2013,0,0,0,0,0,0,0,0,0,2
Chhattisgarh,KORBA,2013,0,7,1,0,0,0,6,0,0,0
Chhattisgarh,KORIYA,2013,1,7,0,0,0,0,6,0,0,14
Chhattisgarh,MAHASAMUND,2013,0,1,0,0,0,0,0,0,0,2
Chhattisgarh,MUNGELI,2013,0,0,0,0,0,0,0,0,0,1
Chhattisgarh,NARAYANPUR,2013,0,1,0,0,0,0,0,0,0,2
Chhattisgarh,RAIGARH,2013,2,9,0,0,0,0,12,0,0,9
Chhattisgarh,RAIPUR,2013,0,0,0,0,0,0,0,0,0,4
Chhattisgarh,RAJNANDGAON,2013,0,4,0,0,0,0,0,0,0,4
Chhattisgarh,SARGUJA,2013,1,6,0,0,0,0,2,0,0,13
Chhattisgarh,SUKMA,2013,0,0,0,0,0,0,0,0,0,0
Chhattisgarh,SURAJPUR,2013,0,15,1,0,0,1,5,0,0,9
Chhattisgarh,ZZ TOTAL,2013,8,112,5,0,0,1,68,0,0,137
Goa,NORTH GOA,2013,0,0,0,0,0,0,0,1,1,4
Goa,SOUTH GOA,2013,0,0,0,0,0,0,0,0,3,1
Goa,ZZ TOTAL,2013,0,0,0,0,0,0,0,1,4,5
Gujarat,AHMEDABAD COMMR.,2013,0,2,2,0,0,0,0,0,3,1
Gujarat,AHMEDABAD RURAL,2013,0,1,0,0,0,0,1,0,0,1
Gujarat,AHWA-DANG,2013,0,1,0,0,0,0,0,0,0,1
Gujarat,AMRELI,2013,0,0,0,0,0,0,0,0,0,0
Gujarat,ANAND,2013,1,0,5,0,0,0,1,0,3,0
Gujarat,BHARUCH,2013,2,4,1,0,0,0,5,0,16,9
Gujarat,BHAVNAGAR,2013,1,1,1,0,0,0,0,0,0,3
Gujarat,CID CRIME,2013,0,0,0,0,0,0,0,0,0,0
Gujarat,DAHOD,2013,0,0,0,0,0,0,0,0,0,0
Gujarat,GANDHINAGAR,2013,0,0,0,0,0,0,1,0,0,1
Gujarat,HIMATNAGAR,2013,0,0,2,0,0,0,2,0,0,2
Gujarat,JAMNAGAR,2013,0,0,0,0,0,0,1,0,0,0
Gujarat,JUNAGADH,2013,0,0,0,0,0,0,0,0,0,1
Gujarat,KHEDA NORTH,2013,0,2,0,0,0,0,0,0,0,0
Gujarat,KUTCH (EAST(G)),2013,0,0,1,0,0,0,0,0,0,1
Gujarat,KUTCH (WEST-BHUJ),2013,0,0,0,0,0,0,0,0,1,1
Gujarat,MEHSANA,2013,0,3,0,0,0,0,3,0,0,0
Gujarat,NARMADA,2013,0,1,0,0,0,0,1,0,1,0
Gujarat,NAVSARI,2013,0,3,2,0,0,0,0,0,0,11
Gujarat,PALANPUR,2013,0,2,3,1,0,0,9,0,22,1
Gujarat,PANCHMAHAL,2013,1,3,0,0,0,0,3,0,0,0
Gujarat,PATAN,2013,0,1,0,0,0,0,0,0,0,4
Gujarat,PORBANDAR,2013,0,0,0,0,0,0,0,0,0,0
Gujarat,RAJKOT COMMR.,2013,0,1,0,0,0,1,1,0,0,0
Gujarat,RAJKOT RURAL,2013,0,2,2,0,0,0,0,0,0,1
Gujarat,SURAT COMMR.,2013,0,1,0,0,0,0,0,0,9,0
Gujarat,SURAT RURAL,2013,2,2,0,0,0,0,3,0,1,7
Gujarat,SURENDRANAGAR,2013,0,0,0,0,0,0,0,0,0,4
Gujarat,TAPI,2013,0,0,1,0,0,0,2,0,0,0
Gujarat,VADODARA COMMR.,2013,0,2,2,0,0,0,0,0,0,4
Gujarat,VADODARA RURAL,2013,1,1,0,0,0,0,2,0,2,7
Gujarat,VALSAD,2013,0,1,0,0,0,0,1,0,0,4
Gujarat,W.RLY AHMEDABAD,2013,0,0,0,0,0,0,0,0,0,0
Gujarat,W.RLY VADODARA,2013,0,0,0,0,0,0,0,0,0,0
Gujarat,ZZ TOTAL,2013,8,34,22,1,0,1,36,0,58,64
Haryana,AMBALA RURAL,2013,0,0,0,0,0,0,0,0,0,0
Haryana,AMBALA URBAN,2013,0,0,0,0,0,0,0,0,0,0
Haryana,BHIWANI,2013,0,0,0,0,0,0,0,0,0,0
Haryana,FARIDABAD,2013,0,0,0,0,0,0,0,0,0,0
Haryana,FATEHABAD,2013,0,0,0,0,0,0,0,0,0,0
Haryana,GRP,2013,0,0,0,0,0,0,0,0,0,0
Haryana,GURGAON,2013,0,0,0,0,0,0,0,0,0,0
Haryana,HISSAR,2013,0,0,0,0,0,0,0,0,0,0
Haryana,I&P HARYANA,2013,0,0,0,0,0,0,0,0,0,0
Haryana,JHAJJAR,2013,0,0,0,0,0,0,0,0,0,0
Haryana,JIND,2013,0,0,0,0,0,0,0,0,0,0
Haryana,KAITHAL,2013,0,0,0,0,0,0,0,0,0,0
Haryana,KARNAL,2013,0,0,0,0,0,0,0,0,0,0
Haryana,KURUKSHETRA,2013,0,0,0,0,0,0,0,0,0,0
Haryana,MAHENDRAGARH,2013,0,0,0,0,0,0,0,0,0,0
Haryana,MEWAT,2013,0,0,0,0,0,0,0,0,0,0
Haryana,PALWAL,2013,0,0,0,0,0,0,0,0,0,0
Haryana,PANCHKULA,2013,0,0,0,0,0,0,0,0,0,0
Haryana,PANIPAT,2013,0,0,0,0,0,0,0,0,0,0
Haryana,REWARI,2013,0,0,0,0,0,0,0,0,0,0
Haryana,ROHTAK,2013,0,0,0,0,0,0,0,0,0,0
Haryana,SIRSA,2013,0,0,0,0,0,0,0,0,0,0
Haryana,SONIPAT,2013,0,0,0,0,0,0,0,0,0,0
Haryana,YAMUNANAGAR,2013,0,0,0,0,0,0,0,0,0,0
Haryana,ZZ TOTAL,2013,0,0,0,0,0,0,0,0,0,0
Himachal Pradesh,BADDIPOLICEDIST,2013,0,0,0,0,0,0,0,0,0,0
Himachal Pradesh,BILASPUR,2013,0,0,0,0,0,0,0,0,0,0
Himachal Pradesh,CHAMBA,2013,0,0,0,0,0,0,0,0,0,0
Himachal Pradesh,CID,2013,0,0,0,0,0,0,0,0,0,0
Himachal Pradesh,G.R.P.,2013,0,0,0,0,0,0,0,0,0,0
Himachal Pradesh,HAMIRPUR,2013,0,0,0,0,0,0,0,0,0,0
Himachal Pradesh,KANGRA,2013,0,0,0,0,0,0,0,0,0,0
Himachal Pradesh,KINNAUR,2013,0,0,0,0,0,0,0,0,0,0
Himachal Pradesh,KULLU,2013,0,0,0,0,0,0,0,0,0,0
Himachal Pradesh,LAHAUL-SPITI,2013,0,0,0,0,0,0,0,0,0,0
Himachal Pradesh,MANDI,2013,0,0,0,0,0,0,0,0,0,0
Himachal Pradesh,SHIMLA,2013,0,0,0,0,0,0,0,0,2,0
Himachal Pradesh,SIRMAUR,2013,0,0,0,0,0,0,0,0,0,0
Himachal Pradesh,SOLAN,2013,0,0,0,0,0,0,0,0,0,0
Himachal Pradesh,UNA,2013,0,0,0,0,0,0,0,0,0,0
Himachal Pradesh,ZZ TOTAL,2013,0,0,0,0,0,0,0,0,2,0
Jammu & Kashmir,ANANTNAG,2013,0,0,0,0,0,0,0,0,0,0
Jammu & Kashmir,AWANTIPORA,2013,0,0,0,0,0,0,0,0,0,0
Jammu & Kashmir,BANDIPORA,2013,0,0,0,0,0,0,0,0,0,0
Jammu & Kashmir,BARAMULLA,2013,0,0,0,0,0,0,0,0,0,0
Jammu & Kashmir,BUDGAM,2013,0,0,0,0,0,0,0,0,0,0
Jammu & Kashmir,CRIME JAMMU,2013,0,0,0,0,0,0,0,0,0,0
Jammu & Kashmir,CRIME SRINAGAR,2013,0,0,0,0,0,0,0,0,0,0
Jammu & Kashmir,DODA,2013,0,0,0,0,0,0,0,0,0,0
Jammu & Kashmir,GANDERBAL,2013,0,0,0,0,0,0,0,0,0,0
Jammu & Kashmir,HANDWARA,2013,0,0,0,0,0,0,0,0,0,0
Jammu & Kashmir,JAMMU,2013,0,0,0,0,0,0,0,0,0,0
Jammu & Kashmir,KARGIL,2013,0,0,0,0,0,0,0,0,0,0
Jammu & Kashmir,KATHUA,2013,0,0,0,0,0,0,0,0,0,0
Jammu & Kashmir,KISHTWAR,2013,0,0,0,0,0,0,0,0,0,0
Jammu & Kashmir,KULGAM,2013,0,0,0,0,0,0,0,0,0,0
Jammu & Kashmir,KUPWARA,2013,0,0,0,0,0,0,0,0,0,0
Jammu & Kashmir,LEH,2013,0,0,0,0,0,0,0,0,0,0
Jammu & Kashmir,POONCH,2013,0,0,0,0,0,0,0,0,0,0
Jammu & Kashmir,PULWAMA,2013,0,0,0,0,0,0,0,0,0,0
Jammu & Kashmir,RAILWAYS JAMMU,2013,0,0,0,0,0,0,0,0,0,0
Jammu & Kashmir,RAILWAYS KASHMIR,2013,0,0,0,0,0,0,0,0,0,0
Jammu & Kashmir,RAILWAYS KATRA,2013,0,0,0,0,0,0,0,0,0,0
Jammu & Kashmir,RAJOURI,2013,0,0,0,0,0,0,0,0,0,0
Jammu & Kashmir,RAMBAN,2013,0,0,0,0,0,0,0,0,0,0
Jammu & Kashmir,REASI,2013,0,0,0,0,0,0,0,0,0,0
Jammu & Kashmir,SAMBA,2013,0,0,0,0,0,0,0,0,0,0
Jammu & Kashmir,SHOPIAN,2013,0,0,0,0,0,0,0,0,0,0
Jammu & Kashmir,SOPORE,2013,0,0,0,0,0,0,0,0,0,0
Jammu & Kashmir,SRINAGAR,2013,0,0,0,0,0,0,0,0,0,0
Jammu & Kashmir,UDHAMPUR,2013,0,0,0,0,0,0,0,0,0,0
Jammu & Kashmir,ZZ TOTAL,2013,0,0,0,0,0,0,0,0,0,0
Jharkhand,BOKARO,2013,0,0,0,0,0,0,0,0,4,0
Jharkhand,CHAIBASA,2013,0,0,0,0,0,0,0,0,8,8
Jharkhand,CHATRA,2013,0,0,0,0,0,0,0,0,2,0
Jharkhand,DEOGHAR,2013,0,0,0,0,0,0,1,0,1,0
Jharkhand,DHANBAD,2013,0,0,0,0,0,0,2,0,4,2
Jharkhand,DHANBAD RLY.,2013,0,0,0,0,0,0,0,0,1,1
Jharkhand,DUMKA,2013,0,0,0,0,0,0,1,0,7,6
Jharkhand,GARHWA,2013,0,2,0,0,0,0,7,0,14,5
Jharkhand,GIRIDIH,2013,1,1,1,0,0,0,0,0,5,20
Jharkhand,GODDA,2013,0,0,0,0,0,0,0,0,7,0
Jharkhand,GUMLA,2013,0,6,6,0,0,0,7,0,19,0
Jharkhand,HAZARIBAGH,2013,0,0,0,0,0,0,0,0,8,7
Jharkhand,JAMSHEDPUR,2013,0,3,0,0,0,1,22,0,46,20
Jharkhand,JAMSHEDPUR RLY.,2013,0,0,0,0,0,0,0,0,0,0
Jharkhand,JAMTARA,2013,0,1,0,0,0,0,5,0,19,18
Jharkhand,KHUNTI,2013,0,0,0,0,0,0,0,0,0,0
Jharkhand,KODERMA,2013,0,0,0,0,0,0,1,0,1,0
Jharkhand,LATEHAR,2013,0,0,0,0,0,0,0,0,8,8
Jharkhand,LOHARDAGGA,2013,0,0,0,0,0,0,0,0,6,0
Jharkhand,PAKUR,2013,0,0,0,0,0,0,0,0,3,0
Jharkhand,PALAMU,2013,0,0,0,0,0,0,7,0,7,0
Jharkhand,RAMGARH,2013,0,0,0,0,0,0,6,0,10,8
Jharkhand,RANCHI,2013,0,0,0,0,0,0,3,0,8,0
Jharkhand,SAHEBGANJ,2013,0,0,0,0,0,0,6,0,0,1
Jharkhand,SARAIKELA,2013,0,2,0,0,0,0,3,0,5,0
Jharkhand,SIMDEGA,2013,0,0,0,0,0,0,0,0,2,2
Jharkhand,ZZ TOTAL,2013,1,15,7,0,0,1,71,0,195,106
Karnataka,BAGALKOT,2013,2,0,0,0,0,0,0,0,11,11
Karnataka,BANGALORE COMMR.,2013,0,0,0,0,0,0,1,0,8,0
Karnataka,BANGALORE RURAL,2013,0,0,0,0,0,0,6,0,13,7
Karnataka,BELGAUM,2013,0,1,0,0,0,0,0,0,10,0
Karnataka,BELLARY,2013,0,0,0,0,0,0,0,0,17,0
Karnataka,BIDAR,2013,0,0,0,0,0,0,0,0,1,0
Karnataka,BIJAPUR,2013,0,0,0,0,0,0,0,0,0,0
Karnataka,CBPURA,2013,0,2,0,0,0,0,0,0,13,11
Karnataka,CHAMARAJNAGAR,2013,0,0,0,0,0,0,0,0,6,6
Karnataka,CHICKMAGALUR,2013,0,0,0,0,0,0,0,0,1,1
Karnataka,CHITRADURGA,2013,0,2,0,0,0,0,3,0,6,3
Karnataka,DAKSHIN KANNADA,2013,0,1,0,0,0,0,0,0,12,0
Karnataka,DAVANAGERE,2013,0,1,1,0,0,0,5,0,20,16
Karnataka,DHARWAD COMMR.,2013,0,1,0,0,0,0,0,0,8,8
Karnataka,DHARWAD RURAL,2013,0,0,0,0,0,0,0,0,7,7
Karnataka,GADAG,2013,0,0,0,0,0,0,0,0,2,2
Karnataka,GULBARGA,2013,0,0,0,0,0,0,6,0,0,0
Karnataka,HASSAN,2013,0,0,0,0,0,0,0,0,2,2
Karnataka,HAVERI,2013,0,0,0,0,0,0,14,0,14,0
Karnataka,K.G.F.,2013,0,0,0,0,0,0,3,0,4,1
Karnataka,KODAGU,2013,1,4,0,0,0,0,0,0,6,0
Karnataka,KOLAR,2013,0,0,0,0,0,0,0,0,10,10
Karnataka,KOPPAL,2013,0,0,0,0,0,0,0,0,0,0
Karnataka,MANDYA,2013,0,0,0,0,0,0,0,0,0,0
Karnataka,MANGALORE CITY,2013,0,0,0,0,0,0,0,0,0,0
Karnataka,MYSORE COMMR.,2013,0,0,0,0,0,0,0,0,16,0
Karnataka,MYSORE RURAL,2013,0,0,0,0,0,0,0,0,43,12
Karnataka,RAICHUR,2013,1,2,1,0,0,0,0,14,25,21
Karnataka,RAILWAYS,2013,0,0,0,0,0,0,0,0,0,0
Karnataka,RAMANAGAR,2013,0,0,0,0,0,0,0,0,2,2
Karnataka,SHIMOGA,2013,0,0,0,0,0,0,0,0,3,3
Karnataka,TUMKUR,2013,1,3,0,0,0,0,5,0,16,8
Karnataka,UDUPI,2013,0,2,0,0,0,0,2,0,10,6
Karnataka,UTTAR KANNADA,2013,0,0,0,0,0,0,0,0,0,10
Karnataka,YADGIRI,2013,0,0,0,0,0,0,0,0,17,0
Karnataka,ZZ TOTAL,2013,5,19,2,0,0,0,45,14,303,147
Kerala,ALAPUZHA,2013,0,0,0,0,0,0,1,0,0,0
Kerala,ERNAKULAM COMMR.,2013,0,0,0,0,0,0,0,0,0,0
Kerala,ERNAKULAM RURAL,2013,0,1,0,0,0,0,0,0,0,0
Kerala,IDUKKI,2013,0,6,0,0,0,0,4,0,0,6
Kerala,KANNUR,2013,0,6,0,0,0,0,4,0,1,2
Kerala,KASARGOD,2013,0,11,0,0,0,0,5,0,0,8
Kerala,KOLLAM COMMR.,2013,0,0,0,0,0,0,0,0,0,0
Kerala,KOLLAM RURAL,2013,0,0,0,0,0,0,0,0,0,0
Kerala,KOTTAYAM,2013,0,0,0,0,0,0,0,0,2,7
Kerala,KOZHIKODE COMMR.,2013,0,0,0,0,0,0,1,0,0,2
Kerala,KOZHIKODE RURAL,2013,0,2,0,0,0,0,3,0,0,2
Kerala,MALAPPURAM,2013,0,1,0,0,0,0,0,0,0,5
Kerala,PALAKKAD,2013,0,4,1,0,0,0,2,0,1,8
Kerala,PATHANAMTHITTA,2013,0,0,0,0,0,0,0,0,0,1
Kerala,RAILWAYS,2013,0,0,0,0,0,0,0,0,0,0
Kerala,THRISSUR COMMR.,2013,0,0,0,0,0,0,1,0,0,1
Kerala,THRISSUR RURAL,2013,0,0,0,0,0,0,2,0,0,2
Kerala,TRIVANDRUM COMMR.,2013,0,0,0,0,0,0,0,0,0,0
Kerala,TRIVANDRUM RURAL,2013,0,4,0,0,0,0,3,0,0,1
Kerala,WAYANADU,2013,0,9,0,0,0,0,5,0,1,9
Kerala,ZZ TOTAL,2013,0,44,1,0,0,0,31,0,5,54
Madhya Pradesh,AGAR,2013,3,3,0,0,0,0,0,0,0,0
Madhya Pradesh,ALIRAJPUR,2013,0,3,0,0,0,0,0,0,0,1
Madhya Pradesh,ANUPPUR,2013,1,9,2,0,0,0,3,0,0,15
Madhya Pradesh,ASHOK NAGAR,2013,0,3,1,0,0,0,3,0,0,6
Madhya Pradesh,BALAGHAT,2013,1,7,0,0,0,0,7,0,0,16
Madhya Pradesh,BARWANI,2013,1,10,0,0,0,0,2,0,0,18
Madhya Pradesh,BETUL,2013,3,18,2,0,0,0,16,0,0,33
Madhya Pradesh,BHIND,2013,0,0,0,0,0,0,0,0,0,0
Madhya Pradesh,BHOPAL,2013,0,0,0,0,0,0,0,0,0,1
Madhya Pradesh,BHOPAL RLY.,2013,0,1,0,0,0,0,0,0,0,0
Madhya Pradesh,BURHANPUR,2013,0,2,0,0,0,0,1,0,0,15
Madhya Pradesh,CHHATARPUR,2013,1,1,0,0,0,0,2,0,0,6
Madhya Pradesh,CHHINDWARA,2013,1,26,4,0,0,0,4,0,0,42
Madhya Pradesh,DAMOH,2013,1,4,0,0,0,0,7,0,0,7
Madhya Pradesh,DATIYA,2013,0,1,0,0,0,0,0,0,0,1
Madhya Pradesh,DEWAS,2013,1,6,2,0,0,0,0,0,0,19
Madhya Pradesh,DHAR,2013,3,17,3,0,0,0,9,0,0,12
Madhya Pradesh,DINDORI,2013,0,15,3,0,0,0,0,0,0,20
Madhya Pradesh,GUNA,2013,1,3,0,0,0,0,9,0,0,10
Madhya Pradesh,GWALIOR,2013,0,2,0,0,0,0,8,0,0,3
Madhya Pradesh,HARDA,2013,0,5,1,0,0,0,5,0,0,8
Madhya Pradesh,HOSHANGABAD,2013,3,12,0,0,0,0,13,0,0,7
Madhya Pradesh,INDORE,2013,1,6,1,0,0,0,0,0,0,18
Madhya Pradesh,INDORE RLY.,2013,0,0,0,0,0,0,0,0,0,0
Madhya Pradesh,JABALPUR,2013,1,12,0,0,0,1,10,0,0,26
Madhya Pradesh,JABALPUR RLY.,2013,0,0,0,0,0,0,0,0,0,0
Madhya Pradesh,JHABUA,2013,0,1,1,0,0,0,0,0,0,0
Madhya Pradesh,KATNI,2013,2,2,0,0,0,0,1,0,0,11
Madhya Pradesh,KHANDWA,2013,1,15,3,0,0,0,0,0,0,35
Madhya Pradesh,KHARGON,2013,0,11,2,0,0,0,11,0,0,18
Madhya Pradesh,MANDLA,2013,0,15,1,0,0,0,1,0,0,23
Madhya Pradesh,MANDSAUR,2013,1,4,0,0,0,0,4,0,0,2
Madhya Pradesh,MORENA,2013,0,0,0,0,0,0,0,0,0,5
Madhya Pradesh,NARSINGHPUR,2013,0,11,0,0,0,0,13,0,0,13
Madhya Pradesh,NEEMUCH,2013,1,1,0,0,0,0,3,0,0,4
Madhya Pradesh,PANNA,2013,0,2,0,0,0,0,0,0,0,9
Madhya Pradesh,RAISEN,2013,0,9,1,0,0,0,16,0,0,12
Madhya Pradesh,RAJGARH,2013,0,7,0,0,0,0,3,0,0,6
Madhya Pradesh,RATLAM,2013,0,3,0,0,0,0,4,0,0,8
Madhya Pradesh,REWA,2013,1,4,0,0,0,1,2,0,0,60
Madhya Pradesh,SAGAR,2013,1,10,4,0,0,1,12,0,0,26
Madhya Pradesh,SATNA,2013,1,8,1,0,0,0,0,0,0,15
Madhya Pradesh,SEONI,2013,3,17,3,0,0,0,4,0,0,20
Madhya Pradesh,SHAHDOL,2013,1,6,3,0,0,0,1,0,0,34
Madhya Pradesh,SHAJAPUR,2013,0,2,0,0,0,0,0,0,0,2
Madhya Pradesh,SHEOPUR,2013,1,1,0,0,0,0,11,0,0,12
Madhya Pradesh,SHIVPURI,2013,1,9,0,0,0,2,1,0,0,16
Madhya Pradesh,SIDHI,2013,0,5,2,0,0,0,2,0,0,3
Madhya Pradesh,SIHORE,2013,1,7,0,0,0,0,7,0,0,3
Madhya Pradesh,SINGRAULI,2013,0,5,4,0,0,0,1,0,0,12
Madhya Pradesh,TIKAMGARH,2013,0,4,0,0,0,0,1,0,0,2
Madhya Pradesh,UJJAIN,2013,1,1,0,0,0,0,0,0,0,6
Madhya Pradesh,UMARIYA,2013,3,1,2,0,0,0,6,0,0,8
Madhya Pradesh,VIDISHA,2013,1,2,0,0,0,0,1,0,0,21
Madhya Pradesh,ZZ TOTAL,2013,42,329,46,0,0,5,204,0,0,670
Maharashtra,AHMEDNAGAR,2013,1,7,2,0,0,2,0,0,0,14
Maharashtra,AKOLA,2013,0,0,0,0,0,0,0,0,0,5
Maharashtra,AMRAVATI COMMR.,2013,0,1,0,0,0,0,0,0,1,0
Maharashtra,AMRAVATI RURAL,2013,0,4,0,0,0,0,3,0,3,4
Maharashtra,AURANGABAD COMMR.,2013,0,1,0,0,0,0,0,0,0,1
Maharashtra,AURANGABAD RURAL,2013,0,2,0,0,0,3,0,0,1,6
Maharashtra,BEED,2013,0,5,0,0,0,0,2,0,0,12
Maharashtra,BHANDARA,2013,0,2,0,0,0,0,0,0,0,4
Maharashtra,BULDHANA,2013,0,3,0,0,1,0,0,0,0,4
Maharashtra,CHANDRAPUR,2013,1,4,0,0,0,0,2,0,0,11
Maharashtra,DHULE,2013,0,2,0,2,0,0,1,0,1,11
Maharashtra,GADCHIROLI,2013,0,2,0,0,0,0,0,0,0,1
Maharashtra,GONDIA,2013,0,4,0,0,0,0,0,0,2,2
Maharashtra,HINGOLI,2013,0,0,0,0,0,0,0,0,0,6
Maharashtra,JALGAON,2013,0,0,0,1,0,0,1,0,8,7
Maharashtra,JALNA,2013,1,0,1,0,0,0,3,0,0,4
Maharashtra,KOLHAPUR,2013,0,0,0,0,0,0,0,0,0,0
Maharashtra,LATUR,2013,0,0,0,0,0,0,0,0,0,0
Maharashtra,MUMBAI COMMR.,2013,0,1,0,0,0,0,1,0,0,4
Maharashtra,MUMBAI RLY.,2013,0,0,0,0,0,0,0,0,0,0
Maharashtra,NAGPUR COMMR.,2013,0,3,0,0,0,0,0,0,0,2
Maharashtra,NAGPUR RLY.,2013,0,0,0,0,0,0,0,0,0,0
Maharashtra,NAGPUR RURAL,2013,0,1,1,0,0,0,0,0,0,3
Maharashtra,NANDED,2013,0,4,0,0,0,0,0,8,1,2
Maharashtra,NANDURBAR,2013,1,4,0,0,1,0,1,0,3,4
Maharashtra,NASIK COMMR.,2013,0,2,0,0,0,0,0,0,0,1
Maharashtra,NASIK RURAL,2013,1,6,1,2,0,0,1,0,5,19
Maharashtra,NAVI MUMBAI,2013,0,1,0,0,0,0,0,0,0,0
Maharashtra,OSMANABAD,2013,0,1,0,0,0,0,0,0,0,2
Maharashtra,PARBHANI,2013,0,1,0,0,0,0,0,0,0,3
Maharashtra,PUNE COMMR.,2013,0,0,0,0,0,0,0,0,0,0
Maharashtra,PUNE RLY.,2013,0,0,0,0,0,0,0,0,0,0
Maharashtra,PUNE RURAL,2013,0,6,0,0,0,0,0,0,1,3
Maharashtra,RAIGAD,2013,0,1,1,0,0,0,4,0,5,2
Maharashtra,RATNAGIRI,2013,0,0,0,0,0,0,0,0,1,0
Maharashtra,SANGLI,2013,0,0,0,0,0,0,0,0,0,0
Maharashtra,SATARA,2013,0,1,0,0,0,0,0,0,0,0
Maharashtra,SINDHUDURG,2013,0,0,0,0,0,0,0,0,0,0
Maharashtra,SOLAPUR COMMR.,2013,0,0,0,0,0,0,0,0,0,0
Maharashtra,SOLAPUR RURAL,2013,0,4,1,0,0,0,0,0,0,1
Maharashtra,THANE COMMR.,2013,0,2,0,0,0,0,0,0,0,1
Maharashtra,THANE RURAL,2013,0,1,0,1,0,0,7,0,3,23
Maharashtra,WARDHA,2013,1,3,0,0,0,0,0,0,3,3
Maharashtra,WASHIM,2013,0,0,0,0,0,0,0,0,0,9
Maharashtra,YAVATMAL,2013,1,12,2,0,0,0,3,0,7,39
Maharashtra,ZZ TOTAL,2013,7,91,9,6,2,5,29,8,45,213
Manipur,BISHNUPUR,2013,0,0,0,0,0,0,0,0,0,0
Manipur,CHANDEL,2013,0,0,0,0,0,0,0,0,0,0
Manipur,CHURACHANDPUR,2013,0,0,0,0,0,0,0,0,0,0
Manipur,CID,2013,0,0,0,0,0,0,0,0,0,0
Manipur,IMPHAL EAST,2013,0,0,0,0,0,0,0,0,0,0
Manipur,IMPHAL WEST,2013,0,1,0,0,0,0,0,0,0,0
Manipur,SENAPATI,2013,0,0,0,0,0,0,0,0,0,0
Manipur,TAMENGLONG,2013,0,0,0,0,0,0,0,0,0,0
Manipur,THOUBAL,2013,0,1,0,0,0,0,0,0,0,0
Manipur,UKHRUL,2013,0,0,0,0,0,0,0,0,0,0
Manipur,ZZ TOTAL,2013,0,2,0,0,0,0,0,0,0,0
Meghalaya,GARO HILLS EAST,2013,0,0,0,0,0,0,0,0,0,0
Meghalaya,GARO HILLS NORTH,2013,0,0,0,0,0,0,0,0,0,0
Meghalaya,GARO HILLS SOUTH,2013,0,0,0,0,0,0,0,0,0,0
Meghalaya,GARO HILLS SOUTH W.,2013,0,0,0,0,0,0,0,0,0,0
Meghalaya,GARO HILLS WEST,2013,0,0,0,0,0,0,0,0,0,0
Meghalaya,JAINTIA HILLS EAST,2013,0,0,0,0,0,0,0,0,0,0
Meghalaya,JAINTIA HILLS WEST,2013,0,0,0,0,0,0,0,0,0,0
Meghalaya,KHASI HILLS EAST,2013,0,0,0,0,0,0,0,0,0,0
Meghalaya,KHASI HILLS SOUTH W.,2013,0,0,0,0,0,0,0,0,0,0
Meghalaya,KHASI HILLS WEST,2013,0,0,0,0,0,0,0,0,0,0
Meghalaya,RI-BHOI,2013,0,0,0,0,0,0,0,0,0,0
Meghalaya,ZZ TOTAL,2013,0,0,0,0,0,0,0,0,0,0
Mizoram,AIZAWL,2013,0,0,0,0,0,0,0,0,0,0
Mizoram,CHAMPHAI,2013,0,0,0,0,0,0,0,0,0,0
Mizoram,KOLASIB,2013,0,0,0,0,0,0,0,0,0,0
Mizoram,LAWNGTLAI,2013,0,0,0,0,0,0,0,0,0,0
Mizoram,LUNGLEI,2013,0,0,0,0,0,0,0,0,0,0
Mizoram,MAMIT,2013,0,0,0,0,0,0,0,0,0,0
Mizoram,SAIHA,2013,0,0,0,0,0,0,0,0,0,0
Mizoram,SERCHHIP,2013,0,0,0,0,0,0,0,0,0,0
Mizoram,SPL NARCOTIC,2013,0,0,0,0,0,0,0,0,0,0
Mizoram,TRAFFIC PS,2013,0,0,0,0,0,0,0,0,0,0
Mizoram,ZZ TOTAL,2013,0,0,0,0,0,0,0,0,0,0
Nagaland,DIMAPUR,2013,10,6,0,0,0,0,2,0,0,0
Nagaland,KIPHIRE,2013,0,0,0,0,0,0,0,0,0,0
Nagaland,KOHIMA,2013,0,0,0,0,0,0,0,0,0,0
Nagaland,LONGLENG,2013,0,0,0,0,0,0,0,0,0,0
Nagaland,MOKOKCHUNG,2013,0,0,0,0,0,0,0,0,0,0
Nagaland,MON,2013,0,0,0,0,0,0,0,0,0,0
Nagaland,PEREN,2013,0,0,0,0,0,0,0,0,0,0
Nagaland,PHEK,2013,0,0,0,0,0,0,0,0,0,0
Nagaland,TUENSANG,2013,0,0,0,0,0,0,0,0,0,0
Nagaland,WOKHA,2013,0,0,0,0,0,0,0,0,0,0
Nagaland,ZUNHEBOTO,2013,0,0,0,0,0,0,0,0,0,0
Nagaland,ZZ TOTAL,2013,10,6,0,0,0,0,2,0,0,0
Odisha,ANGUL,2013,0,1,0,0,0,0,0,0,24,0
Odisha,BALASORE,2013,0,5,1,0,0,1,25,0,43,0
Odisha,BARAGARH,2013,0,1,1,0,0,0,19,0,30,0
Odisha,BERHAMPUR,2013,0,0,0,0,0,0,0,0,3,0
Odisha,BHADRAK,2013,0,0,0,0,0,0,0,0,4,0
Odisha,BOLANGIR,2013,1,3,0,0,1,1,0,0,33,0
Odisha,BOUDH,2013,0,0,0,0,0,0,3,0,8,0
Odisha,CUTTACK,2013,0,0,1,0,0,0,3,0,5,0
Odisha,DCP BBSR,2013,0,0,0,0,0,0,1,0,1,0
Odisha,DCP CTC,2013,0,0,0,0,0,0,0,0,0,0
Odisha,DEOGARH,2013,0,0,0,0,0,0,0,0,5,0
Odisha,DHENKANAL,2013,0,1,2,1,0,0,4,0,31,0
Odisha,GAJAPATI,2013,0,0,0,0,0,0,5,0,8,2
Odisha,GANJAM,2013,0,0,0,0,0,0,0,0,0,0
Odisha,JAGATSINGHPUR,2013,0,0,0,0,0,0,0,0,2,0
Odisha,JAJPUR,2013,0,1,0,0,0,0,7,0,6,0
Odisha,JHARSUGUDA,2013,0,2,0,0,0,0,13,0,15,0
Odisha,KALAHANDI,2013,2,4,0,0,0,0,0,0,34,0
Odisha,KANDHAMAL,2013,0,2,0,0,0,0,7,0,13,0
Odisha,KENDRAPARA,2013,0,0,0,0,0,1,0,0,1,0
Odisha,KEONJHAR,2013,0,6,0,0,0,0,23,0,29,0
Odisha,KHURDA,2013,0,0,0,0,0,0,0,0,0,0
Odisha,KORAPUT,2013,0,3,0,0,0,0,0,0,10,0
Odisha,MALKANGIR,2013,0,0,0,0,0,0,0,0,2,0
Odisha,MAYURBHANJ,2013,1,9,2,0,0,0,36,1,76,0
Odisha,NAYAGARH,2013,0,0,0,0,0,0,5,0,5,0
Odisha,NOWRANGPUR,2013,0,8,0,0,1,0,11,0,25,0
Odisha,NUAPADA,2013,0,0,0,0,0,0,6,0,6,0
Odisha,PURI,2013,0,0,0,0,0,0,0,0,0,0
Odisha,RAYAGADA,2013,0,3,1,0,0,0,6,0,21,0
Odisha,ROURKELA,2013,0,1,0,0,0,0,0,0,11,0
Odisha,SAMBALPUR,2013,0,3,0,0,0,2,11,0,28,0
Odisha,SONEPUR,2013,0,2,0,0,0,0,2,0,12,0
Odisha,SRP(CUTTACK),2013,0,0,0,0,1,0,0,0,1,0
Odisha,SRP(ROURKELA),2013,0,0,0,0,0,0,0,0,2,0
Odisha,SUNDARGARH,2013,0,3,0,0,0,0,9,0,19,0
Odisha,ZZ TOTAL,2013,4,58,8,1,3,5,196,1,513,2
Punjab,AMRITSAR RURAL,2013,0,0,0,0,0,0,0,0,0,0
Punjab,BARNALA,2013,0,0,0,0,0,0,0,0,0,0
Punjab,BATALA,2013,0,0,0,0,0,0,0,0,0,0
Punjab,BHATINDA,2013,0,0,0,0,0,0,0,0,0,0
Punjab,CP AMRITSAR,2013,0,0,0,0,0,0,0,0,0,0
Punjab,CP JALANDHAR,2013,0,0,0,0,0,0,0,0,0,0
Punjab,CP LUDHIANA,2013,0,0,0,0,0,0,0,0,0,0
Punjab,FARIDKOT,2013,0,0,0,0,0,0,0,0,0,0
Punjab,FATEHGARH SAHIB,2013,0,0,0,0,0,0,0,0,0,0
Punjab,FAZILKA,2013,0,0,0,0,0,0,0,0,0,0
Punjab,FEROZPUR,2013,0,0,0,0,0,0,0,0,0,0
Punjab,G.R.P,2013,0,0,0,0,0,0,0,0,0,0
Punjab,GURDASPUR,2013,0,0,0,0,0,0,0,0,0,0
Punjab,HOSHIARPUR,2013,0,0,0,0,0,0,0,0,0,0
Punjab,JALANDHAR RURAL,2013,0,0,0,0,0,0,0,0,0,0
Punjab,KAPURTHALA,2013,0,0,0,0,0,0,0,0,0,0
Punjab,KHANNA,2013,0,0,0,0,0,0,0,0,0,0
Punjab,LUDHIANA RURAL,2013,0,0,0,0,0,0,0,0,0,0
Punjab,MANSA,2013,0,0,0,0,0,0,0,0,0,0
Punjab,MOGA,2013,0,0,0,0,0,0,0,0,0,0
Punjab,MUKTSAR,2013,0,0,0,0,0,0,0,0,0,0
Punjab,PATHANKOT,2013,0,0,0,0,0,0,0,0,0,0
Punjab,PATIALA,2013,0,0,0,0,0,0,0,0,0,0
Punjab,ROPAR,2013,0,0,0,0,0,0,0,0,0,0
Punjab,SANGRUR,2013,0,0,0,0,0,0,0,0,0,0
Punjab,SAS NGR,2013,0,0,0,0,0,0,0,0,0,0
Punjab,SBS NAGAR,2013,0,0,0,0,0,0,0,0,0,0
Punjab,TARN TARAN,2013,0,0,0,0,0,0,0,0,0,0
Punjab,ZZ TOTAL,2013,0,0,0,0,0,0,0,0,0,0
Rajasthan,AJMER,2013,0,1,0,0,0,0,0,0,0,18
Rajasthan,ALWAR,2013,3,4,0,0,0,0,0,0,0,116
Rajasthan,BANSWARA,2013,0,3,1,0,0,0,0,0,1,44
Rajasthan,BARAN,2013,1,10,2,0,0,0,4,0,1,55
Rajasthan,BARMER,2013,0,6,0,0,0,1,1,0,1,68
Rajasthan,BHARATPUR,2013,0,0,0,0,0,0,0,0,0,29
Rajasthan,BHILWARA,2013,0,2,0,0,0,0,0,0,1,54
Rajasthan,BIKANER,2013,0,0,0,0,0,0,0,0,0,5
Rajasthan,BUNDI,2013,1,4,0,0,0,0,2,0,3,39
Rajasthan,CHITTORGARH,2013,1,7,0,0,0,0,0,0,1,45
Rajasthan,CHURU,2013,0,0,0,0,0,0,5,0,0,5
Rajasthan,DAUSA,2013,0,1,1,0,0,0,0,0,0,90
Rajasthan,DHOLPUR,2013,0,1,0,0,0,0,6,0,0,8
Rajasthan,DISCOM,2013,0,0,0,0,0,0,0,0,0,0
Rajasthan,DUNGARPUR,2013,0,1,0,0,0,0,0,0,0,15
Rajasthan,G.R.P.AJMER,2013,0,1,0,0,0,0,0,0,1,0
Rajasthan,G.R.P.JODHPUR,2013,0,0,0,0,0,0,0,0,0,0
Rajasthan,GANGANAGAR,2013,0,0,0,0,0,0,0,0,0,2
Rajasthan,HANUMANGARH,2013,0,0,0,0,0,0,0,0,0,4
Rajasthan,JAIPUR EAST,2013,0,0,0,0,0,0,0,0,0,51
Rajasthan,JAIPUR NORTH,2013,0,1,0,0,0,0,1,0,0,12
Rajasthan,JAIPUR RURAL,2013,2,3,0,0,0,3,0,0,2,72
Rajasthan,JAIPUR SOUTH,2013,0,1,0,0,0,0,0,0,2,24
Rajasthan,JAIPUR WEST,2013,0,0,1,0,0,0,0,0,2,46
Rajasthan,JAISALMER,2013,0,1,0,0,0,0,0,0,0,29
Rajasthan,JALORE,2013,1,2,0,0,0,0,0,0,1,26
Rajasthan,JHALAWAR,2013,0,4,7,0,0,0,2,0,1,52
Rajasthan,JHUNJHUNU,2013,0,0,0,0,0,0,2,0,0,23
Rajasthan,JODHPUR EAST,2013,1,0,0,0,0,0,1,0,0,3
Rajasthan,JODHPUR RURAL,2013,0,0,0,0,0,0,23,0,0,0
Rajasthan,JODHPUR WEST,2013,0,0,0,0,0,0,1,0,0,7
Rajasthan,KARAULI,2013,0,2,0,0,0,0,0,0,0,59
Rajasthan,KOTA CITY,2013,2,4,0,0,0,0,0,0,0,27
Rajasthan,KOTA RURAL,2013,1,1,0,0,0,0,1,0,0,29
Rajasthan,NAGAUR,2013,0,0,0,0,0,1,0,0,0,1
Rajasthan,PALI,2013,1,0,1,0,0,0,1,0,0,40
Rajasthan,PRATAPGARH,2013,0,5,2,0,0,0,25,0,0,20
Rajasthan,RAJSAMAND,2013,1,1,1,0,0,0,2,0,0,16
Rajasthan,SAWAI MADHOPUR,2013,1,1,0,0,0,0,0,0,1,46
Rajasthan,SIKAR,2013,1,0,0,0,0,0,2,0,0,50
Rajasthan,SIROHI,2013,2,2,2,0,0,0,6,0,2,29
Rajasthan,TONK,2013,1,4,1,0,0,1,27,0,2,49
Rajasthan,UDAIPUR,2013,1,10,3,0,0,0,8,0,2,67
Rajasthan,ZZ TOTAL,2013,21,83,22,0,0,6,120,0,24,1375
Sikkim,EAST,2013,0,0,0,0,0,2,3,0,0,0
Sikkim,NORTH,2013,0,0,0,0,0,0,0,0,0,0
Sikkim,SOUTH,2013,0,0,0,0,0,4,2,0,0,0
Sikkim,WEST,2013,0,0,0,0,0,2,4,0,0,0
Sikkim,ZZ TOTAL,2013,0,0,0,0,0,8,9,0,0,0
Tamil Nadu,ARIYALUR,2013,0,0,0,0,0,0,0,0,0,0
Tamil Nadu,CHENNAI,2013,0,0,0,0,0,0,0,0,0,0
Tamil Nadu,CHENNAI RLY.,2013,0,0,0,0,0,0,0,0,0,0
Tamil Nadu,COIMBATORE RURAL,2013,0,0,0,0,0,0,0,0,0,0
Tamil Nadu,COIMBATORE URBAN,2013,0,0,0,0,0,0,0,0,0,0
Tamil Nadu,CUDDALORE,2013,0,0,0,0,0,0,0,0,0,0
Tamil Nadu,DHARMAPURI,2013,0,0,0,0,0,0,0,0,0,0
Tamil Nadu,DINDIGUL,2013,0,0,0,0,0,0,0,0,0,0
Tamil Nadu,ERODE,2013,0,0,0,0,0,0,0,0,0,0
Tamil Nadu,KANCHIPURAM,2013,0,0,0,0,0,0,0,0,0,0
Tamil Nadu,KANYAKUMARI,2013,0,0,0,0,0,0,0,0,0,0
Tamil Nadu,KARUR,2013,0,0,0,0,0,0,0,0,0,0
Tamil Nadu,KRISHNAGIRI,2013,0,0,0,0,0,0,0,0,0,0
Tamil Nadu,MADURAI RURAL,2013,0,0,0,0,0,0,0,0,0,1
Tamil Nadu,MADURAI URBAN,2013,0,0,0,0,0,0,0,0,0,0
Tamil Nadu,NAGAPATTINAM,2013,0,0,0,0,0,0,0,0,0,0
Tamil Nadu,NAMAKKAL,2013,0,0,0,0,1,0,3,0,1,0
Tamil Nadu,NILGIRIS,2013,0,1,0,0,0,0,0,0,0,0
Tamil Nadu,PERAMBALUR,2013,0,0,0,0,0,0,0,0,0,0
Tamil Nadu,PUDUKOTTAI,2013,0,0,0,0,0,0,0,0,0,0
Tamil Nadu,RAMNATHAPURAM,2013,0,0,0,0,0,0,0,0,0,0
Tamil Nadu,SALEM RURAL,2013,0,0,0,0,0,0,0,0,0,0
Tamil Nadu,SALEM URBAN,2013,0,0,0,0,0,0,0,0,0,0
Tamil Nadu,SIVAGANGAI,2013,0,0,0,0,0,0,0,0,0,0
Tamil Nadu,THANJAVUR,2013,0,0,0,0,0,0,0,0,0,0
Tamil Nadu,THENI,2013,0,0,0,0,0,0,0,0,0,0
Tamil Nadu,THIRUNELVELI RURAL,2013,0,0,0,0,0,0,0,0,1,0
Tamil Nadu,THIRUNELVELI URBAN,2013,0,0,0,0,0,0,0,0,0,0
Tamil Nadu,THIRUVALLUR,2013,0,0,0,0,0,0,0,0,0,0
Tamil Nadu,THIRUVANNAMALAI,2013,0,0,0,0,0,0,0,0,4,0
Tamil Nadu,THIRUVARUR,2013,0,0,0,0,0,0,0,0,0,0
Tamil Nadu,THOOTHUGUDI,2013,0,0,0,0,0,0,0,0,0,0
Tamil Nadu,TIRUPPUR,2013,1,0,0,0,0,0,0,0,0,0
Tamil Nadu,TRICHY RLY.,2013,0,0,0,0,0,0,0,0,0,0
Tamil Nadu,TRICHY RURAL,2013,0,0,0,0,0,0,0,0,0,0
Tamil Nadu,TRICHY URBAN,2013,0,0,0,0,0,0,0,0,0,0
Tamil Nadu,VELLORE,2013,0,0,0,0,0,0,0,0,0,0
Tamil Nadu,VILLUPURAM,2013,0,1,0,0,0,0,8,0,0,0
Tamil Nadu,VIRUDHUNAGAR,2013,0,0,0,0,1,0,0,0,0,0
Tamil Nadu,ZZ TOTAL,2013,1,2,0,0,2,0,11,0,6,1
Tripura,DHALAI,2013,0,0,0,0,0,0,0,0,0,0
Tripura,GOMATI,2013,0,0,2,0,0,0,3,0,0,4
Tripura,GRP,2013,0,0,0,0,0,0,0,0,0,0
Tripura,KHOWAI,2013,0,1,0,0,0,0,0,0,0,3
Tripura,NORTH,2013,0,0,0,0,0,0,0,0,0,0
Tripura,SIPAHIJALA,2013,0,0,0,0,0,0,0,0,0,0
Tripura,SOUTH,2013,0,2,0,0,0,0,4,0,0,5
Tripura,UNAKOTI,2013,0,0,0,0,0,0,0,0,0,0
Tripura,WEST,2013,0,0,0,0,0,0,0,0,0,0
Tripura,ZZ TOTAL,2013,0,3,2,0,0,0,7,0,0,12
Uttar Pradesh,AGRA,2013,0,0,0,0,0,0,0,0,0,0
Uttar Pradesh,ALIGARH,2013,0,0,0,0,0,0,0,0,0,0
Uttar Pradesh,ALLAHABAD,2013,0,0,0,0,0,0,0,0,0,0
Uttar Pradesh,AMBEDKAR NAGAR,2013,0,0,0,0,0,0,0,0,0,0
Uttar Pradesh,AMETHI,2013,0,0,0,0,0,0,0,0,0,0
Uttar Pradesh,AMROHA,2013,0,0,0,0,0,0,0,0,0,0
Uttar Pradesh,AURAIYA,2013,0,0,0,0,0,0,0,0,0,0
Uttar Pradesh,AZAMGARH,2013,0,0,0,0,0,0,0,0,0,0
Uttar Pradesh,BADAUN,2013,0,0,0,0,0,0,0,0,0,0
Uttar Pradesh,BAGHPAT,2013,0,0,0,0,0,0,0,0,0,0
Uttar Pradesh,BAHRAICH,2013,0,0,0,0,0,0,0,0,0,0
Uttar Pradesh,BALLIA,2013,0,0,0,0,0,0,0,0,0,0
Uttar Pradesh,BALRAMPUR,2013,0,0,0,0,0,0,0,0,0,0
Uttar Pradesh,BANDA,2013,0,0,0,0,0,0,0,0,0,0
Uttar Pradesh,BARABANKI,2013,0,0,0,0,0,0,0,0,0,0
Uttar Pradesh,BAREILLY,2013,1,0,0,0,0,0,0,0,0,1
Uttar Pradesh,BASTI,2013,0,0,0,0,0,0,0,0,0,0
Uttar Pradesh,BIJNOR,2013,0,0,0,0,0,0,0,0,0,0
Uttar Pradesh,BULANDSHAHAR,2013,0,0,0,0,0,0,0,0,0,0
Uttar Pradesh,CHANDOLI,2013,0,0,0,0,0,0,0,0,0,0
Uttar Pradesh,CHITRAKOOT DHAM,2013,0,0,0,0,0,0,0,0,0,0
Uttar Pradesh,DEORIA,2013,0,0,0,0,0,0,0,0,0,0
Uttar Pradesh,ETAH,2013,0,0,0,0,0,0,0,0,0,1
Uttar Pradesh,ETAWAH,2013,0,0,0,0,0,0,0,0,0,0
Uttar Pradesh,FAIZABAD,2013,0,0,0,0,0,0,0,0,0,0
Uttar Pradesh,FATEHGARH,2013,0,0,0,0,0,0,0,0,0,0
Uttar Pradesh,FATEHPUR,2013,0,0,0,0,0,0,0,0,0,0
Uttar Pradesh,FIROZABAD,2013,0,0,0,0,0,0,0,0,0,0
Uttar Pradesh,G.R.P.,2013,0,0,0,0,0,0,0,0,0,0
Uttar Pradesh,GAUTAMBUDH NAGAR,2013,0,0,0,0,0,0,0,0,0,0
Uttar Pradesh,GHAZIABAD,2013,0,0,0,0,0,0,0,0,0,0
Uttar Pradesh,GHAZIPUR,2013,0,0,0,0,0,0,0,0,0,0
Uttar Pradesh,GONDA,2013,0,0,0,0,0,0,0,0,0,0
Uttar Pradesh,GORAKHPUR,2013,0,0,0,0,0,0,0,0,0,0
Uttar Pradesh,HAMIRPUR,2013,0,0,0,0,0,0,0,0,0,0
Uttar Pradesh,HAPUR,2013,0,0,0,0,0,0,0,0,0,0
Uttar Pradesh,HARDOI,2013,0,0,0,0,0,0,0,0,0,0
Uttar Pradesh,HATHRAS,2013,0,0,0,0,0,0,0,0,0,0
Uttar Pradesh,JALAUN,2013,0,0,0,0,0,0,0,0,0,0
Uttar Pradesh,JAUNPUR,2013,0,0,0,0,0,0,0,0,0,0
Uttar Pradesh,JHANSI,2013,0,0,0,0,0,0,0,0,0,0
Uttar Pradesh,KANNAUJ,2013,0,0,0,0,0,0,0,0,0,0
Uttar Pradesh,KANPUR DEHAT,2013,0,0,0,0,0,0,0,0,0,1
Uttar Pradesh,KANPUR NAGAR,2013,0,0,0,0,0,0,0,0,0,0
Uttar Pradesh,KASGANJ,2013,0,0,0,0,0,0,0,0,0,1
Uttar Pradesh,KAUSHAMBI,2013,0,0,0,0,0,0,0,0,0,0
Uttar Pradesh,KHIRI,2013,0,0,0,0,0,0,0,0,0,0
Uttar Pradesh,KUSHI NAGAR,2013,0,0,0,0,0,0,0,0,0,0
Uttar Pradesh,LALITPUR,2013,0,0,0,0,0,0,0,0,5,3
Uttar Pradesh,LUCKNOW,2013,0,0,0,0,0,0,0,0,3,0
Uttar Pradesh,MAHARAJGANJ,2013,0,0,1,0,0,0,0,0,0,0
Uttar Pradesh,MAHOBA,2013,0,0,0,0,0,0,0,0,0,0
Uttar Pradesh,MAINPURI,2013,0,0,0,0,0,0,0,0,0,0
Uttar Pradesh,MATHURA,2013,0,0,0,0,0,0,0,0,0,0
Uttar Pradesh,MAU,2013,0,0,0,0,0,0,0,0,0,0
Uttar Pradesh,MEERUT,2013,0,0,0,0,0,0,0,0,0,0
Uttar Pradesh,MIRZAPUR,2013,0,0,0,0,0,0,0,0,0,0
Uttar Pradesh,MORADABAD,2013,0,0,0,0,0,0,0,0,0,0
Uttar Pradesh,MUZAFFARNAGAR,2013,0,0,0,0,0,0,0,0,0,0
Uttar Pradesh,PILIBHIT,2013,0,0,0,0,0,0,0,0,0,0
Uttar Pradesh,PRATAPGARH,2013,0,0,0,0,0,0,0,0,0,0
Uttar Pradesh,RAIBAREILLY,2013,0,0,0,0,0,0,0,0,0,0
Uttar Pradesh,RAMPUR,2013,0,0,0,0,0,0,0,0,0,0
Uttar Pradesh,SAHARANPUR,2013,0,0,0,0,0,0,0,0,0,0
Uttar Pradesh,SAMBHAL,2013,0,0,0,0,0,0,0,0,0,0
Uttar Pradesh,SANT KABIRNAGAR,2013,0,0,0,0,0,0,0,0,0,0
Uttar Pradesh,SHAHJAHANPUR,2013,0,0,0,0,0,0,0,0,0,0
Uttar Pradesh,SHAMLI,2013,0,0,0,0,0,0,0,0,0,0
Uttar Pradesh,SHRAWASTI,2013,0,0,0,0,0,0,0,0,0,0
Uttar Pradesh,SIDHARTHNAGAR,2013,0,0,0,0,0,0,0,0,0,0
Uttar Pradesh,SITAPUR,2013,0,0,0,0,0,0,0,0,0,0
Uttar Pradesh,SONBHADRA,2013,2,2,1,0,0,0,0,0,2,1
Uttar Pradesh,ST.RAVIDASNAGAR,2013,0,0,0,0,0,0,0,0,0,0
Uttar Pradesh,SULTANPUR,2013,0,0,0,0,0,0,0,0,0,0
Uttar Pradesh,UNNAO,2013,0,0,0,0,0,0,0,0,0,0
Uttar Pradesh,VARANASI,2013,0,0,0,0,0,0,0,0,0,0
Uttar Pradesh,ZZ TOTAL,2013,3,2,2,0,0,0,0,0,10,8
Uttarakhand,ALMORA,2013,0,0,0,0,0,0,0,0,0,0
Uttarakhand,BAGESHWAR,2013,0,0,0,0,0,0,0,0,0,0
Uttarakhand,CHAMOLI,2013,0,0,0,0,0,0,0,0,0,0
Uttarakhand,CHAMPAWAT,2013,0,0,0,0,0,0,0,0,0,0
Uttarakhand,DEHRADUN,2013,0,0,0,0,0,0,1,0,1,0
Uttarakhand,HARIDWAR,2013,0,0,0,0,0,0,0,0,0,0
Uttarakhand,NAINITAL,2013,0,0,0,0,0,0,0,0,0,0
Uttarakhand,PAURI GARHWAL,2013,0,0,0,0,0,0,0,0,0,0
Uttarakhand,PITHORAGARH,2013,0,0,0,0,0,0,0,0,0,0
Uttarakhand,RUDRA PRAYAG,2013,0,0,0,0,0,0,0,0,0,0
Uttarakhand,TEHRI GARHWAL,2013,0,0,0,0,0,0,0,0,0,0
Uttarakhand,UDHAMSINGH NAGAR,2013,0,0,0,0,0,0,0,0,0,0
Uttarakhand,UTTARKASHI,2013,0,0,0,0,0,0,0,0,0,0
Uttarakhand,ZZ TOTAL,2013,0,0,0,0,0,0,1,0,1,0
West Bengal,24 PARGANAS NORTH,2013,0,0,0,0,0,0,0,0,0,0
West Bengal,24 PARGANAS SOUTH,2013,0,0,0,0,0,0,0,0,0,0
West Bengal,ASANSOL,2013,0,0,0,0,0,0,0,0,1,5
West Bengal,BANKURA,2013,0,0,0,0,0,0,0,0,0,4
West Bengal,BDN CP,2013,0,0,0,0,0,0,0,0,0,0
West Bengal,BIRBHUM,2013,1,1,0,0,0,0,0,0,0,7
West Bengal,BKP CP,2013,0,0,0,0,0,0,0,0,3,5
West Bengal,BURDWAN,2013,0,2,0,0,0,0,0,0,1,11
West Bengal,COOCHBEHAR,2013,0,0,0,0,0,0,0,0,0,0
West Bengal,DAKSHIN DINAJPUR,2013,0,0,0,0,0,0,2,0,0,11
West Bengal,DARJEELING,2013,0,0,0,0,0,0,0,0,4,11
West Bengal,HOOGHLY,2013,0,0,0,0,0,0,0,0,0,1
West Bengal,HOWRAH,2013,0,0,0,0,0,0,0,0,0,0
West Bengal,HOWRAH CITY,2013,0,0,0,0,0,0,0,0,1,0
West Bengal,HOWRAH G.R.P.,2013,0,0,0,0,0,0,0,0,0,0
West Bengal,JALPAIGURI,2013,0,1,0,0,0,0,0,0,8,2
West Bengal,JHARGRAM,2013,0,1,0,0,0,0,0,0,0,2
West Bengal,KHARAGPUR G.R.P.,2013,0,0,0,0,0,0,0,0,0,1
West Bengal,KOLKATA,2013,0,0,0,0,0,0,0,0,1,3
West Bengal,MALDA,2013,0,2,0,0,0,0,0,0,0,2
West Bengal,MURSHIDABAD,2013,0,0,0,0,0,0,0,0,1,0
West Bengal,NADIA,2013,0,0,0,0,0,0,0,0,3,0
West Bengal,PASCHIM MIDNAPUR,2013,0,0,0,0,0,0,0,0,0,5
West Bengal,PURAB MIDNAPUR,2013,0,0,0,0,0,0,0,0,0,0
West Bengal,PURULIA,2013,0,0,0,0,0,0,0,0,0,1
West Bengal,SEALDAH G.R.P.,2013,0,0,0,0,0,0,0,0,0,0
West Bengal,SILIGURI G.R.P.,2013,0,0,0,0,0,0,0,0,0,0
West Bengal,SILIGURI_PC,2013,0,0,0,0,0,0,0,0,3,6
West Bengal,UTTAR DINAJPUR,2013,0,2,1,0,0,0,1,0,0,5
West Bengal,ZZ TOTAL,2013,1,9,1,0,0,0,3,0,26,82
A&N Islands,CAR,2013,0,0,0,0,0,0,0,1,0,1
A&N Islands,NORTH,2013,0,0,0,0,0,0,0,0,0,0
A&N Islands,SOUTH,2013,0,0,0,0,0,0,0,0,0,0
A&N Islands,ZZ TOTAL,2013,0,0,0,0,0,0,0,1,0,1
Chandigarh,CHANDIGARH,2013,0,0,0,0,0,0,0,0,0,0
Chandigarh,ZZ TOTAL,2013,0,0,0,0,0,0,0,0,0,0
D&N Haveli,D&N HAVELI,2013,0,0,0,0,0,0,0,0,4,3
D&N Haveli,ZZ TOTAL,2013,0,0,0,0,0,0,0,0,4,3
Daman & Diu,DAMAN,2013,0,0,0,0,0,0,0,0,0,1
Daman & Diu,DIU,2013,0,0,0,0,0,0,0,0,0,0
Daman & Diu,ZZ TOTAL,2013,0,0,0,0,0,0,0,0,0,1
Delhi UT,CAW,2013,0,0,0,0,0,0,0,0,0,0
Delhi UT,CENTRAL,2013,0,0,0,0,0,0,0,0,0,0
Delhi UT,CRIME BRANCH,2013,0,0,0,0,0,0,0,0,0,0
Delhi UT,EAST,2013,0,0,0,0,0,0,0,0,0,0
Delhi UT,EOW,2013,0,0,0,0,0,0,0,0,0,0
Delhi UT,GRP(RLY),2013,0,0,0,0,0,0,0,0,0,0
Delhi UT,IGI AIRPORT,2013,0,0,0,0,0,0,0,0,0,0
Delhi UT,METRO RAIL,2013,0,0,0,0,0,0,0,0,0,0
Delhi UT,NEW DELHI,2013,0,0,0,0,0,0,0,0,0,0
Delhi UT,NORTH,2013,0,0,0,0,0,0,0,0,0,0
Delhi UT,NORTH-EAST,2013,0,0,0,0,0,0,0,0,0,0
Delhi UT,NORTH-WEST,2013,0,0,0,0,0,0,0,0,0,0
Delhi UT,OUTER,2013,0,0,0,0,0,0,0,0,0,0
Delhi UT,SOUTH,2013,0,0,0,0,0,0,0,0,0,0
Delhi UT,SOUTH-EAST,2013,0,0,0,0,0,0,0,0,0,0
Delhi UT,SOUTH-WEST,2013,0,0,0,0,0,0,0,0,0,0
Delhi UT,STF,2013,0,0,0,0,0,0,0,0,0,0
Delhi UT,WEST,2013,0,0,0,0,0,0,0,0,0,0
Delhi UT,ZZ TOTAL,2013,0,0,0,0,0,0,0,0,0,0
Lakshadweep,LAKSHADWEEP,2013,0,0,0,0,0,0,0,0,0,0
Lakshadweep,ZZ TOTAL,2013,0,0,0,0,0,0,0,0,0,0
Puducherry,KARAIKAL,2013,0,0,0,0,0,0,0,0,0,0
Puducherry,PUDUCHERRY,2013,0,0,0,0,0,0,0,0,0,0
Puducherry,ZZ TOTAL,2013,0,0,0,0,0,0,0,0,0,0
