state_ut,district,year,infanticid,other_murder,rape,kidnapping_and_abduction,foeticide,abetment_of_suicide,exposure_and_abandonment,procuration_of_minor_girls,buying_of_girls_for_prostitution,selling_of_girls_for_prostitution,prohibition_of_child_marriage_act,other_crimes,total
Andhra Pradesh,ADILABAD,2013,0,1,21,9,0,0,0,0,0,0,1,1,33
Andhra Pradesh,ANANTAPUR,2013,0,1,15,68,0,3,0,0,0,0,0,0,87
Andhra Pradesh,CHITTOOR,2013,0,6,1,0,0,0,0,0,0,0,0,0,7
Andhra Pradesh,CUDDAPAH,2013,2,0,14,32,0,0,0,0,0,0,1,0,49
Andhra Pradesh,CYBERABAD,2013,1,8,45,69,2,0,2,9,0,0,1,19,156
Andhra Pradesh,EAST GODAVARI,2013,0,0,4,1,0,0,0,0,0,0,0,20,25
Andhra Pradesh,GUNTAKAL RLY.,2013,0,0,0,0,0,0,0,0,0,0,0,0,0
Andhra Pradesh,GUNTUR,2013,1,9,21,46,0,0,7,0,0,0,0,0,84
Andhra Pradesh,GUNTUR URBAN,2013,0,0,23,24,0,0,3,0,0,0,0,0,50
Andhra Pradesh,HYDERABAD CITY,2013,0,2,21,16,0,1,0,1,0,0,0,11,52
Andhra Pradesh,KARIMNAGAR,2013,1,3,33,84,0,0,0,0,0,0,1,4,126
Andhra Pradesh,KHAMMAM,2013,1,4,46,83,1,0,0,0,0,0,2,89,226
Andhra Pradesh,KRISHNA,2013,0,2,49,35,0,3,0,0,0,0,0,81,170
Andhra Pradesh,KURNOOL,2013,1,0,15,50,0,0,6,0,0,0,0,27,99
Andhra Pradesh,MAHABOOBNAGAR,2013,0,12,70,35,0,0,2,6,0,0,0,0,125
Andhra Pradesh,MEDAK,2013,0,1,35,11,0,0,2,17,0,0,0,0,66
Andhra Pradesh,NALGONDA,2013,0,1,53,70,2,0,1,0,0,0,3,0,130
Andhra Pradesh,NELLORE,2013,0,4,13,61,0,1,3,0,0,0,0,55,137
Andhra Pradesh,NIZAMABAD,2013,0,6,24,9,2,0,5,6,0,0,2,11,65
Andhra Pradesh,PRAKASHAM,2013,0,3,35,36,0,0,1,1,0,1,0,57,134
Andhra Pradesh,RAJAHMUNDRY,2013,0,0,10,2,0,0,1,0,0,0,0,9,22
Andhra Pradesh,RANGA REDDY,2013,0,5,21,13,0,0,0,0,0,0,1,6,46
Andhra Pradesh,SECUNDERABAD RLY.,2013,0,1,0,2,0,0,0,0,0,0,0,0,3
Andhra Pradesh,SRIKAKULAM,2013,0,2,18,15,0,2,0,0,0,0,1,32,70
Andhra Pradesh,TIRUPATHI URBAN,2013,0,1,2,8,0,0,0,0,0,0,0,0,11
Andhra Pradesh,VIJAYAWADA CITY,2013,0,1,28,38,0,0,6,0,0,0,1,111,185
Andhra Pradesh,VIJAYAWADA RLY.,2013,0,0,0,1,0,0,4,0,0,0,0,1,6
Andhra Pradesh,VISAKHA RURAL,2013,0,1,9,12,0,0,0,0,0,0,0,2,24
Andhra Pradesh,VISAKHAPATNAM,2013,0,2,33,54,0,0,0,0,0,0,0,3,92
Andhra Pradesh,VIZIANAGARAM,2013,0,0,13,10,0,0,0,0,0,0,0,17,40
Andhra Pradesh,WARANGAL,2013,0,3,33,45,0,4,0,0,0,0,1,1,87
Andhra Pradesh,WARANGAL URBAN,2013,0,0,24,27,0,0,0,0,0,0,0,2,53
Andhra Pradesh,WEST GODAVARI,2013,0,8,41,48,0,0,0,0,0,1,1,17,116
Andhra Pradesh,TOTAL,2013,7,87,770,1014,7,14,43,40,0,2,16,576,2576
Arunachal Pradesh,ANJAW,2013,0,0,0,0,0,0,0,0,0,0,0,0,0
Arunachal Pradesh,CHANGLANG,2013,0,0,4,5,0,0,0,0,0,0,0,0,9
Arunachal Pradesh,DIBANG VALLEY,2013,0,0,0,1,0,0,0,0,0,0,0,2,3
Arunachal Pradesh,K/KUMEY,2013,0,0,0,0,0,0,0,0,0,0,0,0,0
Arunachal Pradesh,KAMENG EAST,2013,0,0,1,7,0,0,0,0,0,0,0,0,8
Arunachal Pradesh,KAMENG WEST,2013,0,0,1,0,0,0,0,0,0,0,0,0,1
Arunachal Pradesh,LOHIT,2013,0,0,7,14,0,0,0,0,0,0,0,0,21
Arunachal Pradesh,LONGDING,2013,0,0,0,0,0,0,0,0,0,0,0,0,0
Arunachal Pradesh,PAPUM PARE,2013,0,0,0,0,0,0,0,0,0,0,0,0,0
Arunachal Pradesh,RURAL,2013,0,0,0,0,0,0,0,0,0,0,0,0,0
Arunachal Pradesh,SIANG EAST,2013,0,0,8,5,0,0,0,0,0,0,0,2,15
Arunachal Pradesh,SIANG UPPER,2013,0,0,0,1,0,0,0,0,0,0,0,0,1
Arunachal Pradesh,SIANG WEST,2013,0,0,5,4,0,0,0,0,0,0,0,1,10
Arunachal Pradesh,SUBANSIRI LOWER,2013,0,0,0,0,0,0,0,0,0,0,0,0,0
Arunachal Pradesh,SUBANSIRI UPPER,2013,0,0,9,1,0,0,0,0,0,0,0,1,11
Arunachal Pradesh,TAWANG,2013,0,0,0,0,0,0,0,0,0,0,0,0,0
Arunachal Pradesh,TIRAP,2013,0,0,0,2,0,0,0,0,0,0,0,1,3
Arunachal Pradesh,UPPER DIBANG VALLEY,2013,0,0,0,0,0,0,0,0,0,0,0,0,0
Arunachal Pradesh,TOTAL,2013,0,0,35,40,0,0,0,0,0,0,0,7,82
Assam,BAKSA,2013,0,0,1,4,0,0,0,0,0,0,0,0,5
Assam,BARPETA,2013,0,0,0,0,0,0,0,0,0,0,0,0,0
Assam,BIEO,2013,0,0,0,0,0,0,0,0,0,0,0,0,0
Assam,BONGAIGAON,2013,0,0,3,0,0,0,0,0,0,0,0,0,3
Assam,C.I.D.,2013,0,0,0,0,0,0,0,0,0,0,0,0,0
Assam,CACHAR,2013,0,0,3,5,0,0,0,0,0,0,0,0,8
Assam,CHIRANG,2013,0,1,10,10,0,0,0,0,0,0,0,0,21
Assam,DARRANG,2013,0,0,0,0,0,0,0,0,0,0,0,0,0
Assam,DHEMAJI,2013,0,0,0,0,0,0,0,0,0,0,0,0,0
Assam,DHUBRI,2013,0,1,138,7,0,0,0,127,0,0,1,7,281
Assam,DIBRUGARH,2013,0,0,0,0,0,0,0,0,0,0,0,0,0
Assam,G.R.P.,2013,0,0,0,0,0,0,0,0,0,0,0,0,0
Assam,GOALPARA,2013,0,0,26,2,0,0,0,0,0,0,0,0,28
Assam,GOLAGHAT,2013,0,0,0,0,0,0,0,0,0,0,0,0,0
Assam,GUWAHATI CITY,2013,0,0,0,0,0,0,0,0,0,0,0,0,0
Assam,HAILAKANDI,2013,0,0,0,0,0,0,0,0,0,0,0,0,0
Assam,HAMREN,2013,0,0,0,0,0,0,0,0,0,0,0,0,0
Assam,JORHAT,2013,0,7,8,0,0,0,0,0,0,0,0,0,15
Assam,KAMRUP,2013,0,0,2,0,0,0,0,0,0,0,0,1,3
Assam,KARBI ANGLONG,2013,0,0,4,0,0,0,0,0,0,0,0,0,4
Assam,KARIMGANJ,2013,0,0,0,0,0,0,0,0,0,0,0,0,0
Assam,KOKRAJHAR,2013,0,0,1,7,0,0,0,0,0,0,0,0,8
Assam,LAKHIMPUR,2013,0,0,5,0,0,0,0,0,0,0,0,0,5
Assam,MORIGAON,2013,0,2,6,10,0,0,0,0,0,0,0,8,26
Assam,N.C.HILLS,2013,0,0,0,0,0,0,0,0,0,0,0,0,0
Assam,NAGAON,2013,0,0,7,0,0,0,0,0,0,0,0,0,7
Assam,NALBARI,2013,0,0,6,29,0,0,0,0,0,0,0,1,36
Assam,R.P.O.,2013,0,0,0,0,0,0,0,0,0,0,0,0,0
Assam,SIBSAGAR,2013,0,0,2,4,0,0,0,2,0,0,0,23,31
Assam,SONITPUR,2013,0,2,4,2,0,0,0,0,0,0,0,24,32
Assam,STF,2013,0,0,0,0,0,0,0,0,0,0,0,0,0
Assam,TINSUKIA,2013,0,1,4,0,0,0,0,0,0,0,0,0,5
Assam,UDALGURI,2013,0,0,0,0,0,0,0,0,0,0,0,0,0
Assam,TOTAL,2013,0,14,230,80,0,0,0,129,0,0,1,64,518
Bihar,ARARIA,2013,0,0,1,25,0,0,0,0,0,0,0,0,26
Bihar,ARWAL,2013,0,0,0,0,0,0,0,0,0,0,0,0,0
Bihar,AURANGABAD,2013,0,3,6,0,0,0,0,0,0,0,0,0,9
Bihar,BAGAHA,2013,0,0,0,0,0,0,0,0,0,0,0,0,0
Bihar,BANKA,2013,0,0,0,0,0,0,0,0,0,0,0,0,0
Bihar,BEGUSARAI,2013,0,4,1,0,0,0,0,0,0,0,0,0,5
Bihar,BETTIAH,2013,0,0,0,0,0,0,0,0,0,0,0,0,0
Bihar,BHABHUA,2013,0,0,0,48,0,0,0,0,0,0,0,0,48
Bihar,BHAGALPUR,2013,0,0,0,0,0,0,0,0,0,0,0,0,0
Bihar,BHOJPUR,2013,0,3,1,50,0,0,0,3,0,0,0,0,57
Bihar,BUXAR,2013,0,0,1,0,0,0,0,0,0,0,0,0,1
Bihar,DARBHANGA,2013,0,1,2,4,1,0,1,25,0,2,0,1,37
Bihar,GAYA,2013,0,9,21,91,0,0,0,0,0,0,0,3,124
Bihar,GOPALGANJ,2013,0,4,2,41,0,0,0,0,0,0,0,0,47
Bihar,JAMALPUR RLY.,2013,0,0,0,0,0,0,0,0,0,0,0,0,0
Bihar,JAMUI,2013,0,2,1,1,0,0,0,12,0,0,1,0,17
Bihar,JEHANABAD,2013,0,0,0,0,0,0,0,0,0,0,0,0,0
Bihar,KATIHAR,2013,0,7,5,13,0,0,0,0,0,0,0,0,25
Bihar,KATIHAR RLY.,2013,0,0,0,0,0,0,0,0,0,0,0,0,0
Bihar,KHAGARIA,2013,0,1,1,26,0,0,0,0,0,0,0,0,28
Bihar,KISHANGANJ,2013,0,0,0,0,0,0,0,0,0,0,0,0,0
Bihar,LAKHISARAI,2013,0,9,1,30,0,0,0,0,0,0,0,0,40
Bihar,MADHEPURA,2013,0,0,0,20,0,0,0,42,0,0,0,0,62
Bihar,MADHUBANI,2013,0,1,0,12,0,0,0,0,0,0,0,0,13
Bihar,MOTIHARI,2013,0,1,1,128,0,0,0,1,0,1,0,0,132
Bihar,MUNGER,2013,0,1,1,11,0,0,0,0,0,0,0,0,13
Bihar,MUZAFFARPUR,2013,0,6,6,226,0,0,0,0,0,0,0,0,238
Bihar,MUZAFFARPUR RLY.,2013,0,0,1,0,0,0,0,0,0,0,0,0,1
Bihar,NALANDA,2013,0,1,1,1,0,0,0,23,0,0,0,0,26
Bihar,NAUGACHIA,2013,0,0,0,0,0,0,0,0,0,0,0,2,2
Bihar,NAWADAH,2013,0,7,0,39,0,0,0,0,0,0,0,0,46
Bihar,PATNA,2013,0,10,0,0,0,0,0,15,0,0,0,0,25
Bihar,PATNA RLY.,2013,0,0,0,6,0,0,0,0,0,0,0,6,12
Bihar,PURNEA,2013,0,3,2,35,0,0,0,0,0,0,0,0,40
Bihar,ROHTAS,2013,0,8,4,110,0,0,0,4,0,0,0,0,126
Bihar,SAHARSA,2013,0,4,5,15,0,0,0,38,0,0,0,0,62
Bihar,SAMASTIPUR,2013,0,1,3,24,0,0,0,8,0,0,0,2,38
Bihar,SARAN,2013,0,1,0,107,0,0,0,0,0,0,0,0,108
Bihar,SHEIKHPURA,2013,0,0,8,36,0,0,0,0,0,0,0,0,44
Bihar,SHEOHAR,2013,0,0,0,0,0,0,0,22,0,0,0,0,22
Bihar,SITAMARHI,2013,0,0,0,0,0,0,0,0,0,0,0,0,0
Bihar,SIWAN,2013,0,1,1,5,0,0,0,0,0,0,0,0,7
Bihar,SUPAUL,2013,0,0,0,0,0,0,0,0,0,0,0,0,0
Bihar,VAISHALI,2013,0,13,10,76,0,0,0,0,0,0,0,0,99
Bihar,TOTAL,2013,0,101,86,1180,1,0,1,193,0,3,1,14,1580
Chhattisgarh,BALOD,2013,0,0,10,30,3,0,0,0,0,0,0,35,78
Chhattisgarh,BALODA BAZAR,2013,0,2,26,96,0,0,0,0,0,0,0,43,167
Chhattisgarh,BALRAMPUR,2013,0,4,4,13,0,0,0,0,0,0,0,40,61
Chhattisgarh,BEMETARA,2013,0,1,16,38,0,0,0,0,0,0,0,29,84
Chhattisgarh,BILASPUR,2013,0,1,13,25,2,0,0,0,0,0,0,75,116
Chhattisgarh,BIZAPUR,2013,0,0,1,14,0,1,0,0,0,0,0,21,37
Chhattisgarh,DANTEWARA,2013,1,6,1,6,0,0,0,0,0,0,0,5,19
Chhattisgarh,DHAMTARI,2013,0,0,21,33,0,0,3,0,0,0,0,34,91
Chhattisgarh,DURG,2013,0,6,60,103,0,0,0,0,0,0,0,202,371
Chhattisgarh,GARIYABAND,2013,0,0,24,16,0,0,0,0,0,0,0,14,54
Chhattisgarh,GRP RAIPUR,2013,0,0,1,2,0,0,3,0,0,0,0,0,6
Chhattisgarh,JAGDALPUR,2013,0,0,34,42,0,0,0,0,0,0,0,0,76
Chhattisgarh,JANJGIR,2013,0,7,25,191,1,2,1,0,0,0,0,109,336
Chhattisgarh,JASHPUR,2013,0,0,52,60,0,0,0,0,0,0,0,44,156
Chhattisgarh,KABIRDHAM,2013,0,1,4,1,0,0,0,0,0,0,0,35,41
Chhattisgarh,KANKER,2013,0,1,24,48,0,0,0,0,0,0,0,27,100
Chhattisgarh,KONDAGAON,2013,10,1,0,0,9,25,0,0,0,0,0,35,80
Chhattisgarh,KORBA,2013,0,4,26,73,0,0,0,0,0,0,0,40,143
Chhattisgarh,KORIYA,2013,0,2,32,70,0,0,0,0,0,0,0,30,134
Chhattisgarh,MAHASAMUND,2013,0,2,24,108,0,0,0,0,0,0,0,23,157
Chhattisgarh,MUNGELI,2013,0,0,16,55,0,0,0,0,0,0,0,17,88
Chhattisgarh,NARAYANPUR,2013,0,0,5,2,0,0,0,0,0,0,0,6,13
Chhattisgarh,RAIGARH,2013,1,3,15,106,0,0,0,0,0,0,1,27,153
Chhattisgarh,RAIPUR,2013,1,5,76,427,0,0,0,0,0,0,0,229,738
Chhattisgarh,RAJNANDGAON,2013,2,0,21,0,0,67,0,0,0,0,0,39,129
Chhattisgarh,SARGUJA,2013,0,1,28,18,0,0,0,0,0,0,0,66,113
Chhattisgarh,SUKMA,2013,0,0,0,0,0,0,0,0,0,0,0,0,0
Chhattisgarh,SURAJPUR,2013,0,2,36,57,0,0,0,44,0,0,0,57,196
Chhattisgarh,TOTAL,2013,15,49,595,1634,15,95,7,44,0,0,1,1282,3737
Goa,NORTH GOA,2013,0,0,33,43,0,1,0,0,0,0,0,79,156
Goa,SOUTH GOA,2013,0,0,26,47,0,0,2,0,0,0,0,39,114
Goa,TOTAL,2013,0,0,59,90,0,1,2,0,0,0,0,118,270
Gujarat,AHMEDABAD COMMR.,2013,0,0,49,344,0,0,24,0,0,2,0,0,419
Gujarat,AHMEDABAD RURAL,2013,0,4,1,21,0,0,0,0,0,0,0,0,26
Gujarat,AHWA-DANG,2013,0,0,0,1,0,0,0,0,0,0,0,1,2
Gujarat,AMRELI,2013,0,2,5,47,0,0,2,0,0,0,1,0,57
Gujarat,ANAND,2013,0,2,3,59,0,0,6,0,0,0,0,0,70
Gujarat,BHARUCH,2013,0,1,14,40,0,0,2,0,0,0,0,0,57
Gujarat,BHAVNAGAR,2013,0,8,5,22,0,0,9,0,0,0,1,23,68
Gujarat,CID CRIME,2013,0,0,0,0,0,0,0,0,0,0,0,0,0
Gujarat,DAHOD,2013,0,5,7,61,0,0,4,0,0,0,0,12,89
Gujarat,GANDHINAGAR,2013,0,2,9,25,0,0,1,0,0,0,0,0,37
Gujarat,HIMATNAGAR,2013,0,4,1,57,0,0,7,0,0,0,1,0,70
Gujarat,JAMNAGAR,2013,0,6,9,16,0,0,3,0,0,0,1,0,35
Gujarat,JUNAGADH,2013,0,6,14,46,0,0,4,0,0,0,2,8,80
Gujarat,KHEDA NORTH,2013,0,2,2,63,0,0,9,0,0,0,1,0,77
Gujarat,KUTCH (EAST(G)),2013,0,0,4,12,0,0,2,0,0,0,0,0,18
Gujarat,KUTCH (WEST-BHUJ),2013,0,0,13,26,0,0,2,0,0,0,0,0,41
Gujarat,MEHSANA,2013,0,4,0,4,0,0,0,0,0,0,1,45,54
Gujarat,NARMADA,2013,0,0,1,3,0,0,0,0,0,0,0,0,4
Gujarat,NAVSARI,2013,0,2,3,15,0,0,2,0,0,0,1,0,23
Gujarat,PALANPUR,2013,0,0,6,7,0,0,0,0,0,0,0,3,16
Gujarat,PANCHMAHAL,2013,0,4,9,79,0,0,6,0,0,0,0,0,98
Gujarat,PATAN,2013,0,0,3,5,0,0,2,0,0,0,0,3,13
Gujarat,PORBANDAR,2013,0,1,3,8,0,0,0,0,0,0,1,5,18
Gujarat,RAJKOT COMMR.,2013,0,1,5,39,1,0,10,0,0,0,0,18,74
Gujarat,RAJKOT RURAL,2013,0,4,7,58,0,0,1,0,0,0,0,3,73
Gujarat,SURAT COMMR.,2013,0,4,40,78,0,0,8,0,0,0,0,2,132
Gujarat,SURAT RURAL,2013,0,1,7,23,0,0,0,0,0,0,0,1,32
Gujarat,SURENDRANAGAR,2013,0,3,10,57,0,0,1,0,0,0,0,0,71
Gujarat,TAPI,2013,0,0,1,0,0,0,0,0,0,0,0,3,4
Gujarat,VADODARA COMMR.,2013,0,3,12,73,1,0,2,0,0,0,1,47,139
Gujarat,VADODARA RURAL,2013,0,4,12,65,0,0,1,0,0,0,0,4,86
Gujarat,VALSAD,2013,0,1,7,68,0,0,0,0,0,0,1,0,77
Gujarat,W.RLY AHMEDABAD,2013,0,2,0,6,0,0,0,0,0,0,0,0,8
Gujarat,W.RLY VADODARA,2013,0,1,1,1,0,0,5,0,0,0,0,0,8
Gujarat,TOTAL,2013,0,77,263,1429,2,0,113,0,0,2,12,178,2076
Haryana,AMBALA RURAL,2013,0,11,9,11,0,0,0,0,0,0,0,1,32
Haryana,AMBALA URBAN,2013,0,4,19,39,1,0,0,0,0,0,0,0,63
Haryana,BHIWANI,2013,0,2,23,58,0,0,0,0,0,0,0,15,98
Haryana,FARIDABAD,2013,0,5,31,41,4,0,0,0,0,0,0,13,94
Haryana,FATEHABAD,2013,0,2,10,28,3,0,0,0,0,0,0,8,51
Haryana,GRP,2013,0,1,2,3,6,0,0,0,0,0,0,0,12
Haryana,GURGAON,2013,0,8,17,184,0,0,3,0,0,0,0,0,212
Haryana,HISSAR,2013,0,6,28,77,0,0,0,0,0,0,6,0,117
Haryana,I&P HARYANA,2013,0,0,0,0,0,0,0,0,0,0,0,0,0
Haryana,JHAJJAR,2013,0,3,9,33,0,1,0,0,0,0,0,8,54
Haryana,JIND,2013,0,4,12,26,0,0,0,0,0,0,0,6,48
Haryana,KAITHAL,2013,0,0,11,23,0,0,0,0,0,1,4,25,64
Haryana,KARNAL,2013,0,2,43,137,0,0,1,0,0,1,1,37,222
Haryana,KURUKSHETRA,2013,0,0,6,4,0,0,0,0,0,0,1,23,34
Haryana,MAHENDRAGARH,2013,0,4,16,4,0,0,0,0,0,0,1,17,42
Haryana,MEWAT,2013,0,1,35,15,6,0,1,0,0,0,0,0,58
Haryana,PALWAL,2013,0,0,22,32,0,0,0,0,0,0,0,1,55
Haryana,PANCHKULA,2013,0,3,5,20,0,0,0,0,0,0,0,0,28
Haryana,PANIPAT,2013,0,6,20,50,1,5,2,0,0,0,2,0,86
Haryana,REWARI,2013,0,4,18,21,0,0,0,0,0,0,0,15,58
Haryana,ROHTAK,2013,0,3,6,2,0,0,0,0,0,0,0,28,39
Haryana,SIRSA,2013,0,1,28,62,0,0,0,0,0,0,0,0,91
Haryana,SONIPAT,2013,0,2,5,6,0,0,1,0,0,0,1,7,22
Haryana,YAMUNANAGAR,2013,0,1,13,35,0,0,0,0,0,0,1,10,60
Haryana,TOTAL,2013,0,73,388,911,21,6,8,0,0,2,17,214,1640
Himachal Pradesh,BADDIPOLICEDIST,2013,0,1,3,15,1,0,0,0,0,0,0,0,20
Himachal Pradesh,BILASPUR,2013,0,0,8,21,0,0,0,0,0,0,0,4,33
Himachal Pradesh,CHAMBA,2013,0,0,10,10,0,0,0,0,0,0,0,2,22
Himachal Pradesh,CID,2013,0,0,0,0,0,0,0,0,0,0,0,0,0
Himachal Pradesh,G.R.P.,2013,0,0,0,0,0,0,0,0,0,0,0,0,0
Himachal Pradesh,HAMIRPUR,2013,0,0,5,9,0,0,0,0,0,0,1,4,19
Himachal Pradesh,KANGRA,2013,0,2,17,31,0,0,2,0,0,0,1,19,72
Himachal Pradesh,KINNAUR,2013,0,0,4,3,0,0,0,0,0,0,0,0,7
Himachal Pradesh,KULLU,2013,0,2,14,20,0,0,0,0,0,0,0,10,46
Himachal Pradesh,LAHAUL-SPITI,2013,0,0,1,0,0,0,0,0,0,0,0,0,1
Himachal Pradesh,MANDI,2013,0,0,19,27,0,0,1,0,0,0,0,17,64
Himachal Pradesh,SHIMLA,2013,0,0,9,25,0,0,0,0,0,0,0,10,44
Himachal Pradesh,SIRMAUR,2013,0,0,13,16,1,1,3,0,0,0,0,6,40
Himachal Pradesh,SOLAN,2013,0,0,13,9,0,0,1,1,0,0,0,5,29
Himachal Pradesh,UNA,2013,0,0,14,12,0,0,0,0,0,0,0,5,31
Himachal Pradesh,TOTAL,2013,0,5,130,198,2,1,7,1,0,0,2,82,428
Jammu & Kashmir,ANANTNAG,2013,0,0,0,0,0,0,0,0,0,0,0,0,0
Jammu & Kashmir,AWANTIPORA,2013,0,0,0,0,0,0,0,0,0,0,0,0,0
Jammu & Kashmir,BANDIPORA,2013,0,0,0,0,0,0,0,0,0,0,0,0,0
Jammu & Kashmir,BARAMULLA,2013,0,0,0,0,0,0,0,0,0,0,0,0,0
Jammu & Kashmir,BUDGAM,2013,0,0,0,0,0,0,0,0,0,0,0,0,0
Jammu & Kashmir,CRIME JAMMU,2013,0,0,0,0,0,0,0,0,0,0,0,0,0
Jammu & Kashmir,CRIME SRINAGAR,2013,0,0,0,0,0,0,0,0,0,0,0,0,0
Jammu & Kashmir,DODA,2013,0,0,0,0,0,0,0,0,0,0,0,0,0
Jammu & Kashmir,GANDERBAL,2013,0,0,0,0,0,0,0,0,0,0,0,0,0
Jammu & Kashmir,HANDWARA,2013,0,0,0,0,0,0,0,0,0,0,0,0,0
Jammu & Kashmir,JAMMU,2013,0,1,0,0,0,0,0,0,0,0,0,2,3
Jammu & Kashmir,KARGIL,2013,0,0,0,0,0,0,0,0,0,0,0,0,0
Jammu & Kashmir,KATHUA,2013,0,2,6,11,0,0,3,0,0,0,0,6,28
Jammu & Kashmir,KISHTWAR,2013,0,0,0,0,0,0,0,0,0,0,0,0,0
Jammu & Kashmir,KULGAM,2013,0,0,0,0,0,0,0,0,0,0,0,0,0
Jammu & Kashmir,KUPWARA,2013,0,0,0,0,0,0,0,0,0,0,0,0,0
Jammu & Kashmir,LEH,2013,0,0,0,0,0,0,0,0,0,0,0,0,0
Jammu & Kashmir,POONCH,2013,0,1,8,10,0,0,0,0,0,0,0,1,20
Jammu & Kashmir,PULWAMA,2013,0,0,0,0,0,0,0,0,0,0,0,0,0
Jammu & Kashmir,RAILWAYS JAMMU,2013,0,0,0,0,0,0,0,0,0,0,0,0,0
Jammu & Kashmir,RAILWAYS KASHMIR,2013,0,0,0,0,0,0,0,0,0,0,0,0,0
Jammu & Kashmir,RAILWAYS KATRA,2013,0,0,0,0,0,0,0,0,0,0,0,0,0
Jammu & Kashmir,RAJOURI,2013,0,4,0,0,0,0,0,0,0,0,0,0,4
Jammu & Kashmir,RAMBAN,2013,0,0,0,0,0,0,0,0,0,0,0,0,0
Jammu & Kashmir,REASI,2013,0,0,1,1,0,0,0,0,0,0,0,0,2
Jammu & Kashmir,SAMBA,2013,0,0,3,1,0,0,0,1,0,0,0,0,5
Jammu & Kashmir,SHOPIAN,2013,0,0,0,0,0,0,0,0,0,0,0,0,0
Jammu & Kashmir,SOPORE,2013,0,2,2,0,0,0,0,0,0,0,0,0,4
Jammu & Kashmir,SRINAGAR,2013,0,1,0,0,0,0,0,0,0,0,0,0,1
Jammu & Kashmir,UDHAMPUR,2013,0,0,5,3,0,0,0,0,0,0,0,0,8
Jammu & Kashmir,TOTAL,2013,0,11,25,26,0,0,3,1,0,0,0,9,75
Jharkhand,BOKARO,2013,0,0,0,0,0,0,0,0,0,0,0,0,0
Jharkhand,CHAIBASA,2013,0,10,12,14,4,1,0,0,0,1,1,0,43
Jharkhand,CHATRA,2013,0,0,0,0,0,0,0,0,0,0,0,0,0
Jharkhand,DEOGHAR,2013,0,0,0,0,0,0,0,0,0,0,0,0,0
Jharkhand,DHANBAD,2013,0,0,0,0,0,0,0,0,0,0,0,3,3
Jharkhand,DHANBAD RLY.,2013,1,0,0,3,0,0,0,0,0,0,0,0,4
Jharkhand,DUMKA,2013,0,0,6,9,0,0,0,0,0,0,0,13,28
Jharkhand,GARHWA,2013,0,0,0,0,0,0,0,0,0,0,0,0,0
Jharkhand,GIRIDIH,2013,0,0,0,0,0,0,0,0,0,0,0,0,0
Jharkhand,GODDA,2013,0,0,0,0,0,0,0,0,0,0,0,0,0
Jharkhand,GUMLA,2013,0,0,3,21,0,0,0,7,2,4,0,0,37
Jharkhand,HAZARIBAGH,2013,0,0,0,0,0,0,0,0,0,0,0,0,0
Jharkhand,JAMSHEDPUR,2013,0,0,0,0,0,0,0,0,0,0,0,0,0
Jharkhand,JAMSHEDPUR RLY.,2013,0,0,0,0,0,0,0,0,0,0,0,0,0
Jharkhand,JAMTARA,2013,0,1,2,0,0,0,0,8,0,0,0,0,11
Jharkhand,KHUNTI,2013,0,0,0,0,0,0,0,0,0,0,0,0,0
Jharkhand,KODERMA,2013,0,0,0,0,0,0,0,0,0,0,0,0,0
Jharkhand,LATEHAR,2013,0,0,0,0,0,0,0,0,0,0,0,0,0
Jharkhand,LOHARDAGGA,2013,0,0,0,0,0,0,0,0,0,0,0,0,0
Jharkhand,PAKUR,2013,0,0,0,0,0,0,0,0,0,0,0,0,0
Jharkhand,PALAMU,2013,0,0,0,0,0,0,0,0,0,0,0,0,0
Jharkhand,RAMGARH,2013,0,0,0,0,0,0,0,0,0,0,0,0,0
Jharkhand,RANCHI,2013,0,0,0,0,0,0,0,0,0,0,0,0,0
Jharkhand,SAHEBGANJ,2013,0,0,0,1,0,0,0,2,0,0,0,0,3
Jharkhand,SARAIKELA,2013,0,0,0,0,0,0,0,0,0,0,0,0,0
Jharkhand,SIMDEGA,2013,0,0,0,0,0,0,0,0,0,0,0,0,0
Jharkhand,TOTAL,2013,1,11,23,48,4,1,0,17,2,5,1,16,129
Karnataka,BAGALKOT,2013,0,2,2,5,0,0,0,0,0,0,1,0,10
Karnataka,BANGALORE COMMR.,2013,0,11,34,479,0,0,26,47,0,1,3,80,681
Karnataka,BANGALORE RURAL,2013,0,0,0,0,0,0,0,0,0,0,0,0,0
Karnataka,BELGAUM,2013,1,17,40,12,0,0,12,8,0,0,2,15,107
Karnataka,BELLARY,2013,0,0,0,0,0,0,0,0,0,0,1,0,1
Karnataka,BIDAR,2013,0,2,13,13,0,0,15,0,0,0,0,0,43
Karnataka,BIJAPUR,2013,0,10,19,13,0,0,0,0,0,0,1,0,43
Karnataka,CBPURA,2013,0,1,1,1,0,0,0,0,0,0,1,4,8
Karnataka,CHAMARAJNAGAR,2013,0,0,2,0,0,0,0,0,0,0,0,0,2
Karnataka,CHICKMAGALUR,2013,0,1,0,2,0,0,0,0,0,0,0,5,8
Karnataka,CHITRADURGA,2013,0,1,15,12,0,0,0,0,0,0,0,0,28
Karnataka,DAKSHIN KANNADA,2013,0,3,9,7,0,0,0,0,0,0,0,5,24
Karnataka,DAVANAGERE,2013,0,2,9,11,0,0,0,0,0,0,4,4,30
Karnataka,DHARWAD COMMR.,2013,2,1,14,37,0,0,4,0,0,0,0,1,59
Karnataka,DHARWAD RURAL,2013,0,0,0,0,0,0,0,0,0,0,1,1,2
Karnataka,GADAG,2013,0,0,0,0,0,0,0,0,0,0,0,0,0
Karnataka,GULBARGA,2013,0,0,0,0,0,0,0,16,0,0,1,1,18
Karnataka,HASSAN,2013,0,0,0,0,0,0,0,0,0,0,0,0,0
Karnataka,HAVERI,2013,0,0,0,0,0,0,0,0,0,0,0,0,0
Karnataka,K.G.F.,2013,0,0,18,2,0,0,0,0,0,0,0,1,21
Karnataka,KODAGU,2013,0,0,13,14,0,0,0,0,0,0,0,0,27
Karnataka,KOLAR,2013,0,0,11,4,0,0,0,0,0,0,1,0,16
Karnataka,KOPPAL,2013,0,0,0,0,0,0,0,0,0,0,5,0,5
Karnataka,MANDYA,2013,0,2,17,20,0,0,0,0,0,0,0,6,45
Karnataka,MANGALORE CITY,2013,0,1,7,0,0,0,1,0,0,0,0,14,23
Karnataka,MYSORE COMMR.,2013,0,1,9,12,0,0,0,0,0,0,0,0,22
Karnataka,MYSORE RURAL,2013,0,2,0,0,0,0,0,0,0,0,0,0,2
Karnataka,RAICHUR,2013,0,0,0,0,0,0,0,0,0,0,1,0,1
Karnataka,RAILWAYS,2013,0,0,0,0,0,0,0,0,0,0,0,0,0
Karnataka,RAMANAGAR,2013,0,0,0,0,0,0,0,0,0,0,1,0,1
Karnataka,SHIMOGA,2013,0,5,34,43,0,0,0,0,0,0,2,8,92
Karnataka,TUMKUR,2013,1,0,0,0,0,0,0,0,0,0,1,1,3
Karnataka,UDUPI,2013,0,1,3,13,0,0,0,0,0,0,0,13,30
Karnataka,UTTAR KANNADA,2013,0,0,0,0,0,0,0,0,0,0,0,0,0
Karnataka,YADGIRI,2013,0,1,0,0,0,0,0,0,0,0,0,0,1
Karnataka,TOTAL,2013,4,64,270,700,0,0,58,71,0,1,26,159,1353
Kerala,ALAPUZHA,2013,0,0,28,6,0,3,0,0,0,0,1,73,111
Kerala,ERNAKULAM COMMR.,2013,0,0,22,6,0,0,0,0,0,0,0,43,71
Kerala,ERNAKULAM RURAL,2013,0,2,35,4,0,0,0,1,0,0,1,75,118
Kerala,IDUKKI,2013,0,5,40,2,0,0,0,0,0,0,0,58,105
Kerala,KANNUR,2013,0,4,28,7,0,0,0,3,0,0,1,56,99
Kerala,KASARGOD,2013,0,1,36,2,0,0,0,2,0,0,0,93,134
Kerala,KOLLAM COMMR.,2013,0,2,33,11,0,1,0,0,0,0,1,24,72
Kerala,KOLLAM RURAL,2013,0,2,51,6,0,1,1,0,0,0,0,25,86
Kerala,KOTTAYAM,2013,0,1,24,9,0,0,0,0,0,0,0,34,68
Kerala,KOZHIKODE COMMR.,2013,0,4,12,7,0,0,0,1,0,0,2,47,73
Kerala,KOZHIKODE RURAL,2013,0,0,27,14,0,2,0,2,0,0,0,58,103
Kerala,MALAPPURAM,2013,0,3,40,6,0,0,1,0,0,0,1,91,142
Kerala,PALAKKAD,2013,0,3,50,12,0,2,1,0,0,0,2,34,104
Kerala,PATHANAMTHITTA,2013,0,2,26,4,0,0,0,0,0,0,0,34,66
Kerala,RAILWAYS,2013,0,0,0,1,0,0,1,0,0,0,0,6,8
Kerala,THRISSUR COMMR.,2013,0,1,16,1,0,0,0,0,0,0,0,31,49
Kerala,THRISSUR RURAL,2013,0,3,31,7,0,0,0,3,0,0,2,70,116
Kerala,TRIVANDRUM COMMR.,2013,0,1,38,4,0,0,0,3,0,0,0,44,90
Kerala,TRIVANDRUM RURAL,2013,0,5,80,22,1,0,0,0,0,0,0,82,190
Kerala,WAYANADU,2013,0,1,20,5,0,0,0,0,0,0,0,46,72
Kerala,TOTAL,2013,0,40,637,136,1,9,4,15,0,0,11,1024,1877
Madhya Pradesh,AGAR,2013,0,0,24,18,0,1,0,0,0,0,0,0,43
Madhya Pradesh,ALIRAJPUR,2013,0,0,14,0,0,0,0,0,0,0,0,0,14
Madhya Pradesh,ANUPPUR,2013,0,0,39,33,1,0,0,0,0,0,1,38,112
Madhya Pradesh,ASHOK NAGAR,2013,0,3,42,24,0,0,3,0,0,0,1,58,131
Madhya Pradesh,BALAGHAT,2013,0,5,53,4,2,0,4,0,0,0,0,92,160
Madhya Pradesh,BARWANI,2013,0,1,18,3,2,0,0,0,0,0,0,0,24
Madhya Pradesh,BETUL,2013,3,3,52,74,1,0,0,0,0,0,0,75,208
Madhya Pradesh,BHIND,2013,0,1,1,1,0,0,0,0,0,0,0,6,9
Madhya Pradesh,BHOPAL,2013,0,8,96,52,0,0,0,0,0,0,0,54,210
Madhya Pradesh,BHOPAL RLY.,2013,0,0,1,3,0,0,5,0,0,0,0,4,13
Madhya Pradesh,BURHANPUR,2013,0,0,1,1,1,0,4,0,0,0,0,0,7
Madhya Pradesh,CHHATARPUR,2013,0,1,31,8,0,0,0,0,0,0,0,125,165
Madhya Pradesh,CHHINDWARA,2013,0,4,68,171,0,0,0,0,0,0,1,210,454
Madhya Pradesh,DAMOH,2013,0,0,0,0,0,0,0,0,0,0,0,0,0
Madhya Pradesh,DATIYA,2013,0,4,10,19,6,0,0,0,0,0,0,49,88
Madhya Pradesh,DEWAS,2013,0,1,29,3,0,0,0,0,0,0,1,91,125
Madhya Pradesh,DHAR,2013,0,2,53,163,0,0,0,0,0,0,0,2,220
Madhya Pradesh,DINDORI,2013,0,1,47,14,5,0,0,0,0,0,0,48,115
Madhya Pradesh,GUNA,2013,0,5,48,19,1,0,0,0,0,0,0,63,136
Madhya Pradesh,GWALIOR,2013,0,12,87,51,0,1,13,0,0,0,0,220,384
Madhya Pradesh,HARDA,2013,0,0,15,3,0,1,0,0,0,0,0,12,31
Madhya Pradesh,HOSHANGABAD,2013,0,1,45,87,0,0,0,0,0,0,0,21,154
Madhya Pradesh,INDORE,2013,0,4,128,367,5,0,22,0,0,0,0,219,745
Madhya Pradesh,INDORE RLY.,2013,0,0,0,0,0,0,0,0,0,0,0,0,0
Madhya Pradesh,JABALPUR,2013,1,5,61,105,7,0,0,0,0,0,0,208,387
Madhya Pradesh,JABALPUR RLY.,2013,0,0,1,1,0,0,3,0,0,0,0,0,5
Madhya Pradesh,JHABUA,2013,0,0,20,63,0,0,0,0,0,0,0,0,83
Madhya Pradesh,KATNI,2013,0,1,32,33,4,2,0,0,0,0,0,5,77
Madhya Pradesh,KHANDWA,2013,0,3,68,97,0,0,0,0,0,0,1,33,202
Madhya Pradesh,KHARGON,2013,0,0,46,1,0,0,0,0,0,0,0,9,56
Madhya Pradesh,MANDLA,2013,1,4,61,11,0,0,0,0,0,0,0,0,77
Madhya Pradesh,MANDSAUR,2013,0,2,30,21,0,0,0,0,0,0,0,55,108
Madhya Pradesh,MORENA,2013,0,1,10,16,0,0,15,0,0,0,1,3,46
Madhya Pradesh,NARSINGHPUR,2013,0,2,45,51,0,2,2,0,0,0,0,89,191
Madhya Pradesh,NEEMUCH,2013,0,1,34,40,1,0,0,0,0,3,0,2,81
Madhya Pradesh,PANNA,2013,0,0,29,12,0,0,0,0,0,0,0,16,57
Madhya Pradesh,RAISEN,2013,0,0,56,13,0,0,0,0,0,0,0,68,137
Madhya Pradesh,RAJGARH,2013,0,0,30,32,0,0,0,0,0,0,0,138,200
Madhya Pradesh,RATLAM,2013,1,2,48,51,4,0,3,0,0,0,0,65,174
Madhya Pradesh,REWA,2013,0,4,58,20,0,0,23,0,0,0,0,159,264
Madhya Pradesh,SAGAR,2013,0,1,32,17,16,0,0,0,0,0,0,289,355
Madhya Pradesh,SATNA,2013,0,8,79,4,0,4,10,21,0,0,0,110,236
Madhya Pradesh,SEONI,2013,0,2,47,44,5,0,0,0,0,0,0,74,172
Madhya Pradesh,SHAHDOL,2013,1,3,49,96,0,0,0,0,0,0,0,118,267
Madhya Pradesh,SHAJAPUR,2013,0,1,29,18,0,1,0,0,0,0,0,40,89
Madhya Pradesh,SHEOPUR,2013,0,0,0,0,0,0,0,0,0,0,0,0,0
Madhya Pradesh,SHIVPURI,2013,0,5,33,25,1,0,1,0,0,0,0,0,65
Madhya Pradesh,SIDHI,2013,0,0,30,61,0,0,10,0,0,0,0,11,112
Madhya Pradesh,SIHORE,2013,0,3,45,36,4,0,0,0,0,0,0,66,154
Madhya Pradesh,SINGRAULI,2013,0,1,17,79,2,2,0,0,0,0,0,60,161
Madhya Pradesh,TIKAMGARH,2013,1,2,46,32,0,0,6,0,0,0,0,101,188
Madhya Pradesh,UJJAIN,2013,0,3,77,32,0,0,0,0,0,0,0,150,262
Madhya Pradesh,UMARIYA,2013,0,1,15,28,0,0,0,0,0,0,0,24,68
Madhya Pradesh,VIDISHA,2013,0,3,82,105,11,2,0,0,0,0,0,222,425
Madhya Pradesh,TOTAL,2013,8,114,2112,2262,79,16,124,21,0,3,6,3502,8247
Maharashtra,AHMEDNAGAR,2013,0,6,59,30,1,3,0,0,0,0,0,60,159
Maharashtra,AKOLA,2013,0,3,29,24,0,0,12,0,0,0,0,63,131
Maharashtra,AMRAVATI COMMR.,2013,0,2,14,22,0,1,0,0,0,0,0,64,103
Maharashtra,AMRAVATI RURAL,2013,0,3,49,36,0,0,1,0,0,0,0,126,215
Maharashtra,AURANGABAD COMMR.,2013,0,4,6,39,1,0,4,0,0,0,2,36,92
Maharashtra,AURANGABAD RURAL,2013,0,4,16,12,0,1,1,0,0,0,1,24,59
Maharashtra,BEED,2013,0,12,37,23,0,1,6,1,0,0,2,63,145
Maharashtra,BHANDARA,2013,1,3,19,18,0,2,1,0,0,0,0,43,87
Maharashtra,BULDHANA,2013,0,6,33,19,0,0,4,0,0,0,1,59,122
Maharashtra,CHANDRAPUR,2013,0,4,52,33,2,2,3,0,0,0,0,93,189
Maharashtra,DHULE,2013,0,2,21,13,0,1,9,10,0,0,0,0,56
Maharashtra,GADCHIROLI,2013,0,1,17,3,0,0,0,0,0,0,0,29,50
Maharashtra,GONDIA,2013,0,2,23,9,0,0,0,0,0,0,0,32,66
Maharashtra,HINGOLI,2013,0,1,7,6,0,0,4,0,0,0,0,0,18
Maharashtra,JALGAON,2013,0,9,23,34,0,1,9,3,0,0,4,54,137
Maharashtra,JALNA,2013,0,3,4,2,0,0,6,0,0,0,0,5,20
Maharashtra,KOLHAPUR,2013,0,10,41,40,0,0,2,0,0,0,0,17,110
Maharashtra,LATUR,2013,0,4,7,2,0,0,0,0,0,0,0,25,38
Maharashtra,MUMBAI COMMR.,2013,2,7,221,279,9,2,26,2,0,2,0,352,902
Maharashtra,MUMBAI RLY.,2013,0,0,4,6,0,1,6,0,0,0,0,4,21
Maharashtra,NAGPUR COMMR.,2013,1,4,54,101,0,2,6,0,0,0,1,187,356
Maharashtra,NAGPUR RLY.,2013,0,0,1,3,0,0,23,0,0,0,0,0,27
Maharashtra,NAGPUR RURAL,2013,0,3,44,25,0,0,3,0,0,0,0,56,131
Maharashtra,NANDED,2013,0,4,22,25,1,0,22,0,0,0,0,45,119
Maharashtra,NANDURBAR,2013,0,1,10,8,0,0,3,0,0,0,0,14,36
Maharashtra,NASIK COMMR.,2013,0,1,8,26,0,1,5,0,0,0,0,31,72
Maharashtra,NASIK RURAL,2013,0,2,29,5,0,0,10,20,0,0,1,33,100
Maharashtra,NAVI MUMBAI,2013,1,7,33,63,0,2,5,0,0,0,0,69,180
Maharashtra,OSMANABAD,2013,0,0,23,28,0,3,3,0,0,0,0,34,91
Maharashtra,PARBHANI,2013,0,4,16,38,0,0,5,0,0,0,0,20,83
Maharashtra,PUNE COMMR.,2013,0,6,83,126,1,0,4,0,2,0,0,218,440
Maharashtra,PUNE RLY.,2013,0,1,3,2,0,0,8,0,0,0,0,0,14
Maharashtra,PUNE RURAL,2013,0,12,89,63,1,0,6,0,0,0,1,87,259
Maharashtra,RAIGAD,2013,0,2,21,9,0,0,0,0,0,0,0,19,51
Maharashtra,RATNAGIRI,2013,0,2,18,13,0,0,3,0,0,0,0,24,60
Maharashtra,SANGLI,2013,0,7,42,32,0,1,6,0,0,1,2,45,136
Maharashtra,SATARA,2013,0,9,44,43,1,0,5,0,0,0,0,90,192
Maharashtra,SINDHUDURG,2013,0,0,4,5,0,1,1,0,0,0,0,13,24
Maharashtra,SOLAPUR COMMR.,2013,0,4,19,17,0,0,1,4,0,0,0,0,45
Maharashtra,SOLAPUR RURAL,2013,0,9,35,18,0,0,10,0,0,0,1,38,111
Maharashtra,THANE COMMR.,2013,0,6,81,241,0,0,17,1,0,0,0,120,466
Maharashtra,THANE RURAL,2013,1,8,80,50,0,0,11,0,0,10,0,96,256
Maharashtra,WARDHA,2013,0,5,43,40,0,0,0,0,0,0,0,83,171
Maharashtra,WASHIM,2013,0,3,18,11,0,1,1,0,0,0,0,56,90
Maharashtra,YAVATMAL,2013,0,5,44,56,0,0,7,0,0,0,0,68,180
Maharashtra,TOTAL,2013,6,191,1546,1698,17,26,259,41,2,13,16,2595,6410
Manipur,BISHNUPUR,2013,0,0,7,4,0,0,0,0,0,0,0,0,11
Manipur,CHANDEL,2013,0,0,0,1,0,0,0,0,0,0,0,0,1
Manipur,CHURACHANDPUR,2013,0,0,0,0,0,0,0,2,0,0,0,0,2
Manipur,CID,2013,0,0,0,0,0,0,0,0,0,0,0,0,0
Manipur,IMPHAL EAST,2013,0,0,4,22,0,0,0,0,0,0,0,0,26
Manipur,IMPHAL WEST,2013,0,3,16,20,0,0,0,5,0,0,0,0,44
Manipur,SENAPATI,2013,0,0,0,3,0,0,0,0,0,0,0,0,3
Manipur,TAMENGLONG,2013,0,0,0,1,0,0,0,0,0,0,0,0,1
Manipur,THOUBAL,2013,0,0,13,5,0,0,0,15,0,0,0,2,35
Manipur,UKHRUL,2013,0,0,0,0,0,0,0,0,0,0,0,0,0
Manipur,TOTAL,2013,0,3,40,56,0,0,0,22,0,0,0,2,123
Meghalaya,GARO HILLS EAST,2013,0,4,4,0,0,0,0,0,0,0,0,0,8
Meghalaya,GARO HILLS NORTH,2013,0,1,0,2,0,0,0,0,0,0,0,3,6
Meghalaya,GARO HILLS SOUTH,2013,0,0,6,2,0,0,0,0,0,0,0,1,9
Meghalaya,GARO HILLS SOUTH W.,2013,0,0,5,0,0,0,0,0,0,0,0,0,5
Meghalaya,GARO HILLS WEST,2013,0,0,12,0,0,0,0,7,0,0,0,4,23
Meghalaya,JAINTIA HILLS EAST,2013,0,0,8,1,0,0,0,0,0,0,0,0,9
Meghalaya,JAINTIA HILLS WEST,2013,0,0,13,2,0,0,0,0,0,0,0,0,15
Meghalaya,KHASI HILLS EAST,2013,0,1,38,23,0,0,0,0,0,0,0,6,68
Meghalaya,KHASI HILLS SOUTH W.,2013,0,2,5,0,0,0,0,0,0,0,0,0,7
Meghalaya,KHASI HILLS WEST,2013,1,0,9,4,0,0,0,0,0,0,0,5,19
Meghalaya,RI-BHOI,2013,0,0,12,1,0,0,0,1,0,0,0,0,14
Meghalaya,TOTAL,2013,1,8,112,35,0,0,0,8,0,0,0,19,183
Mizoram,AIZAWL,2013,0,0,22,0,0,0,0,0,0,0,0,11,33
Mizoram,CHAMPHAI,2013,0,0,8,1,0,0,0,0,0,0,0,0,9
Mizoram,KOLASIB,2013,0,1,3,1,0,0,0,0,0,0,0,0,5
Mizoram,LAWNGTLAI,2013,0,0,3,0,0,0,0,0,0,0,0,0,3
Mizoram,LUNGLEI,2013,0,0,11,0,0,0,0,0,0,0,0,0,11
Mizoram,MAMIT,2013,0,1,3,0,0,0,0,0,0,0,0,6,10
Mizoram,SAIHA,2013,0,0,3,0,0,0,0,0,0,0,0,0,3
Mizoram,SERCHHIP,2013,0,0,4,0,0,0,0,0,0,0,0,0,4
Mizoram,SPL NARCOTIC,2013,0,0,0,0,0,0,0,0,0,0,0,0,0
Mizoram,TRAFFIC PS,2013,0,0,0,0,0,0,0,0,0,0,0,0,0
Mizoram,TOTAL,2013,0,2,57,2,0,0,0,0,0,0,0,17,78
Nagaland,DIMAPUR,2013,0,0,2,4,0,0,0,0,0,0,0,1,7
Nagaland,KIPHIRE,2013,0,0,0,0,0,0,0,0,0,0,0,0,0
Nagaland,KOHIMA,2013,0,0,0,0,0,0,0,0,0,0,0,0,0
Nagaland,LONGLENG,2013,0,0,0,0,0,0,0,0,0,0,0,0,0
Nagaland,MOKOKCHUNG,2013,0,0,0,0,0,0,0,0,0,0,0,0,0
Nagaland,MON,2013,0,0,0,0,0,0,0,0,0,0,0,0,0
Nagaland,PEREN,2013,0,0,1,0,0,0,0,0,0,0,0,0,1
Nagaland,PHEK,2013,0,0,0,0,0,0,0,0,0,0,0,0,0
Nagaland,TUENSANG,2013,0,0,0,0,0,0,0,0,0,0,0,0,0
Nagaland,WOKHA,2013,0,0,0,0,0,0,0,0,0,0,0,0,0
Nagaland,ZUNHEBOTO,2013,0,0,0,0,0,0,0,0,0,0,0,0,0
Nagaland,TOTAL,2013,0,0,3,4,0,0,0,0,0,0,0,1,8
Odisha,ANGUL,2013,0,3,10,1,0,0,0,0,0,0,0,49,63
Odisha,BALASORE,2013,0,1,49,61,1,0,0,68,0,0,0,2,182
Odisha,BARAGARH,2013,0,1,32,27,0,0,0,0,0,0,0,0,60
Odisha,BERHAMPUR,2013,0,0,0,0,0,0,0,0,0,0,0,0,0
Odisha,BHADRAK,2013,0,0,0,0,0,0,0,0,0,0,0,0,0
Odisha,BOLANGIR,2013,0,0,24,0,0,0,0,0,0,0,0,0,24
Odisha,BOUDH,2013,0,0,39,36,0,0,0,0,0,0,0,0,75
Odisha,CUTTACK,2013,0,0,9,0,0,0,0,8,0,0,0,0,17
Odisha,DCP BBSR,2013,0,0,27,0,0,0,0,0,0,0,0,0,27
Odisha,DCP CTC,2013,0,0,0,0,0,0,0,0,0,0,0,26,26
Odisha,DEOGARH,2013,0,2,5,10,0,0,0,0,0,0,0,0,17
Odisha,DHENKANAL,2013,0,0,10,0,0,0,0,0,0,0,0,0,10
Odisha,GAJAPATI,2013,0,1,16,4,0,0,0,0,0,0,0,1,22
Odisha,GANJAM,2013,0,0,2,0,0,0,0,0,0,0,0,0,2
Odisha,JAGATSINGHPUR,2013,0,0,0,0,0,0,0,0,0,0,0,0,0
Odisha,JAJPUR,2013,0,0,24,0,0,0,0,0,0,0,0,0,24
Odisha,JHARSUGUDA,2013,0,0,4,24,0,0,0,1,0,0,0,0,29
Odisha,KALAHANDI,2013,0,7,41,46,0,0,0,0,0,0,0,0,94
Odisha,KANDHAMAL,2013,0,0,1,2,0,0,0,0,0,0,0,3,6
Odisha,KENDRAPARA,2013,0,3,23,37,0,0,0,0,0,0,0,0,63
Odisha,KEONJHAR,2013,0,2,60,6,0,0,0,0,0,0,0,0,68
Odisha,KHURDA,2013,0,0,0,0,0,0,0,0,0,0,0,0,0
Odisha,KORAPUT,2013,0,0,0,0,0,0,0,0,0,0,0,0,0
Odisha,MALKANGIR,2013,0,0,9,0,0,0,0,0,0,0,0,0,9
Odisha,MAYURBHANJ,2013,0,1,4,2,0,0,0,0,0,0,0,43,50
Odisha,NAYAGARH,2013,0,0,12,23,0,0,0,0,0,0,0,0,35
Odisha,NOWRANGPUR,2013,0,0,0,0,0,0,0,0,0,0,0,0,0
Odisha,NUAPADA,2013,0,0,0,32,0,0,0,0,0,0,0,15,47
Odisha,PURI,2013,0,0,0,0,0,0,0,0,0,0,0,0,0
Odisha,RAYAGADA,2013,0,3,58,7,0,1,0,1,0,0,0,0,70
Odisha,ROURKELA,2013,0,0,0,0,0,0,0,0,0,0,0,0,0
Odisha,SAMBALPUR,2013,0,2,6,2,0,0,0,0,0,0,0,0,10
Odisha,SONEPUR,2013,0,0,5,5,0,0,0,0,0,0,0,0,10
Odisha,SRP(CUTTACK),2013,0,0,0,0,0,0,0,1,0,0,0,0,1
Odisha,SRP(ROURKELA),2013,0,0,1,3,0,0,0,0,0,0,0,0,4
Odisha,SUNDARGARH,2013,0,2,38,38,0,0,0,0,0,0,0,0,78
Odisha,TOTAL,2013,0,28,509,366,1,1,0,79,0,0,0,139,1123
Punjab,AMRITSAR RURAL,2013,0,0,20,49,0,0,0,0,0,0,0,13,82
Punjab,BARNALA,2013,0,1,10,25,0,0,0,0,0,0,0,0,36
Punjab,BATALA,2013,0,0,26,26,1,0,0,0,0,0,0,6,59
Punjab,BHATINDA,2013,0,4,35,44,3,0,0,0,0,0,0,0,86
Punjab,CP AMRITSAR,2013,0,0,16,52,0,0,0,1,0,0,0,9,78
Punjab,CP JALANDHAR,2013,0,1,25,51,6,0,0,0,0,0,0,0,83
Punjab,CP LUDHIANA,2013,0,7,68,70,0,0,8,0,0,0,0,2,155
Punjab,FARIDKOT,2013,0,0,7,0,0,0,0,0,0,0,0,0,7
Punjab,FATEHGARH SAHIB,2013,1,0,8,14,0,0,0,0,0,0,0,8,31
Punjab,FAZILKA,2013,0,1,21,22,0,0,0,0,0,0,0,3,47
Punjab,FEROZPUR,2013,0,0,8,22,0,0,0,0,0,0,0,0,30
Punjab,G.R.P,2013,3,0,1,0,0,0,0,0,0,0,0,0,4
Punjab,GURDASPUR,2013,0,0,12,9,0,0,0,0,0,0,0,4,25
Punjab,HOSHIARPUR,2013,0,0,21,0,0,0,0,0,0,0,0,0,21
Punjab,JALANDHAR RURAL,2013,0,2,21,18,0,0,0,0,0,0,0,6,47
Punjab,KAPURTHALA,2013,0,2,9,27,0,0,0,0,0,0,0,6,44
Punjab,KHANNA,2013,0,0,13,6,0,0,0,0,0,0,0,0,19
Punjab,LUDHIANA RURAL,2013,0,0,6,16,0,0,0,0,0,0,0,0,22
Punjab,MANSA,2013,0,1,11,8,0,0,0,0,0,0,0,11,31
Punjab,MOGA,2013,3,1,9,22,0,0,0,0,0,0,0,0,35
Punjab,MUKTSAR,2013,0,1,10,38,0,0,0,0,0,0,0,8,57
Punjab,PATHANKOT,2013,0,1,6,9,0,0,0,0,0,0,0,0,16
Punjab,PATIALA,2013,0,3,37,44,2,0,0,0,0,0,0,4,90
Punjab,ROPAR,2013,0,0,7,19,0,0,0,0,0,0,0,0,26
Punjab,SANGRUR,2013,0,4,32,21,0,0,0,0,0,0,0,0,57
Punjab,SAS NGR,2013,0,0,21,57,0,0,0,0,0,0,0,18,96
Punjab,SBS NAGAR,2013,0,0,17,7,0,0,0,0,0,0,0,0,24
Punjab,TARN TARAN,2013,0,1,13,14,0,0,0,0,0,0,0,0,28
Punjab,TOTAL,2013,7,30,490,690,12,0,8,1,0,0,0,98,1336
Rajasthan,AJMER,2013,4,2,12,13,0,0,2,4,0,0,1,0,38
Rajasthan,ALWAR,2013,0,11,83,101,0,0,7,0,0,0,0,0,202
Rajasthan,BANSWARA,2013,0,0,0,32,0,0,9,0,0,0,0,0,41
Rajasthan,BARAN,2013,0,1,5,2,0,0,4,0,0,0,0,64,76
Rajasthan,BARMER,2013,0,0,18,12,1,0,9,0,0,0,0,0,40
Rajasthan,BHARATPUR,2013,0,11,34,97,1,0,11,0,0,0,0,0,154
Rajasthan,BHILWARA,2013,0,2,41,40,1,0,11,0,0,0,0,0,95
Rajasthan,BIKANER,2013,0,0,0,0,0,0,2,0,0,0,0,2,4
Rajasthan,BUNDI,2013,0,0,32,45,0,0,1,0,0,0,0,0,78
Rajasthan,CHITTORGARH,2013,0,1,34,10,0,0,1,0,1,0,1,13,61
Rajasthan,CHURU,2013,0,0,28,11,4,0,1,0,0,0,0,0,44
Rajasthan,DAUSA,2013,0,1,12,43,0,0,0,0,0,0,0,0,56
Rajasthan,DHOLPUR,2013,0,4,19,15,0,0,4,0,0,0,0,10,52
Rajasthan,DISCOM,2013,0,0,0,0,0,0,0,0,0,0,0,0,0
Rajasthan,DUNGARPUR,2013,0,1,48,57,0,0,0,0,0,0,0,0,106
Rajasthan,G.R.P.AJMER,2013,0,0,0,7,0,0,12,0,0,0,0,0,19
Rajasthan,G.R.P.JODHPUR,2013,0,0,0,0,0,0,1,0,0,0,0,0,1
Rajasthan,GANGANAGAR,2013,0,1,25,42,2,0,7,13,0,0,0,10,100
Rajasthan,HANUMANGARH,2013,0,0,38,28,3,0,0,24,0,0,0,3,96
Rajasthan,JAIPUR EAST,2013,0,1,8,68,0,0,12,0,0,0,1,2,92
Rajasthan,JAIPUR NORTH,2013,1,1,5,28,5,0,4,1,0,0,0,23,68
Rajasthan,JAIPUR RURAL,2013,0,4,28,69,3,0,18,0,0,0,0,5,127
Rajasthan,JAIPUR SOUTH,2013,0,0,15,38,0,1,1,0,0,0,0,11,66
Rajasthan,JAIPUR WEST,2013,0,0,13,116,5,0,1,0,0,0,0,9,144
Rajasthan,JAISALMER,2013,0,0,9,2,0,0,1,0,0,0,0,0,12
Rajasthan,JALORE,2013,0,3,18,19,0,0,4,0,0,0,1,0,45
Rajasthan,JHALAWAR,2013,0,0,37,76,0,0,4,0,0,0,0,0,117
Rajasthan,JHUNJHUNU,2013,1,2,34,29,0,0,5,0,0,0,0,0,71
Rajasthan,JODHPUR EAST,2013,0,1,2,5,0,0,6,0,0,0,0,0,14
Rajasthan,JODHPUR RURAL,2013,1,1,25,26,0,0,0,0,0,0,0,0,53
Rajasthan,JODHPUR WEST,2013,0,1,19,26,0,0,8,0,0,0,0,0,54
Rajasthan,KARAULI,2013,0,0,9,25,1,0,1,0,0,0,0,0,36
Rajasthan,KOTA CITY,2013,0,1,28,0,0,0,13,8,0,0,0,0,50
Rajasthan,KOTA RURAL,2013,0,0,0,0,2,0,1,4,0,0,0,0,7
Rajasthan,NAGAUR,2013,0,1,27,36,1,0,4,0,0,0,0,15,84
Rajasthan,PALI,2013,0,0,0,0,0,0,0,0,0,0,0,0,0
Rajasthan,PRATAPGARH,2013,0,1,55,42,0,0,6,0,0,0,0,0,104
Rajasthan,RAJSAMAND,2013,0,1,9,8,0,0,4,0,0,0,0,1,23
Rajasthan,SAWAI MADHOPUR,2013,0,3,12,32,1,0,5,0,0,0,0,0,53
Rajasthan,SIKAR,2013,0,0,26,45,0,0,16,0,0,0,0,0,87
Rajasthan,SIROHI,2013,0,3,18,20,0,0,0,0,0,0,1,2,44
Rajasthan,TONK,2013,0,1,14,25,4,0,6,0,0,0,0,0,50
Rajasthan,UDAIPUR,2013,1,4,52,136,0,0,24,0,0,0,0,7,224
Rajasthan,TOTAL,2013,8,64,892,1426,34,1,226,54,1,0,5,177,2888
Sikkim,EAST,2013,0,0,16,8,0,0,0,0,0,0,0,0,24
Sikkim,NORTH,2013,0,0,0,0,0,0,0,0,0,0,0,0,0
Sikkim,SOUTH,2013,0,0,5,5,0,0,0,0,0,0,0,0,10
Sikkim,WEST,2013,0,0,4,1,0,0,0,0,0,0,0,0,5
Sikkim,TOTAL,2013,0,0,25,14,0,0,0,0,0,0,0,0,39
Tamil Nadu,ARIYALUR,2013,0,3,2,3,0,0,0,0,0,0,1,4,13
Tamil Nadu,CHENNAI,2013,0,12,48,52,0,0,0,0,0,0,0,0,112
Tamil Nadu,CHENNAI RLY.,2013,0,0,0,0,0,0,0,0,0,0,0,0,0
Tamil Nadu,COIMBATORE RURAL,2013,0,2,7,6,0,0,0,0,0,0,0,0,15
Tamil Nadu,COIMBATORE URBAN,2013,0,1,12,2,0,0,0,0,0,0,0,0,15
Tamil Nadu,CUDDALORE,2013,0,0,11,0,0,0,0,0,0,0,0,0,11
Tamil Nadu,DHARMAPURI,2013,1,4,14,89,0,0,0,0,0,0,11,11,130
Tamil Nadu,DINDIGUL,2013,0,4,1,1,0,0,0,0,0,0,0,4,10
Tamil Nadu,ERODE,2013,0,1,9,5,0,0,0,0,0,0,0,0,15
Tamil Nadu,KANCHIPURAM,2013,0,1,0,0,0,0,0,0,0,0,0,0,1
Tamil Nadu,KANYAKUMARI,2013,0,3,5,17,0,0,0,0,0,0,2,8,35
Tamil Nadu,KARUR,2013,0,4,3,0,0,0,0,0,0,0,0,0,7
Tamil Nadu,KRISHNAGIRI,2013,1,5,4,43,0,0,0,0,0,0,2,0,55
Tamil Nadu,MADURAI RURAL,2013,0,0,0,1,0,0,1,0,0,0,14,0,16
Tamil Nadu,MADURAI URBAN,2013,8,1,10,10,0,0,0,0,0,0,0,0,29
Tamil Nadu,NAGAPATTINAM,2013,0,0,5,0,0,0,0,0,0,0,0,0,5
Tamil Nadu,NAMAKKAL,2013,0,2,16,22,0,0,0,0,0,0,10,0,50
Tamil Nadu,NILGIRIS,2013,0,1,13,7,0,1,0,0,0,0,0,0,22
Tamil Nadu,PERAMBALUR,2013,0,1,4,0,0,0,0,0,0,0,1,0,6
Tamil Nadu,PUDUKOTTAI,2013,0,1,1,1,0,0,0,0,0,0,1,1,5
Tamil Nadu,RAMNATHAPURAM,2013,0,1,0,0,0,0,0,0,0,0,1,12,14
Tamil Nadu,SALEM RURAL,2013,0,1,19,39,0,0,0,0,0,0,1,0,60
Tamil Nadu,SALEM URBAN,2013,0,0,13,10,0,0,0,0,0,0,1,4,28
Tamil Nadu,SIVAGANGAI,2013,0,3,6,11,0,0,0,0,0,0,0,0,20
Tamil Nadu,THANJAVUR,2013,0,2,22,1,0,0,0,0,0,0,0,9,34
Tamil Nadu,THENI,2013,0,3,14,16,0,0,0,0,0,0,3,0,36
Tamil Nadu,THIRUNELVELI RURAL,2013,1,6,45,60,1,0,0,0,0,0,0,13,126
Tamil Nadu,THIRUNELVELI URBAN,2013,0,2,7,1,0,0,0,0,0,0,0,0,10
Tamil Nadu,THIRUVALLUR,2013,0,1,8,11,0,0,0,0,0,0,0,0,20
Tamil Nadu,THIRUVANNAMALAI,2013,0,4,14,6,0,0,0,0,0,0,2,0,26
Tamil Nadu,THIRUVARUR,2013,0,0,1,0,0,0,0,0,0,0,1,1,3
Tamil Nadu,THOOTHUGUDI,2013,0,3,20,10,0,0,0,0,0,0,2,10,45
Tamil Nadu,TIRUPPUR,2013,0,6,11,0,0,0,0,0,0,0,0,0,17
Tamil Nadu,TRICHY RLY.,2013,0,0,0,0,0,0,0,0,0,0,0,1,1
Tamil Nadu,TRICHY RURAL,2013,0,0,9,16,0,0,0,0,0,0,0,11,36
Tamil Nadu,TRICHY URBAN,2013,0,1,8,5,0,0,0,0,0,0,1,0,15
Tamil Nadu,VELLORE,2013,0,2,32,2,0,0,0,0,0,0,2,2,40
Tamil Nadu,VILLUPURAM,2013,0,2,16,48,0,0,0,0,0,0,0,19,85
Tamil Nadu,VIRUDHUNAGAR,2013,2,0,9,4,0,1,1,0,0,0,0,3,20
Tamil Nadu,TOTAL,2013,13,83,419,499,1,2,2,0,0,0,56,113,1188
Tripura,DHALAI,2013,0,0,6,10,0,0,0,0,0,0,0,8,24
Tripura,GOMATI,2013,0,4,2,0,0,0,0,0,0,0,0,1,7
Tripura,GRP,2013,0,0,0,0,0,0,0,0,0,0,0,0,0
Tripura,KHOWAI,2013,0,1,9,1,0,0,0,0,0,0,0,11,22
Tripura,NORTH,2013,0,0,1,0,0,0,0,0,0,0,0,1,2
Tripura,SIPAHIJALA,2013,0,2,14,9,0,0,0,0,0,0,0,0,25
Tripura,SOUTH,2013,0,1,1,0,0,0,0,0,0,0,0,0,2
Tripura,UNAKOTI,2013,0,1,1,1,0,0,0,0,0,0,1,5,9
Tripura,WEST,2013,0,0,9,0,0,0,0,0,0,0,0,0,9
Tripura,TOTAL,2013,0,9,43,21,0,0,0,0,0,0,1,26,100
Uttar Pradesh,AGRA,2013,1,18,30,126,0,3,0,0,0,0,0,9,187
Uttar Pradesh,ALIGARH,2013,1,22,52,212,0,0,0,0,0,0,0,10,297
Uttar Pradesh,ALLAHABAD,2013,0,13,30,130,0,0,0,0,0,0,0,0,173
Uttar Pradesh,AMBEDKAR NAGAR,2013,0,3,1,14,0,0,0,0,0,0,0,34,52
Uttar Pradesh,AMETHI,2013,0,2,18,44,0,0,0,0,0,0,0,15,79
Uttar Pradesh,AMROHA,2013,0,11,9,39,0,0,0,0,0,0,0,0,59
Uttar Pradesh,AURAIYA,2013,0,3,8,65,0,0,0,0,0,0,0,17,93
Uttar Pradesh,AZAMGARH,2013,0,3,34,60,1,0,0,0,0,0,0,12,110
Uttar Pradesh,BADAUN,2013,0,13,27,121,0,0,0,0,0,0,0,10,171
Uttar Pradesh,BAGHPAT,2013,0,5,10,36,0,0,0,0,0,0,0,7,58
Uttar Pradesh,BAHRAICH,2013,0,3,20,98,0,0,0,0,0,0,0,23,144
Uttar Pradesh,BALLIA,2013,0,2,13,56,0,0,0,0,0,0,0,26,97
Uttar Pradesh,BALRAMPUR,2013,0,2,11,44,0,0,0,0,0,0,0,6,63
Uttar Pradesh,BANDA,2013,0,6,19,37,0,0,0,0,0,0,0,103,165
Uttar Pradesh,BARABANKI,2013,1,14,23,55,0,0,0,0,0,0,0,37,130
Uttar Pradesh,BAREILLY,2013,1,5,41,190,0,0,0,0,0,0,0,67,304
Uttar Pradesh,BASTI,2013,0,0,12,73,0,0,0,0,0,0,0,20,105
Uttar Pradesh,BIJNOR,2013,0,28,34,67,0,0,0,0,0,0,0,78,207
Uttar Pradesh,BULANDSHAHAR,2013,0,18,27,112,1,0,0,0,0,0,1,38,197
Uttar Pradesh,CHANDOLI,2013,0,1,11,35,0,0,0,0,0,0,1,23,71
Uttar Pradesh,CHITRAKOOT DHAM,2013,0,0,17,21,0,0,0,0,0,0,0,1,39
Uttar Pradesh,DEORIA,2013,0,8,30,161,0,1,0,0,0,0,0,23,223
Uttar Pradesh,ETAH,2013,1,7,23,13,0,8,0,0,0,0,1,41,94
Uttar Pradesh,ETAWAH,2013,1,6,18,55,0,0,0,0,0,0,0,1,81
Uttar Pradesh,FAIZABAD,2013,0,11,22,94,0,0,0,0,0,0,0,0,127
Uttar Pradesh,FATEHGARH,2013,0,7,7,10,0,0,0,0,0,0,0,11,35
Uttar Pradesh,FATEHPUR,2013,0,3,27,75,0,0,0,0,0,0,0,36,141
Uttar Pradesh,FIROZABAD,2013,0,4,39,169,0,0,0,0,0,0,0,0,212
Uttar Pradesh,G.R.P.,2013,0,1,3,33,0,0,1,0,0,0,0,3,41
Uttar Pradesh,GAUTAMBUDH NAGAR,2013,0,12,8,133,1,0,0,0,0,0,0,21,175
Uttar Pradesh,GHAZIABAD,2013,1,3,14,180,4,4,0,0,0,0,0,34,240
Uttar Pradesh,GHAZIPUR,2013,0,1,13,91,2,3,0,0,0,0,0,17,127
Uttar Pradesh,GONDA,2013,0,1,14,93,0,0,0,0,0,0,0,32,140
Uttar Pradesh,GORAKHPUR,2013,0,8,21,170,0,2,0,0,0,0,0,36,237
Uttar Pradesh,HAMIRPUR,2013,0,0,15,15,0,0,0,0,0,0,0,25,55
Uttar Pradesh,HAPUR,2013,0,2,15,38,0,0,0,0,0,0,0,5,60
Uttar Pradesh,HARDOI,2013,0,1,19,130,1,7,0,0,0,0,0,17,175
Uttar Pradesh,HATHRAS,2013,0,9,21,71,0,0,0,0,0,0,0,26,127
Uttar Pradesh,JALAUN,2013,0,6,6,33,0,0,0,0,0,0,0,20,65
Uttar Pradesh,JAUNPUR,2013,0,0,53,131,0,0,0,0,0,0,0,39,223
Uttar Pradesh,JHANSI,2013,0,5,9,41,0,0,0,0,0,0,0,33,88
Uttar Pradesh,KANNAUJ,2013,0,7,12,83,0,0,0,0,0,0,0,21,123
Uttar Pradesh,KANPUR DEHAT,2013,0,11,22,74,0,0,0,0,0,0,1,1,109
Uttar Pradesh,KANPUR NAGAR,2013,0,10,19,152,0,0,0,0,0,0,0,32,213
Uttar Pradesh,KASGANJ,2013,0,3,9,70,0,0,0,0,0,0,0,10,92
Uttar Pradesh,KAUSHAMBI,2013,0,1,7,37,0,0,0,0,0,0,0,0,45
Uttar Pradesh,KHIRI,2013,0,7,23,127,0,0,0,0,0,0,0,75,232
Uttar Pradesh,KUSHI NAGAR,2013,0,6,22,117,1,0,0,0,0,0,0,77,223
Uttar Pradesh,LALITPUR,2013,0,6,6,20,0,0,0,0,0,0,0,15,47
Uttar Pradesh,LUCKNOW,2013,1,4,32,54,3,2,0,0,0,0,0,118,214
Uttar Pradesh,MAHARAJGANJ,2013,0,4,6,60,0,0,0,0,0,0,0,30,100
Uttar Pradesh,MAHOBA,2013,0,1,9,7,0,0,0,0,0,0,0,0,17
Uttar Pradesh,MAINPURI,2013,0,5,13,88,0,0,0,0,0,0,0,15,121
Uttar Pradesh,MATHURA,2013,0,11,13,44,0,0,0,0,0,0,1,6,75
Uttar Pradesh,MAU,2013,0,1,14,80,0,0,0,0,0,0,0,7,102
Uttar Pradesh,MEERUT,2013,0,28,27,115,0,0,1,0,0,0,0,63,234
Uttar Pradesh,MIRZAPUR,2013,0,2,4,6,0,0,0,0,0,0,0,2,14
Uttar Pradesh,MORADABAD,2013,0,14,30,108,1,2,1,0,0,0,0,50,206
Uttar Pradesh,MUZAFFARNAGAR,2013,0,16,20,200,0,0,0,0,0,0,0,10,246
Uttar Pradesh,PILIBHIT,2013,0,2,14,10,0,0,0,0,0,0,0,15,41
Uttar Pradesh,PRATAPGARH,2013,0,7,15,89,0,0,0,0,0,0,0,13,124
Uttar Pradesh,RAIBAREILLY,2013,0,1,22,60,0,0,0,0,0,0,0,18,101
Uttar Pradesh,RAMPUR,2013,0,6,9,9,0,2,0,0,0,0,0,7,33
Uttar Pradesh,SAHARANPUR,2013,0,13,18,38,1,0,0,0,0,0,0,49,119
Uttar Pradesh,SAMBHAL,2013,0,9,9,116,0,0,0,0,0,0,0,22,156
Uttar Pradesh,SANT KABIRNAGAR,2013,0,0,15,59,0,0,0,0,0,0,0,22,96
Uttar Pradesh,SHAHJAHANPUR,2013,0,10,11,35,0,0,0,0,0,0,0,31,87
Uttar Pradesh,SHAMLI,2013,0,4,12,51,0,0,0,0,0,0,0,4,71
Uttar Pradesh,SHRAWASTI,2013,0,1,6,28,0,0,0,0,0,0,0,5,40
Uttar Pradesh,SIDHARTHNAGAR,2013,0,1,9,54,0,0,0,0,0,0,0,20,84
Uttar Pradesh,SITAPUR,2013,0,1,52,225,1,0,0,0,0,0,0,75,354
Uttar Pradesh,SONBHADRA,2013,0,7,15,12,0,0,0,0,0,0,0,3,37
Uttar Pradesh,ST.RAVIDASNAGAR,2013,0,2,3,15,0,0,0,0,0,0,0,4,24
Uttar Pradesh,SULTANPUR,2013,0,7,15,99,0,2,0,0,0,0,0,29,152
Uttar Pradesh,UNNAO,2013,2,6,18,155,0,0,0,0,0,0,0,85,266
Uttar Pradesh,VARANASI,2013,0,1,26,134,0,0,0,0,0,0,0,31,192
Uttar Pradesh,TOTAL,2013,10,482,1381,6002,17,36,3,0,0,0,5,1921,9857
Uttarakhand,ALMORA,2013,0,0,3,0,0,0,0,0,0,0,0,1,4
Uttarakhand,BAGESHWAR,2013,0,0,0,0,0,0,0,0,0,0,0,2,2
Uttarakhand,CHAMOLI,2013,0,0,3,9,0,0,0,1,0,0,0,0,13
Uttarakhand,CHAMPAWAT,2013,0,0,0,0,0,0,0,0,0,0,0,0,0
Uttarakhand,DEHRADUN,2013,0,2,10,115,0,0,0,0,0,0,0,4,131
Uttarakhand,HARIDWAR,2013,0,0,0,0,0,0,0,0,0,0,0,0,0
Uttarakhand,NAINITAL,2013,0,3,0,12,0,0,0,0,0,0,0,0,15
Uttarakhand,PAURI GARHWAL,2013,0,0,2,8,0,0,0,0,0,0,0,0,10
Uttarakhand,PITHORAGARH,2013,0,0,4,0,0,0,0,0,0,0,0,0,4
Uttarakhand,RUDRA PRAYAG,2013,0,0,1,0,0,0,0,0,0,0,0,0,1
Uttarakhand,TEHRI GARHWAL,2013,0,0,0,0,0,0,0,0,0,0,0,0,0
Uttarakhand,UDHAMSINGH NAGAR,2013,0,1,5,31,0,0,0,0,0,0,0,1,38
Uttarakhand,UTTARKASHI,2013,0,1,4,6,0,0,0,0,0,0,0,3,14
Uttarakhand,TOTAL,2013,0,7,32,181,0,0,0,1,0,0,0,11,232
West Bengal,24 PARGANAS NORTH,2013,0,5,51,163,0,0,0,78,0,23,6,0,326
West Bengal,24 PARGANAS SOUTH,2013,0,3,14,367,1,0,1,50,0,10,1,10,457
West Bengal,ASANSOL,2013,0,0,0,0,0,0,0,0,0,0,0,0,0
West Bengal,BANKURA,2013,0,0,8,1,0,0,0,0,0,0,1,0,10
West Bengal,BDN CP,2013,0,0,0,0,0,0,0,0,0,0,1,0,1
West Bengal,BIRBHUM,2013,0,5,25,52,0,0,0,0,0,0,0,0,82
West Bengal,BKP CP,2013,0,0,0,27,0,0,0,0,0,0,0,0,27
West Bengal,BURDWAN,2013,0,5,12,0,1,0,0,10,0,5,1,5,39
West Bengal,COOCHBEHAR,2013,0,2,7,88,1,0,0,12,0,2,1,4,117
West Bengal,DAKSHIN DINAJPUR,2013,0,1,15,33,0,1,0,0,0,0,0,12,62
West Bengal,DARJEELING,2013,0,1,2,0,0,0,0,5,0,1,0,2,11
West Bengal,HOOGHLY,2013,0,5,12,5,0,0,0,0,0,0,0,0,22
West Bengal,HOWRAH,2013,0,0,0,0,0,0,0,0,0,0,1,0,1
West Bengal,HOWRAH CITY,2013,0,0,0,120,0,0,0,0,0,0,2,0,122
West Bengal,HOWRAH G.R.P.,2013,0,0,0,0,0,0,0,0,0,0,0,0,0
West Bengal,JALPAIGURI,2013,0,2,2,51,0,0,0,5,0,2,5,2,69
West Bengal,JHARGRAM,2013,0,2,0,0,0,0,0,0,0,0,0,0,2
West Bengal,KHARAGPUR G.R.P.,2013,0,0,0,0,0,0,0,0,0,0,0,0,0
West Bengal,KOLKATA,2013,0,4,58,156,0,4,0,8,0,9,0,42,281
West Bengal,MALDA,2013,0,0,7,154,0,0,0,3,0,0,3,1,168
West Bengal,MURSHIDABAD,2013,0,18,109,87,0,0,0,210,0,4,6,7,441
West Bengal,NADIA,2013,0,1,1,0,0,0,0,0,0,0,0,0,2
West Bengal,PASCHIM MIDNAPUR,2013,0,0,1,0,0,0,0,2,0,0,2,1,6
West Bengal,PURAB MIDNAPUR,2013,0,9,27,20,0,0,0,72,1,4,2,0,135
West Bengal,PURULIA,2013,0,0,12,0,0,0,0,0,0,0,3,2,17
West Bengal,SEALDAH G.R.P.,2013,0,0,0,0,0,0,0,0,0,0,0,0,0
West Bengal,SILIGURI G.R.P.,2013,0,0,0,0,0,0,0,0,0,0,0,1,1
West Bengal,SILIGURI_PC,2013,0,0,0,46,0,0,0,0,0,0,2,0,48
West Bengal,UTTAR DINAJPUR,2013,0,5,14,18,0,0,0,31,0,9,6,0,83
West Bengal,TOTAL,2013,0,68,377,1388,3,5,1,486,1,69,43,89,2530
A&N Islands,CAR,2013,0,0,0,0,0,0,0,0,0,0,0,1,1
A&N Islands,NORTH,2013,0,0,4,5,0,0,0,0,0,0,0,6,15
A&N Islands,SOUTH,2013,0,0,17,7,1,0,2,0,0,0,0,11,38
A&N Islands,TOTAL,2013,0,0,21,12,1,0,2,0,0,0,0,18,54
Chandigarh,CHANDIGARH,2013,0,2,19,164,0,0,2,0,0,0,0,26,213
Chandigarh,TOTAL,2013,0,2,19,164,0,0,2,0,0,0,0,26,213
D&N Haveli,D&N HAVELI,2013,0,0,4,10,0,0,0,0,0,0,0,0,14
D&N Haveli,TOTAL,2013,0,0,4,10,0,0,0,0,0,0,0,0,14
Daman & Diu,DAMAN,2013,0,1,4,8,0,0,0,0,0,0,0,1,14
Daman & Diu,DIU,2013,0,0,0,0,0,0,0,0,0,0,0,0,0
Daman & Diu,TOTAL,2013,0,1,4,8,0,0,0,0,0,0,0,1,14
Delhi UT,CAW,2013,0,0,0,0,0,0,0,0,0,0,0,0,0
Delhi UT,CENTRAL,2013,0,2,39,197,1,0,3,0,0,0,0,57,299
Delhi UT,CRIME BRANCH,2013,0,0,2,1,0,0,0,0,0,0,0,1,4
Delhi UT,EAST,2013,0,3,83,674,0,0,9,0,0,0,0,3,772
Delhi UT,EOW,2013,0,0,0,0,0,0,0,0,0,0,0,0,0
Delhi UT,GRP(RLY),2013,0,1,4,17,0,0,9,0,0,0,0,1,32
Delhi UT,IGI AIRPORT,2013,0,0,0,1,0,0,0,0,0,0,0,0,1
Delhi UT,METRO RAIL,2013,0,0,0,7,0,0,1,0,0,0,0,1,9
Delhi UT,NEW DELHI,2013,0,0,10,63,0,0,1,0,0,0,0,15,89
Delhi UT,NORTH,2013,0,1,17,251,0,0,3,0,0,0,0,13,285
Delhi UT,NORTH-EAST,2013,0,5,91,845,0,0,10,0,0,0,0,29,980
Delhi UT,NORTH-WEST,2013,0,0,78,569,0,0,1,0,0,0,0,32,680
Delhi UT,OUTER,2013,1,7,93,873,0,0,5,0,0,0,0,59,1038
Delhi UT,SOUTH,2013,0,2,34,482,0,0,6,0,0,0,0,65,589
Delhi UT,SOUTH-EAST,2013,0,5,120,655,1,0,2,0,0,0,0,25,808
Delhi UT,SOUTH-WEST,2013,1,1,94,503,1,0,3,0,0,0,1,86,690
Delhi UT,STF,2013,0,0,0,0,0,0,0,0,0,0,0,0,0
Delhi UT,WEST,2013,0,6,92,671,0,1,3,0,0,0,0,150,923
Delhi UT,TOTAL,2013,2,33,757,5809,3,1,56,0,0,0,1,537,7199
Lakshadweep,LAKSHADWEEP,2013,0,0,0,0,0,0,0,0,0,0,0,0,0
Lakshadweep,TOTAL,2013,0,0,0,0,0,0,0,0,0,0,0,0,0
Puducherry,KARAIKAL,2013,0,0,4,0,0,0,0,0,0,0,0,0,4
Puducherry,PUDUCHERRY,2013,0,0,5,34,0,0,1,0,0,0,1,2,43
Puducherry,TOTAL,2013,0,0,9,34,0,0,1,0,0,0,1,2,47
