state_ut,crime_head,male_below_18_years,female_below_18_years,male_between_18_30_years,female_between_18_30_years,male_between_30_45_years,female_between_30_45_years,male_between_45_60_years,female_between_45_60_years,male_above_60_years,female_above_60_years,male_total,female_total,grand_total
ANDHRA PRADESH,ARMS ACT,4,0,262,0,231,0,46,0,6,0,549,0,549
ARUNACHAL PRADESH,ARMS ACT,0,0,10,0,4,0,0,0,0,0,14,0,14
ASSAM,ARMS ACT,2,0,290,2,249,1,31,0,0,0,572,3,575
BIHAR,ARMS ACT,25,0,1483,17,788,2,164,0,0,0,2460,19,2479
CHHATTISGARH,ARMS ACT,17,0,527,0,312,0,58,0,0,0,914,0,914
GOA,ARMS ACT,0,0,12,0,6,0,0,1,1,0,19,1,20
GUJARAT,ARMS ACT,2,0,345,1,297,1,61,0,6,0,711,2,713
HARYANA,ARMS ACT,10,0,837,0,537,0,109,0,2,0,1495,0,1495
HIMACHAL PRADESH,ARMS ACT,0,0,9,0,11,0,4,0,1,0,25,0,25
JAMMU & KASHMIR,ARMS ACT,0,0,153,0,138,0,18,0,1,0,310,0,310
JHARKHAND,ARMS ACT,3,0,676,6,353,2,60,0,0,0,1092,8,1100
KARNATAKA,ARMS ACT,0,0,79,1,94,0,41,0,4,0,218,1,219
KERALA,ARMS ACT,8,0,249,0,203,1,65,0,10,0,535,1,536
MADHYA PRADESH,ARMS ACT,37,0,6389,0,3592,5,918,2,27,0,10963,7,10970
MAHARASHTRA,ARMS ACT,24,0,1058,1,421,2,54,0,5,0,1562,3,1565
MANIPUR,ARMS ACT,0,0,5,0,8,0,5,0,0,0,18,0,18
MEGHALAYA,ARMS ACT,0,0,22,0,4,0,0,0,0,0,26,0,26
MIZORAM,ARMS ACT,0,0,16,0,13,0,9,0,0,0,38,0,38
NAGALAND,ARMS ACT,0,0,87,3,59,1,2,0,1,0,149,4,153
ODISHA,ARMS ACT,1,0,516,7,481,3,179,0,3,0,1180,10,1190
PUNJAB,ARMS ACT,4,0,406,0,404,0,156,0,1,0,971,0,971
RAJASTHAN,ARMS ACT,15,0,2943,0,1695,1,484,0,34,0,5171,1,5172
SIKKIM,ARMS ACT,0,0,2,0,1,0,0,0,0,0,3,0,3
TAMIL NADU,ARMS ACT,1,0,80,0,143,1,48,0,1,0,273,1,274
TRIPURA,ARMS ACT,0,0,19,0,13,0,1,0,2,0,35,0,35
UTTAR PRADESH,ARMS ACT,25,0,17230,4,7997,2,1296,0,2,0,26550,6,26556
UTTARAKHAND,ARMS ACT,2,0,202,0,287,0,17,0,0,0,508,0,508
WEST BENGAL,ARMS ACT,7,0,1576,1,1099,0,228,0,0,0,2910,1,2911
TOTAL (STATES),ARMS ACT,187,0,35483,43,19440,22,4054,3,107,0,59271,68,59339
A & N ISLANDS,ARMS ACT,0,0,0,0,0,0,0,0,0,0,0,0,0
CHANDIGARH,ARMS ACT,0,0,8,0,6,0,3,0,0,0,17,0,17
D & N HAVELI,ARMS ACT,0,0,0,1,0,1,0,0,0,0,0,2,2
DAMAN & DIU,ARMS ACT,0,0,0,0,0,0,0,0,0,0,0,0,0
DELHI,ARMS ACT,9,0,879,3,272,1,28,2,0,0,1188,6,1194
LAKSHADWEEP,ARMS ACT,0,0,0,0,0,0,0,0,0,0,0,0,0
PUDUCHERRY,ARMS ACT,2,0,209,0,20,0,1,0,0,0,232,0,232
TOTAL (UTs),ARMS ACT,11,0,1096,4,298,2,32,2,0,0,1437,8,1445
TOTAL (ALL-INDIA),ARMS ACT,198,0,36579,47,19738,24,4086,5,107,0,60708,76,60784
ANDHRA PRADESH,"NARCOTIC DRUGS and PSYCHOTROPIC SUBSTANCES ACT, 1985",4,0,386,22,340,28,104,12,21,0,855,62,917
ARUNACHAL PRADESH,"NARCOTIC DRUGS and PSYCHOTROPIC SUBSTANCES ACT, 1985",0,0,32,0,13,0,0,0,0,0,45,0,45
ASSAM,"NARCOTIC DRUGS and PSYCHOTROPIC SUBSTANCES ACT, 1985",3,0,60,4,85,6,20,2,0,0,168,12,180
BIHAR,"NARCOTIC DRUGS and PSYCHOTROPIC SUBSTANCES ACT, 1985",10,0,298,8,256,4,70,0,0,0,634,12,646
CHHATTISGARH,"NARCOTIC DRUGS and PSYCHOTROPIC SUBSTANCES ACT, 1985",4,0,211,7,188,14,90,5,10,1,503,27,530
GOA,"NARCOTIC DRUGS and PSYCHOTROPIC SUBSTANCES ACT, 1985",0,0,27,0,23,0,5,0,1,0,56,0,56
GUJARAT,"NARCOTIC DRUGS and PSYCHOTROPIC SUBSTANCES ACT, 1985",0,0,42,0,35,0,17,1,7,0,101,1,102
HARYANA,"NARCOTIC DRUGS and PSYCHOTROPIC SUBSTANCES ACT, 1985",6,0,426,6,466,9,185,6,21,0,1104,21,1125
HIMACHAL PRADESH,"NARCOTIC DRUGS and PSYCHOTROPIC SUBSTANCES ACT, 1985",8,0,286,2,232,7,78,4,20,2,624,15,639
JAMMU & KASHMIR,"NARCOTIC DRUGS and PSYCHOTROPIC SUBSTANCES ACT, 1985",0,0,218,7,260,9,77,2,0,0,555,18,573
JHARKHAND,"NARCOTIC DRUGS and PSYCHOTROPIC SUBSTANCES ACT, 1985",0,0,114,0,89,0,22,0,1,0,226,0,226
KARNATAKA,"NARCOTIC DRUGS and PSYCHOTROPIC SUBSTANCES ACT, 1985",0,0,112,3,105,6,62,3,7,0,286,12,298
KERALA,"NARCOTIC DRUGS and PSYCHOTROPIC SUBSTANCES ACT, 1985",2,0,277,4,380,7,142,10,16,1,817,22,839
MADHYA PRADESH,"NARCOTIC DRUGS and PSYCHOTROPIC SUBSTANCES ACT, 1985",12,2,353,8,405,20,159,2,14,1,943,33,976
MAHARASHTRA,"NARCOTIC DRUGS and PSYCHOTROPIC SUBSTANCES ACT, 1985",6,1,2174,14,1955,44,472,21,41,6,4648,86,4734
MANIPUR,"NARCOTIC DRUGS and PSYCHOTROPIC SUBSTANCES ACT, 1985",0,0,24,12,35,10,4,1,1,1,64,24,88
MEGHALAYA,"NARCOTIC DRUGS and PSYCHOTROPIC SUBSTANCES ACT, 1985",0,0,19,3,8,0,1,0,0,0,28,3,31
MIZORAM,"NARCOTIC DRUGS and PSYCHOTROPIC SUBSTANCES ACT, 1985",5,3,87,21,58,16,17,7,0,0,167,47,214
NAGALAND,"NARCOTIC DRUGS and PSYCHOTROPIC SUBSTANCES ACT, 1985",0,0,24,4,27,6,2,0,1,0,54,10,64
ODISHA,"NARCOTIC DRUGS and PSYCHOTROPIC SUBSTANCES ACT, 1985",0,0,114,4,154,1,71,4,3,0,342,9,351
PUNJAB,"NARCOTIC DRUGS and PSYCHOTROPIC SUBSTANCES ACT, 1985",7,1,4031,179,4552,239,2538,122,44,2,11172,543,11715
RAJASTHAN,"NARCOTIC DRUGS and PSYCHOTROPIC SUBSTANCES ACT, 1985",9,0,621,9,669,13,195,2,8,3,1502,27,1529
SIKKIM,"NARCOTIC DRUGS and PSYCHOTROPIC SUBSTANCES ACT, 1985",0,0,2,0,1,0,0,0,0,0,3,0,3
TAMIL NADU,"NARCOTIC DRUGS and PSYCHOTROPIC SUBSTANCES ACT, 1985",0,1,569,38,530,108,275,90,55,16,1429,253,1682
TRIPURA,"NARCOTIC DRUGS and PSYCHOTROPIC SUBSTANCES ACT, 1985",0,0,35,0,15,0,2,0,0,0,52,0,52
UTTAR PRADESH,"NARCOTIC DRUGS and PSYCHOTROPIC SUBSTANCES ACT, 1985",5,0,3994,2,2361,11,490,0,0,0,6850,13,6863
UTTARAKHAND,"NARCOTIC DRUGS and PSYCHOTROPIC SUBSTANCES ACT, 1985",0,0,125,1,167,6,30,0,0,0,322,7,329
WEST BENGAL,"NARCOTIC DRUGS and PSYCHOTROPIC SUBSTANCES ACT, 1985",0,0,516,16,466,32,133,10,2,0,1117,58,1175
TOTAL (STATES),"NARCOTIC DRUGS and PSYCHOTROPIC SUBSTANCES ACT, 1985",81,8,15177,374,13875,596,5261,304,273,33,34667,1315,35982
A & N ISLANDS,"NARCOTIC DRUGS and PSYCHOTROPIC SUBSTANCES ACT, 1985",1,0,5,0,2,0,0,0,0,0,8,0,8
CHANDIGARH,"NARCOTIC DRUGS and PSYCHOTROPIC SUBSTANCES ACT, 1985",0,0,32,4,18,2,19,0,0,0,69,6,75
D & N HAVELI,"NARCOTIC DRUGS and PSYCHOTROPIC SUBSTANCES ACT, 1985",0,0,0,0,0,0,0,0,0,0,0,0,0
DAMAN & DIU,"NARCOTIC DRUGS and PSYCHOTROPIC SUBSTANCES ACT, 1985",0,0,0,0,0,0,0,0,0,0,0,0,0
DELHI,"NARCOTIC DRUGS and PSYCHOTROPIC SUBSTANCES ACT, 1985",2,0,547,8,323,22,52,7,1,0,925,37,962
LAKSHADWEEP,"NARCOTIC DRUGS and PSYCHOTROPIC SUBSTANCES ACT, 1985",0,0,11,0,9,0,0,0,0,0,20,0,20
PUDUCHERRY,"NARCOTIC DRUGS and PSYCHOTROPIC SUBSTANCES ACT, 1985",0,0,7,0,1,0,0,0,0,0,8,0,8
TOTAL (UTs),"NARCOTIC DRUGS and PSYCHOTROPIC SUBSTANCES ACT, 1985",3,0,602,12,353,24,71,7,1,0,1030,43,1073
TOTAL (ALL-INDIA),"NARCOTIC DRUGS and PSYCHOTROPIC SUBSTANCES ACT, 1985",84,8,15779,386,14228,620,5332,311,274,33,35697,1358,37055
ANDHRA PRADESH,GAMBLING ACT,0,0,14567,2,17929,12,9203,1,403,0,42102,15,42117
ARUNACHAL PRADESH,GAMBLING ACT,0,0,0,0,0,0,0,0,0,0,0,0,0
ASSAM,GAMBLING ACT,0,0,79,0,121,0,13,0,0,0,213,0,213
BIHAR,GAMBLING ACT,11,0,346,0,230,0,75,0,2,0,664,0,664
CHHATTISGARH,GAMBLING ACT,52,0,11785,2,11441,5,4810,2,632,0,28720,9,28729
GOA,GAMBLING ACT,0,0,221,18,339,1,136,0,12,0,708,19,727
GUJARAT,GAMBLING ACT,70,0,16195,157,15821,243,6701,116,541,6,39328,522,39850
HARYANA,GAMBLING ACT,55,0,3169,0,3132,4,1333,0,75,0,7764,4,7768
HIMACHAL PRADESH,GAMBLING ACT,0,0,141,0,360,0,110,0,26,0,637,0,637
JAMMU & KASHMIR,GAMBLING ACT,0,0,205,0,373,0,105,0,0,0,683,0,683
JHARKHAND,GAMBLING ACT,3,0,280,0,211,0,55,0,0,0,549,0,549
KARNATAKA,GAMBLING ACT,6,0,11863,0,13069,6,5823,3,558,0,31319,9,31328
KERALA,GAMBLING ACT,0,0,5243,0,9154,0,4871,0,809,0,20077,0,20077
MADHYA PRADESH,GAMBLING ACT,84,0,31616,4,22878,6,9453,2,1004,0,65035,12,65047
MAHARASHTRA,GAMBLING ACT,88,0,16906,25,19423,32,8347,29,1116,4,45880,90,45970
MANIPUR,GAMBLING ACT,0,0,13,0,9,0,0,0,0,0,22,0,22
MEGHALAYA,GAMBLING ACT,0,0,10,0,6,0,4,0,0,0,20,0,20
MIZORAM,GAMBLING ACT,0,0,0,0,0,0,0,0,0,0,0,0,0
NAGALAND,GAMBLING ACT,0,0,2,0,0,0,0,0,0,0,2,0,2
ODISHA,GAMBLING ACT,4,0,1267,2,1348,9,761,3,32,0,3412,14,3426
PUNJAB,GAMBLING ACT,2,0,1626,0,1691,9,1162,1,0,1,4481,11,4492
RAJASTHAN,GAMBLING ACT,11,0,14481,0,10422,3,4027,4,230,0,29171,7,29178
SIKKIM,GAMBLING ACT,0,0,0,0,0,0,0,0,0,0,0,0,0
TAMIL NADU,GAMBLING ACT,8,0,8978,0,13419,0,4612,0,677,0,27694,0,27694
TRIPURA,GAMBLING ACT,0,0,7,0,8,0,11,0,0,0,26,0,26
UTTAR PRADESH,GAMBLING ACT,1,0,13507,0,7575,0,3118,2,115,0,24316,2,24318
UTTARAKHAND,GAMBLING ACT,12,0,266,0,325,0,70,0,1,0,674,0,674
WEST BENGAL,GAMBLING ACT,0,0,515,0,477,0,178,0,68,0,1238,0,1238
TOTAL (STATES),GAMBLING ACT,407,0,153288,210,149761,330,64978,163,6301,11,374735,714,375449
A & N ISLANDS,GAMBLING ACT,0,0,167,0,256,0,72,0,6,0,501,0,501
CHANDIGARH,GAMBLING ACT,0,0,236,0,157,0,62,0,16,0,471,0,471
D & N HAVELI,GAMBLING ACT,0,0,51,0,50,1,9,0,4,0,114,1,115
DAMAN & DIU,GAMBLING ACT,0,0,16,0,79,0,11,0,3,0,109,0,109
DELHI,GAMBLING ACT,2,0,1008,0,651,0,215,0,2,0,1878,0,1878
LAKSHADWEEP,GAMBLING ACT,0,0,0,0,0,0,0,0,0,0,0,0,0
PUDUCHERRY,GAMBLING ACT,0,0,53,0,76,0,32,0,5,0,166,0,166
TOTAL (UTs),GAMBLING ACT,2,0,1531,0,1269,1,401,0,36,0,3239,1,3240
TOTAL (ALL-INDIA),GAMBLING ACT,409,0,154819,210,151030,331,65379,163,6337,11,377974,715,378689
ANDHRA PRADESH,EXCISE ACT,17,0,2410,74,2946,159,1033,70,68,4,6474,307,6781
ARUNACHAL PRADESH,EXCISE ACT,0,0,0,0,0,0,0,0,0,0,0,0,0
ASSAM,EXCISE ACT,0,0,9,0,20,0,0,0,0,0,29,0,29
BIHAR,EXCISE ACT,29,0,1260,39,1651,75,670,13,54,0,3664,127,3791
CHHATTISGARH,EXCISE ACT,29,2,4041,176,4846,290,2325,128,306,10,11547,606,12153
GOA,EXCISE ACT,0,0,0,0,0,0,0,0,0,0,0,0,0
GUJARAT,EXCISE ACT,0,0,0,0,0,0,0,0,0,0,0,0,0
HARYANA,EXCISE ACT,72,0,7128,3,8323,7,2791,1,402,0,18716,11,18727
HIMACHAL PRADESH,EXCISE ACT,1,0,442,25,898,85,632,61,67,4,2040,175,2215
JAMMU & KASHMIR,EXCISE ACT,0,0,240,11,228,19,66,10,5,1,539,41,580
JHARKHAND,EXCISE ACT,0,0,237,4,184,4,68,0,1,0,490,8,498
KARNATAKA,EXCISE ACT,1,0,1005,36,1325,93,546,39,85,2,2962,170,3132
KERALA,EXCISE ACT,0,0,0,0,0,0,0,0,0,0,0,0,0
MADHYA PRADESH,EXCISE ACT,82,1,19953,542,15350,864,6121,358,494,28,42000,1793,43793
MAHARASHTRA,EXCISE ACT,0,0,0,0,0,0,0,0,0,0,0,0,0
MANIPUR,EXCISE ACT,0,0,0,0,0,0,0,0,0,0,0,0,0
MEGHALAYA,EXCISE ACT,0,0,0,0,0,0,0,0,0,0,0,0,0
MIZORAM,EXCISE ACT,0,0,0,0,0,0,0,0,0,0,0,0,0
NAGALAND,EXCISE ACT,0,0,15,0,9,1,3,0,0,0,27,1,28
ODISHA,EXCISE ACT,2,0,3300,130,3961,225,1809,87,154,2,9226,444,9670
PUNJAB,EXCISE ACT,1,0,2288,264,3067,340,2068,122,14,0,7438,726,8164
RAJASTHAN,EXCISE ACT,28,2,5943,141,5066,199,1832,62,170,11,13039,415,13454
SIKKIM,EXCISE ACT,0,0,35,3,46,6,14,0,0,0,95,9,104
TAMIL NADU,EXCISE ACT,0,0,0,0,0,0,0,0,0,0,0,0,0
TRIPURA,EXCISE ACT,0,0,0,0,0,0,0,0,0,0,0,0,0
UTTAR PRADESH,EXCISE ACT,3,0,17305,264,12732,203,4772,71,119,0,34931,538,35469
UTTARAKHAND,EXCISE ACT,14,0,963,7,1220,24,212,11,32,0,2441,42,2483
WEST BENGAL,EXCISE ACT,2,0,720,23,879,45,224,24,10,0,1835,92,1927
TOTAL (STATES),EXCISE ACT,281,5,67294,1742,62751,2639,25186,1057,1981,62,157493,5505,162998
A & N ISLANDS,EXCISE ACT,0,0,483,28,799,121,460,92,79,27,1821,268,2089
CHANDIGARH,EXCISE ACT,0,0,462,10,527,7,30,0,12,0,1031,17,1048
D & N HAVELI,EXCISE ACT,0,0,2,0,0,0,0,0,0,0,2,0,2
DAMAN & DIU,EXCISE ACT,0,0,0,0,0,0,0,0,0,0,0,0,0
DELHI,EXCISE ACT,8,0,1014,35,688,100,169,40,5,1,1884,176,2060
LAKSHADWEEP,EXCISE ACT,0,0,0,0,0,0,0,0,0,0,0,0,0
PUDUCHERRY,EXCISE ACT,0,0,0,0,0,0,0,0,0,0,0,0,0
TOTAL (UTs),EXCISE ACT,8,0,1961,73,2014,228,659,132,96,28,4738,461,5199
TOTAL (ALL-INDIA),EXCISE ACT,289,5,69255,1815,64765,2867,25845,1189,2077,90,162231,5966,168197
ANDHRA PRADESH,PROHIBITION ACT,1,0,1073,42,847,71,605,37,75,1,2601,151,2752
ARUNACHAL PRADESH,PROHIBITION ACT,0,0,0,0,0,0,0,0,0,0,0,0,0
ASSAM,PROHIBITION ACT,0,0,0,0,0,0,0,0,0,0,0,0,0
BIHAR,PROHIBITION ACT,0,0,0,0,0,0,0,0,0,0,0,0,0
CHHATTISGARH,PROHIBITION ACT,0,0,351,0,417,0,166,0,0,0,934,0,934
GOA,PROHIBITION ACT,0,0,0,0,0,0,0,0,0,0,0,0,0
GUJARAT,PROHIBITION ACT,114,95,49175,18320,55997,35642,24819,17229,2254,1131,132359,72417,204776
HARYANA,PROHIBITION ACT,0,0,0,0,0,0,0,0,0,0,0,0,0
HIMACHAL PRADESH,PROHIBITION ACT,0,0,0,0,1,0,0,0,0,0,1,0,1
JAMMU & KASHMIR,PROHIBITION ACT,0,0,0,0,0,0,0,0,0,0,0,0,0
JHARKHAND,PROHIBITION ACT,0,0,0,0,0,0,0,0,0,0,0,0,0
KARNATAKA,PROHIBITION ACT,0,0,0,0,0,0,0,0,0,0,0,0,0
KERALA,PROHIBITION ACT,0,0,19929,123,26709,464,14353,47,2446,4,63437,638,64075
MADHYA PRADESH,PROHIBITION ACT,0,0,0,0,0,0,0,0,0,0,0,0,0
MAHARASHTRA,PROHIBITION ACT,117,1,23353,1328,29724,3879,13888,2161,2159,397,69241,7766,77007
MANIPUR,PROHIBITION ACT,0,0,0,0,0,0,0,0,0,0,0,0,0
MEGHALAYA,PROHIBITION ACT,0,0,0,0,0,0,0,0,0,0,0,0,0
MIZORAM,PROHIBITION ACT,2,0,31,3,27,8,3,0,2,0,65,11,76
NAGALAND,PROHIBITION ACT,0,0,37,5,32,3,7,1,2,0,78,9,87
ODISHA,PROHIBITION ACT,0,0,0,0,0,0,0,0,0,0,0,0,0
PUNJAB,PROHIBITION ACT,0,0,1,0,5,0,3,0,0,0,9,0,9
RAJASTHAN,PROHIBITION ACT,0,0,0,0,0,0,0,0,0,0,0,0,0
SIKKIM,PROHIBITION ACT,0,0,0,0,0,0,0,0,0,0,0,0,0
TAMIL NADU,PROHIBITION ACT,5,2,24189,1962,34538,3513,19897,2076,1998,233,80627,7786,88413
TRIPURA,PROHIBITION ACT,0,0,0,0,0,0,0,0,0,0,0,0,0
UTTAR PRADESH,PROHIBITION ACT,0,0,0,0,0,0,0,0,0,0,0,0,0
UTTARAKHAND,PROHIBITION ACT,0,0,0,0,0,0,0,0,0,0,0,0,0
WEST BENGAL,PROHIBITION ACT,0,0,0,0,0,0,0,0,0,0,0,0,0
TOTAL (STATES),PROHIBITION ACT,239,98,118139,21783,148297,43580,73741,21551,8936,1766,349352,88778,438130
A & N ISLANDS,PROHIBITION ACT,0,0,21,0,16,0,5,0,0,0,42,0,42
CHANDIGARH,PROHIBITION ACT,0,0,0,0,0,0,0,0,0,0,0,0,0
D & N HAVELI,PROHIBITION ACT,0,0,0,0,0,0,0,0,0,0,0,0,0
DAMAN & DIU,PROHIBITION ACT,0,0,0,0,0,0,0,0,0,0,0,0,0
DELHI,PROHIBITION ACT,0,0,0,0,0,0,0,0,0,0,0,0,0
LAKSHADWEEP,PROHIBITION ACT,0,0,10,0,7,0,2,0,0,0,19,0,19
PUDUCHERRY,PROHIBITION ACT,0,0,0,0,0,0,0,0,0,0,0,0,0
TOTAL (UTs),PROHIBITION ACT,0,0,31,0,23,0,7,0,0,0,61,0,61
TOTAL (ALL-INDIA),PROHIBITION ACT,239,98,118170,21783,148320,43580,73748,21551,8936,1766,349413,88778,438191
ANDHRA PRADESH,"EXPLOSIVES and EXPLOSIVE SUBSTANCES ACT, 1884 and 1908",1,0,134,0,149,2,69,1,4,0,357,3,360
ARUNACHAL PRADESH,"EXPLOSIVES and EXPLOSIVE SUBSTANCES ACT, 1884 and 1908",0,0,4,0,0,0,0,0,0,0,4,0,4
ASSAM,"EXPLOSIVES and EXPLOSIVE SUBSTANCES ACT, 1884 and 1908",1,0,50,0,53,0,2,0,1,0,107,0,107
BIHAR,"EXPLOSIVES and EXPLOSIVE SUBSTANCES ACT, 1884 and 1908",1,0,209,0,158,0,87,0,0,0,455,0,455
CHHATTISGARH,"EXPLOSIVES and EXPLOSIVE SUBSTANCES ACT, 1884 and 1908",0,0,56,0,98,3,16,1,5,0,175,4,179
GOA,"EXPLOSIVES and EXPLOSIVE SUBSTANCES ACT, 1884 and 1908",0,0,0,0,0,0,0,0,0,0,0,0,0
GUJARAT,"EXPLOSIVES and EXPLOSIVE SUBSTANCES ACT, 1884 and 1908",0,0,32,0,43,0,5,0,1,0,81,0,81
HARYANA,"EXPLOSIVES and EXPLOSIVE SUBSTANCES ACT, 1884 and 1908",0,0,20,0,20,0,6,1,3,0,49,1,50
HIMACHAL PRADESH,"EXPLOSIVES and EXPLOSIVE SUBSTANCES ACT, 1884 and 1908",0,0,1,0,0,0,0,0,0,0,1,0,1
JAMMU & KASHMIR,"EXPLOSIVES and EXPLOSIVE SUBSTANCES ACT, 1884 and 1908",0,0,9,0,17,0,1,0,0,0,27,0,27
JHARKHAND,"EXPLOSIVES and EXPLOSIVE SUBSTANCES ACT, 1884 and 1908",2,0,60,0,42,1,3,0,0,0,107,1,108
KARNATAKA,"EXPLOSIVES and EXPLOSIVE SUBSTANCES ACT, 1884 and 1908",0,0,46,0,119,2,72,1,4,0,241,3,244
KERALA,"EXPLOSIVES and EXPLOSIVE SUBSTANCES ACT, 1884 and 1908",4,0,81,0,211,0,99,0,27,0,422,0,422
MADHYA PRADESH,"EXPLOSIVES and EXPLOSIVE SUBSTANCES ACT, 1884 and 1908",1,0,136,4,98,0,44,1,0,0,279,5,284
MAHARASHTRA,"EXPLOSIVES and EXPLOSIVE SUBSTANCES ACT, 1884 and 1908",1,0,54,0,47,0,8,0,0,1,110,1,111
MANIPUR,"EXPLOSIVES and EXPLOSIVE SUBSTANCES ACT, 1884 and 1908",0,0,1,0,0,0,0,0,0,0,1,0,1
MEGHALAYA,"EXPLOSIVES and EXPLOSIVE SUBSTANCES ACT, 1884 and 1908",0,0,0,0,0,0,0,0,0,0,0,0,0
MIZORAM,"EXPLOSIVES and EXPLOSIVE SUBSTANCES ACT, 1884 and 1908",0,0,7,0,3,0,9,0,0,0,19,0,19
NAGALAND,"EXPLOSIVES and EXPLOSIVE SUBSTANCES ACT, 1884 and 1908",0,0,2,0,4,0,0,0,0,0,6,0,6
ODISHA,"EXPLOSIVES and EXPLOSIVE SUBSTANCES ACT, 1884 and 1908",2,0,303,3,275,3,71,0,0,0,651,6,657
PUNJAB,"EXPLOSIVES and EXPLOSIVE SUBSTANCES ACT, 1884 and 1908",0,0,6,0,9,0,1,0,0,0,16,0,16
RAJASTHAN,"EXPLOSIVES and EXPLOSIVE SUBSTANCES ACT, 1884 and 1908",0,0,245,0,277,0,107,0,0,0,629,0,629
SIKKIM,"EXPLOSIVES and EXPLOSIVE SUBSTANCES ACT, 1884 and 1908",0,0,1,0,0,0,0,0,0,0,1,0,1
TAMIL NADU,"EXPLOSIVES and EXPLOSIVE SUBSTANCES ACT, 1884 and 1908",2,0,420,2,365,1,92,0,13,0,892,3,895
TRIPURA,"EXPLOSIVES and EXPLOSIVE SUBSTANCES ACT, 1884 and 1908",0,0,0,0,0,0,0,0,0,0,0,0,0
UTTAR PRADESH,"EXPLOSIVES and EXPLOSIVE SUBSTANCES ACT, 1884 and 1908",0,0,350,0,251,0,26,0,0,0,627,0,627
UTTARAKHAND,"EXPLOSIVES and EXPLOSIVE SUBSTANCES ACT, 1884 and 1908",0,0,3,0,0,0,0,0,0,0,3,0,3
WEST BENGAL,"EXPLOSIVES and EXPLOSIVE SUBSTANCES ACT, 1884 and 1908",1,0,65,2,73,0,30,0,0,0,169,2,171
TOTAL (STATES),"EXPLOSIVES and EXPLOSIVE SUBSTANCES ACT, 1884 and 1908",16,0,2295,11,2312,12,748,5,58,1,5429,29,5458
A & N ISLANDS,"EXPLOSIVES and EXPLOSIVE SUBSTANCES ACT, 1884 and 1908",0,0,0,0,0,0,0,0,0,0,0,0,0
CHANDIGARH,"EXPLOSIVES and EXPLOSIVE SUBSTANCES ACT, 1884 and 1908",0,0,0,0,0,0,0,0,0,0,0,0,0
D & N HAVELI,"EXPLOSIVES and EXPLOSIVE SUBSTANCES ACT, 1884 and 1908",0,0,0,0,0,0,0,0,0,0,0,0,0
DAMAN & DIU,"EXPLOSIVES and EXPLOSIVE SUBSTANCES ACT, 1884 and 1908",0,0,0,0,0,0,0,0,0,0,0,0,0
DELHI,"EXPLOSIVES and EXPLOSIVE SUBSTANCES ACT, 1884 and 1908",0,0,6,0,3,0,0,0,0,0,9,0,9
LAKSHADWEEP,"EXPLOSIVES and EXPLOSIVE SUBSTANCES ACT, 1884 and 1908",0,0,1,0,0,0,0,0,0,0,1,0,1
PUDUCHERRY,"EXPLOSIVES and EXPLOSIVE SUBSTANCES ACT, 1884 and 1908",0,0,15,0,4,0,0,0,0,0,19,0,19
TOTAL (UTs),"EXPLOSIVES and EXPLOSIVE SUBSTANCES ACT, 1884 and 1908",0,0,22,0,7,0,0,0,0,0,29,0,29
TOTAL (ALL-INDIA),"EXPLOSIVES and EXPLOSIVE SUBSTANCES ACT, 1884 and 1908",16,0,2317,11,2319,12,748,5,58,1,5458,29,5487
ANDHRA PRADESH,"IMMORAL TRAFFIC (PREVENTION) ACT, 1956",0,0,501,253,337,165,71,23,3,1,912,442,1354
ARUNACHAL PRADESH,"IMMORAL TRAFFIC (PREVENTION) ACT, 1956",0,0,1,0,0,0,0,0,0,0,1,0,1
ASSAM,"IMMORAL TRAFFIC (PREVENTION) ACT, 1956",0,0,12,1,38,0,0,0,0,0,50,1,51
BIHAR,"IMMORAL TRAFFIC (PREVENTION) ACT, 1956",0,0,49,8,38,9,10,2,0,0,97,19,116
CHHATTISGARH,"IMMORAL TRAFFIC (PREVENTION) ACT, 1956",1,0,11,5,2,3,0,0,0,0,14,8,22
GOA,"IMMORAL TRAFFIC (PREVENTION) ACT, 1956",0,0,48,11,28,6,3,1,3,0,82,18,100
GUJARAT,"IMMORAL TRAFFIC (PREVENTION) ACT, 1956",1,7,38,17,32,21,3,4,0,1,74,50,124
HARYANA,"IMMORAL TRAFFIC (PREVENTION) ACT, 1956",0,1,100,91,58,42,9,1,1,0,168,135,303
HIMACHAL PRADESH,"IMMORAL TRAFFIC (PREVENTION) ACT, 1956",0,0,6,1,5,6,0,0,0,0,11,7,18
JAMMU & KASHMIR,"IMMORAL TRAFFIC (PREVENTION) ACT, 1956",0,0,7,0,4,0,2,0,0,0,13,0,13
JHARKHAND,"IMMORAL TRAFFIC (PREVENTION) ACT, 1956",0,0,3,6,3,3,2,3,0,0,8,12,20
KARNATAKA,"IMMORAL TRAFFIC (PREVENTION) ACT, 1956",0,0,379,329,271,166,47,35,9,4,706,534,1240
KERALA,"IMMORAL TRAFFIC (PREVENTION) ACT, 1956",0,0,30,75,50,137,12,18,2,0,94,230,324
MADHYA PRADESH,"IMMORAL TRAFFIC (PREVENTION) ACT, 1956",0,0,25,5,16,2,11,0,0,0,52,7,59
MAHARASHTRA,"IMMORAL TRAFFIC (PREVENTION) ACT, 1956",0,4,522,271,415,217,100,60,22,10,1059,562,1621
MANIPUR,"IMMORAL TRAFFIC (PREVENTION) ACT, 1956",0,0,0,0,0,0,0,0,0,0,0,0,0
MEGHALAYA,"IMMORAL TRAFFIC (PREVENTION) ACT, 1956",0,0,4,4,2,8,0,1,1,0,7,13,20
MIZORAM,"IMMORAL TRAFFIC (PREVENTION) ACT, 1956",0,0,0,0,0,0,0,0,0,0,0,0,0
NAGALAND,"IMMORAL TRAFFIC (PREVENTION) ACT, 1956",0,0,8,13,4,1,0,0,0,0,12,14,26
ODISHA,"IMMORAL TRAFFIC (PREVENTION) ACT, 1956",0,0,34,19,18,8,3,0,0,0,55,27,82
PUNJAB,"IMMORAL TRAFFIC (PREVENTION) ACT, 1956",0,0,101,94,93,66,23,25,0,0,217,185,402
RAJASTHAN,"IMMORAL TRAFFIC (PREVENTION) ACT, 1956",0,1,103,136,59,36,6,5,3,0,171,178,349
SIKKIM,"IMMORAL TRAFFIC (PREVENTION) ACT, 1956",0,0,0,0,0,0,0,0,0,0,0,0,0
TAMIL NADU,"IMMORAL TRAFFIC (PREVENTION) ACT, 1956",0,0,232,141,283,134,97,26,6,8,618,309,927
TRIPURA,"IMMORAL TRAFFIC (PREVENTION) ACT, 1956",0,0,0,0,0,0,0,0,0,0,0,0,0
UTTAR PRADESH,"IMMORAL TRAFFIC (PREVENTION) ACT, 1956",0,0,78,52,39,18,0,0,0,0,117,70,187
UTTARAKHAND,"IMMORAL TRAFFIC (PREVENTION) ACT, 1956",0,0,22,14,20,3,2,0,0,0,44,17,61
WEST BENGAL,"IMMORAL TRAFFIC (PREVENTION) ACT, 1956",0,4,117,67,171,51,33,12,0,0,321,134,455
TOTAL (STATES),"IMMORAL TRAFFIC (PREVENTION) ACT, 1956",2,17,2431,1613,1986,1102,434,216,50,24,4903,2972,7875
A & N ISLANDS,"IMMORAL TRAFFIC (PREVENTION) ACT, 1956",0,0,5,7,2,2,0,0,0,0,7,9,16
CHANDIGARH,"IMMORAL TRAFFIC (PREVENTION) ACT, 1956",0,0,0,0,0,0,0,0,0,0,0,0,0
D & N HAVELI,"IMMORAL TRAFFIC (PREVENTION) ACT, 1956",0,0,1,3,4,3,1,0,0,0,6,6,12
DAMAN & DIU,"IMMORAL TRAFFIC (PREVENTION) ACT, 1956",0,0,10,12,0,1,1,0,0,0,11,13,24
DELHI,"IMMORAL TRAFFIC (PREVENTION) ACT, 1956",0,0,9,63,8,23,1,0,0,0,18,86,104
LAKSHADWEEP,"IMMORAL TRAFFIC (PREVENTION) ACT, 1956",0,0,0,0,0,0,0,0,0,0,0,0,0
PUDUCHERRY,"IMMORAL TRAFFIC (PREVENTION) ACT, 1956",0,0,12,2,5,0,2,0,0,0,19,2,21
TOTAL (UTs),"IMMORAL TRAFFIC (PREVENTION) ACT, 1956",0,0,37,87,19,29,5,0,0,0,61,116,177
TOTAL (ALL-INDIA),"IMMORAL TRAFFIC (PREVENTION) ACT, 1956",2,17,2468,1700,2005,1131,439,216,50,24,4964,3088,8052
ANDHRA PRADESH,"INDIAN RAILWAYS ACT, 1989",0,0,15,0,8,0,10,0,0,0,33,0,33
ARUNACHAL PRADESH,"INDIAN RAILWAYS ACT, 1989",0,0,0,0,0,0,0,0,0,0,0,0,0
ASSAM,"INDIAN RAILWAYS ACT, 1989",0,0,0,0,2,0,0,0,0,0,2,0,2
BIHAR,"INDIAN RAILWAYS ACT, 1989",0,0,1,0,0,0,0,0,0,0,1,0,1
CHHATTISGARH,"INDIAN RAILWAYS ACT, 1989",0,0,0,0,6,0,0,0,0,0,6,0,6
GOA,"INDIAN RAILWAYS ACT, 1989",0,0,0,0,0,0,1,0,0,0,1,0,1
GUJARAT,"INDIAN RAILWAYS ACT, 1989",0,0,0,0,0,0,0,0,0,0,0,0,0
HARYANA,"INDIAN RAILWAYS ACT, 1989",0,0,1,0,0,0,0,0,0,0,1,0,1
HIMACHAL PRADESH,"INDIAN RAILWAYS ACT, 1989",0,0,1,0,0,0,1,0,0,0,2,0,2
JAMMU & KASHMIR,"INDIAN RAILWAYS ACT, 1989",0,0,0,0,0,0,0,0,0,0,0,0,0
JHARKHAND,"INDIAN RAILWAYS ACT, 1989",0,0,0,0,0,0,0,0,0,0,0,0,0
KARNATAKA,"INDIAN RAILWAYS ACT, 1989",0,0,3,0,10,0,3,0,0,0,16,0,16
KERALA,"INDIAN RAILWAYS ACT, 1989",0,0,0,0,4,0,1,0,0,0,5,0,5
MADHYA PRADESH,"INDIAN RAILWAYS ACT, 1989",4,0,4,0,3,0,0,0,0,0,11,0,11
MAHARASHTRA,"INDIAN RAILWAYS ACT, 1989",1,0,2,0,0,0,0,0,0,0,3,0,3
MANIPUR,"INDIAN RAILWAYS ACT, 1989",0,0,0,0,0,0,0,0,0,0,0,0,0
MEGHALAYA,"INDIAN RAILWAYS ACT, 1989",0,0,0,0,0,0,0,0,0,0,0,0,0
MIZORAM,"INDIAN RAILWAYS ACT, 1989",0,0,0,0,0,0,0,0,0,0,0,0,0
NAGALAND,"INDIAN RAILWAYS ACT, 1989",0,0,0,0,0,0,0,0,0,0,0,0,0
ODISHA,"INDIAN RAILWAYS ACT, 1989",0,0,0,0,0,0,0,0,0,0,0,0,0
PUNJAB,"INDIAN RAILWAYS ACT, 1989",0,0,4,0,3,0,3,0,0,0,10,0,10
RAJASTHAN,"INDIAN RAILWAYS ACT, 1989",0,0,0,0,0,0,0,0,0,0,0,0,0
SIKKIM,"INDIAN RAILWAYS ACT, 1989",0,0,0,0,0,0,0,0,0,0,0,0,0
TAMIL NADU,"INDIAN RAILWAYS ACT, 1989",2,0,4,0,1,0,0,0,0,0,7,0,7
TRIPURA,"INDIAN RAILWAYS ACT, 1989",0,0,0,0,0,0,0,0,0,0,0,0,0
UTTAR PRADESH,"INDIAN RAILWAYS ACT, 1989",0,0,31,0,18,0,0,0,0,0,49,0,49
UTTARAKHAND,"INDIAN RAILWAYS ACT, 1989",0,0,1,0,2,0,0,0,0,0,3,0,3
WEST BENGAL,"INDIAN RAILWAYS ACT, 1989",0,0,0,0,1,0,0,0,0,0,1,0,1
TOTAL (STATES),"INDIAN RAILWAYS ACT, 1989",7,0,67,0,58,0,19,0,0,0,151,0,151
A & N ISLANDS,"INDIAN RAILWAYS ACT, 1989",0,0,0,0,0,0,0,0,0,0,0,0,0
CHANDIGARH,"INDIAN RAILWAYS ACT, 1989",0,0,0,0,0,0,0,0,0,0,0,0,0
D & N HAVELI,"INDIAN RAILWAYS ACT, 1989",0,0,0,0,0,0,0,0,0,0,0,0,0
DAMAN & DIU,"INDIAN RAILWAYS ACT, 1989",0,0,0,0,0,0,0,0,0,0,0,0,0
DELHI,"INDIAN RAILWAYS ACT, 1989",0,0,0,0,0,0,0,0,0,0,0,0,0
LAKSHADWEEP,"INDIAN RAILWAYS ACT, 1989",0,0,0,0,0,0,0,0,0,0,0,0,0
PUDUCHERRY,"INDIAN RAILWAYS ACT, 1989",0,0,0,0,0,0,0,0,0,0,0,0,0
TOTAL (UTs),"INDIAN RAILWAYS ACT, 1989",0,0,0,0,0,0,0,0,0,0,0,0,0
TOTAL (ALL-INDIA),"INDIAN RAILWAYS ACT, 1989",7,0,67,0,58,0,19,0,0,0,151,0,151
ANDHRA PRADESH,"REGISTRATION OF FOREIGNERS ACT, 1930",0,0,14,0,5,0,0,0,0,0,19,0,19
ARUNACHAL PRADESH,"REGISTRATION OF FOREIGNERS ACT, 1930",0,0,0,0,1,0,0,0,0,0,1,0,1
ASSAM,"REGISTRATION OF FOREIGNERS ACT, 1930",0,0,4,0,19,0,6,0,0,0,29,0,29
BIHAR,"REGISTRATION OF FOREIGNERS ACT, 1930",0,0,0,0,0,0,1,0,0,0,1,0,1
CHHATTISGARH,"REGISTRATION OF FOREIGNERS ACT, 1930",0,0,0,0,0,0,0,0,0,0,0,0,0
GOA,"REGISTRATION OF FOREIGNERS ACT, 1930",0,0,16,4,17,1,4,1,0,0,37,6,43
GUJARAT,"REGISTRATION OF FOREIGNERS ACT, 1930",0,0,11,1,11,2,6,0,2,0,30,3,33
HARYANA,"REGISTRATION OF FOREIGNERS ACT, 1930",0,0,24,1,19,0,3,0,0,0,46,1,47
HIMACHAL PRADESH,"REGISTRATION OF FOREIGNERS ACT, 1930",0,0,1,0,3,0,2,0,0,0,6,0,6
JAMMU & KASHMIR,"REGISTRATION OF FOREIGNERS ACT, 1930",0,0,6,3,8,3,2,0,0,0,16,6,22
JHARKHAND,"REGISTRATION OF FOREIGNERS ACT, 1930",0,0,0,0,1,0,0,0,0,0,1,0,1
KARNATAKA,"REGISTRATION OF FOREIGNERS ACT, 1930",0,0,66,7,26,3,3,1,1,1,96,12,108
KERALA,"REGISTRATION OF FOREIGNERS ACT, 1930",0,0,28,0,7,1,5,0,0,1,40,2,42
MADHYA PRADESH,"REGISTRATION OF FOREIGNERS ACT, 1930",0,0,0,0,0,0,0,0,0,0,0,0,0
MAHARASHTRA,"REGISTRATION OF FOREIGNERS ACT, 1930",0,0,16,1,6,0,0,0,1,0,23,1,24
MANIPUR,"REGISTRATION OF FOREIGNERS ACT, 1930",1,0,38,0,20,0,2,0,0,0,61,0,61
MEGHALAYA,"REGISTRATION OF FOREIGNERS ACT, 1930",6,0,183,0,56,1,14,0,2,0,261,1,262
MIZORAM,"REGISTRATION OF FOREIGNERS ACT, 1930",0,0,15,1,15,2,10,0,0,0,40,3,43
NAGALAND,"REGISTRATION OF FOREIGNERS ACT, 1930",0,0,0,0,0,0,0,0,0,0,0,0,0
ODISHA,"REGISTRATION OF FOREIGNERS ACT, 1930",0,0,0,0,3,0,0,0,0,0,3,0,3
PUNJAB,"REGISTRATION OF FOREIGNERS ACT, 1930",0,0,0,0,1,0,0,0,0,0,1,0,1
RAJASTHAN,"REGISTRATION OF FOREIGNERS ACT, 1930",0,0,0,0,1,0,0,0,0,0,1,0,1
SIKKIM,"REGISTRATION OF FOREIGNERS ACT, 1930",0,0,1,0,0,0,1,1,0,0,2,1,3
TAMIL NADU,"REGISTRATION OF FOREIGNERS ACT, 1930",0,0,2,1,11,0,2,0,0,0,15,1,16
TRIPURA,"REGISTRATION OF FOREIGNERS ACT, 1930",0,0,1,0,0,0,0,0,0,0,1,0,1
UTTAR PRADESH,"REGISTRATION OF FOREIGNERS ACT, 1930",0,0,0,0,1,0,0,0,0,0,1,0,1
UTTARAKHAND,"REGISTRATION OF FOREIGNERS ACT, 1930",0,0,1,0,2,0,0,0,0,0,3,0,3
WEST BENGAL,"REGISTRATION OF FOREIGNERS ACT, 1930",24,5,648,55,511,51,196,22,3,1,1382,134,1516
TOTAL (STATES),"REGISTRATION OF FOREIGNERS ACT, 1930",31,5,1075,74,744,64,257,25,9,3,2116,171,2287
A & N ISLANDS,"REGISTRATION OF FOREIGNERS ACT, 1930",2,0,34,0,39,0,10,0,1,0,86,0,86
CHANDIGARH,"REGISTRATION OF FOREIGNERS ACT, 1930",0,0,0,0,0,1,0,0,0,0,0,1,1
D & N HAVELI,"REGISTRATION OF FOREIGNERS ACT, 1930",0,0,0,0,0,0,0,0,0,0,0,0,0
DAMAN & DIU,"REGISTRATION OF FOREIGNERS ACT, 1930",0,0,3,0,0,0,0,0,0,0,3,0,3
DELHI,"REGISTRATION OF FOREIGNERS ACT, 1930",0,0,9,2,17,2,3,0,0,0,29,4,33
LAKSHADWEEP,"REGISTRATION OF FOREIGNERS ACT, 1930",0,0,0,0,0,0,0,0,0,0,0,0,0
PUDUCHERRY,"REGISTRATION OF FOREIGNERS ACT, 1930",0,0,0,0,0,0,0,0,0,0,0,0,0
TOTAL (UTs),"REGISTRATION OF FOREIGNERS ACT, 1930",2,0,46,2,56,3,13,0,1,0,118,5,123
TOTAL (ALL-INDIA),"REGISTRATION OF FOREIGNERS ACT, 1930",33,5,1121,76,800,67,270,25,10,3,2234,176,2410
ANDHRA PRADESH,"PROTECTION OF CIVIL RIGHTS ACT, 1955",0,0,9,0,2,0,0,0,1,0,12,0,12
ARUNACHAL PRADESH,"PROTECTION OF CIVIL RIGHTS ACT, 1955",0,0,0,0,0,0,0,0,0,0,0,0,0
ASSAM,"PROTECTION OF CIVIL RIGHTS ACT, 1955",0,0,0,0,0,0,0,0,0,0,0,0,0
BIHAR,"PROTECTION OF CIVIL RIGHTS ACT, 1955",0,0,0,0,0,0,0,0,0,0,0,0,0
CHHATTISGARH,"PROTECTION OF CIVIL RIGHTS ACT, 1955",0,0,0,0,0,0,0,0,0,0,0,0,0
GOA,"PROTECTION OF CIVIL RIGHTS ACT, 1955",0,0,1,0,0,0,0,0,0,0,1,0,1
GUJARAT,"PROTECTION OF CIVIL RIGHTS ACT, 1955",0,0,0,0,2,0,0,0,0,0,2,0,2
HARYANA,"PROTECTION OF CIVIL RIGHTS ACT, 1955",0,0,0,0,0,0,0,0,0,0,0,0,0
HIMACHAL PRADESH,"PROTECTION OF CIVIL RIGHTS ACT, 1955",0,0,5,0,5,0,1,0,1,0,12,0,12
JAMMU & KASHMIR,"PROTECTION OF CIVIL RIGHTS ACT, 1955",0,0,0,0,1,0,1,0,0,0,2,0,2
JHARKHAND,"PROTECTION OF CIVIL RIGHTS ACT, 1955",0,0,0,0,0,0,0,0,0,0,0,0,0
KARNATAKA,"PROTECTION OF CIVIL RIGHTS ACT, 1955",0,0,8,0,20,3,11,1,0,0,39,4,43
KERALA,"PROTECTION OF CIVIL RIGHTS ACT, 1955",0,0,0,0,0,0,0,0,0,0,0,0,0
MADHYA PRADESH,"PROTECTION OF CIVIL RIGHTS ACT, 1955",0,0,0,0,0,0,0,0,0,0,0,0,0
MAHARASHTRA,"PROTECTION OF CIVIL RIGHTS ACT, 1955",0,0,1,0,6,0,0,0,0,0,7,0,7
MANIPUR,"PROTECTION OF CIVIL RIGHTS ACT, 1955",0,0,0,0,0,0,0,0,0,0,0,0,0
MEGHALAYA,"PROTECTION OF CIVIL RIGHTS ACT, 1955",0,0,0,0,0,0,0,0,0,0,0,0,0
MIZORAM,"PROTECTION OF CIVIL RIGHTS ACT, 1955",0,0,0,0,0,0,0,0,0,0,0,0,0
NAGALAND,"PROTECTION OF CIVIL RIGHTS ACT, 1955",0,0,0,0,0,0,0,0,0,0,0,0,0
ODISHA,"PROTECTION OF CIVIL RIGHTS ACT, 1955",0,0,0,0,0,0,0,0,0,0,0,0,0
PUNJAB,"PROTECTION OF CIVIL RIGHTS ACT, 1955",0,0,0,0,0,0,0,0,0,0,0,0,0
RAJASTHAN,"PROTECTION OF CIVIL RIGHTS ACT, 1955",0,0,0,0,0,0,0,0,0,0,0,0,0
SIKKIM,"PROTECTION OF CIVIL RIGHTS ACT, 1955",0,0,0,0,0,0,0,0,0,0,0,0,0
TAMIL NADU,"PROTECTION OF CIVIL RIGHTS ACT, 1955",0,0,10,0,0,0,1,0,0,0,11,0,11
TRIPURA,"PROTECTION OF CIVIL RIGHTS ACT, 1955",0,0,0,0,0,0,0,0,0,0,0,0,0
UTTAR PRADESH,"PROTECTION OF CIVIL RIGHTS ACT, 1955",0,0,1,0,2,0,0,0,0,0,3,0,3
UTTARAKHAND,"PROTECTION OF CIVIL RIGHTS ACT, 1955",0,0,0,0,0,0,0,0,0,0,0,0,0
WEST BENGAL,"PROTECTION OF CIVIL RIGHTS ACT, 1955",0,0,0,0,0,0,0,0,0,0,0,0,0
TOTAL (STATES),"PROTECTION OF CIVIL RIGHTS ACT, 1955",0,0,35,0,38,3,14,1,2,0,89,4,93
A & N ISLANDS,"PROTECTION OF CIVIL RIGHTS ACT, 1955",0,0,0,0,0,0,0,0,0,0,0,0,0
CHANDIGARH,"PROTECTION OF CIVIL RIGHTS ACT, 1955",0,0,0,0,0,0,0,0,0,0,0,0,0
D & N HAVELI,"PROTECTION OF CIVIL RIGHTS ACT, 1955",0,0,0,0,0,0,0,0,0,0,0,0,0
DAMAN & DIU,"PROTECTION OF CIVIL RIGHTS ACT, 1955",0,0,0,0,0,0,0,0,0,0,0,0,0
DELHI,"PROTECTION OF CIVIL RIGHTS ACT, 1955",0,0,0,0,0,0,0,0,0,0,0,0,0
LAKSHADWEEP,"PROTECTION OF CIVIL RIGHTS ACT, 1955",0,0,0,0,0,0,0,0,0,0,0,0,0
PUDUCHERRY,"PROTECTION OF CIVIL RIGHTS ACT, 1955",0,0,5,0,7,0,3,0,1,0,16,0,16
TOTAL (UTs),"PROTECTION OF CIVIL RIGHTS ACT, 1955",0,0,5,0,7,0,3,0,1,0,16,0,16
TOTAL (ALL-INDIA),"PROTECTION OF CIVIL RIGHTS ACT, 1955",0,0,40,0,45,3,17,1,3,0,105,4,109
ANDHRA PRADESH,"PROTECTION OF CIVIL RIGHTS ACT,1955",0,0,9,0,2,0,0,0,1,0,12,0,12
ARUNACHAL PRADESH,"PROTECTION OF CIVIL RIGHTS ACT,1955",0,0,0,0,0,0,0,0,0,0,0,0,0
ASSAM,"PROTECTION OF CIVIL RIGHTS ACT,1955",0,0,0,0,0,0,0,0,0,0,0,0,0
BIHAR,"PROTECTION OF CIVIL RIGHTS ACT,1955",0,0,0,0,0,0,0,0,0,0,0,0,0
CHHATTISGARH,"PROTECTION OF CIVIL RIGHTS ACT,1955",0,0,0,0,0,0,0,0,0,0,0,0,0
GOA,"PROTECTION OF CIVIL RIGHTS ACT,1955",0,0,1,0,0,0,0,0,0,0,1,0,1
GUJARAT,"PROTECTION OF CIVIL RIGHTS ACT,1955",0,0,0,0,2,0,0,0,0,0,2,0,2
HARYANA,"PROTECTION OF CIVIL RIGHTS ACT,1955",0,0,0,0,0,0,0,0,0,0,0,0,0
HIMACHAL PRADESH,"PROTECTION OF CIVIL RIGHTS ACT,1955",0,0,5,0,5,0,1,0,1,0,12,0,12
JAMMU & KASHMIR,"PROTECTION OF CIVIL RIGHTS ACT,1955",0,0,0,0,1,0,1,0,0,0,2,0,2
JHARKHAND,"PROTECTION OF CIVIL RIGHTS ACT,1955",0,0,0,0,0,0,0,0,0,0,0,0,0
KARNATAKA,"PROTECTION OF CIVIL RIGHTS ACT,1955",0,0,8,0,20,3,11,1,0,0,39,4,43
KERALA,"PROTECTION OF CIVIL RIGHTS ACT,1955",0,0,0,0,0,0,0,0,0,0,0,0,0
MADHYA PRADESH,"PROTECTION OF CIVIL RIGHTS ACT,1955",0,0,0,0,0,0,0,0,0,0,0,0,0
MAHARASHTRA,"PROTECTION OF CIVIL RIGHTS ACT,1955",0,0,1,0,6,0,0,0,0,0,7,0,7
MANIPUR,"PROTECTION OF CIVIL RIGHTS ACT,1955",0,0,0,0,0,0,0,0,0,0,0,0,0
MEGHALAYA,"PROTECTION OF CIVIL RIGHTS ACT,1955",0,0,0,0,0,0,0,0,0,0,0,0,0
MIZORAM,"PROTECTION OF CIVIL RIGHTS ACT,1955",0,0,0,0,0,0,0,0,0,0,0,0,0
NAGALAND,"PROTECTION OF CIVIL RIGHTS ACT,1955",0,0,0,0,0,0,0,0,0,0,0,0,0
ODISHA,"PROTECTION OF CIVIL RIGHTS ACT,1955",0,0,0,0,0,0,0,0,0,0,0,0,0
PUNJAB,"PROTECTION OF CIVIL RIGHTS ACT,1955",0,0,0,0,0,0,0,0,0,0,0,0,0
RAJASTHAN,"PROTECTION OF CIVIL RIGHTS ACT,1955",0,0,0,0,0,0,0,0,0,0,0,0,0
SIKKIM,"PROTECTION OF CIVIL RIGHTS ACT,1955",0,0,0,0,0,0,0,0,0,0,0,0,0
TAMIL NADU,"PROTECTION OF CIVIL RIGHTS ACT,1955",0,0,10,0,0,0,1,0,0,0,11,0,11
TRIPURA,"PROTECTION OF CIVIL RIGHTS ACT,1955",0,0,0,0,0,0,0,0,0,0,0,0,0
UTTAR PRADESH,"PROTECTION OF CIVIL RIGHTS ACT,1955",0,0,1,0,2,0,0,0,0,0,3,0,3
UTTARAKHAND,"PROTECTION OF CIVIL RIGHTS ACT,1955",0,0,0,0,0,0,0,0,0,0,0,0,0
WEST BENGAL,"PROTECTION OF CIVIL RIGHTS ACT,1955",0,0,0,0,0,0,0,0,0,0,0,0,0
TOTAL (STATES),"PROTECTION OF CIVIL RIGHTS ACT,1955",0,0,35,0,38,3,14,1,2,0,89,4,93
A & N ISLANDS,"PROTECTION OF CIVIL RIGHTS ACT,1955",0,0,0,0,0,0,0,0,0,0,0,0,0
CHANDIGARH,"PROTECTION OF CIVIL RIGHTS ACT,1955",0,0,0,0,0,0,0,0,0,0,0,0,0
D & N HAVELI,"PROTECTION OF CIVIL RIGHTS ACT,1955",0,0,0,0,0,0,0,0,0,0,0,0,0
DAMAN & DIU,"PROTECTION OF CIVIL RIGHTS ACT,1955",0,0,0,0,0,0,0,0,0,0,0,0,0
DELHI,"PROTECTION OF CIVIL RIGHTS ACT,1955",0,0,0,0,0,0,0,0,0,0,0,0,0
LAKSHADWEEP,"PROTECTION OF CIVIL RIGHTS ACT,1955",0,0,0,0,0,0,0,0,0,0,0,0,0
PUDUCHERRY,"PROTECTION OF CIVIL RIGHTS ACT,1955",0,0,5,0,7,0,3,0,1,0,16,0,16
TOTAL (UTs),"PROTECTION OF CIVIL RIGHTS ACT,1955",0,0,5,0,7,0,3,0,1,0,16,0,16
TOTAL (ALL-INDIA),"PROTECTION OF CIVIL RIGHTS ACT,1955",0,0,40,0,45,3,17,1,3,0,105,4,109
ANDHRA PRADESH,"PROTECTION OF CIVIL RIGHTS ACT,1955 FOR CRIMES COMMITTED AGAINST SCHEDULED TRIBES",0,0,0,0,0,0,0,0,0,0,0,0,0
ARUNACHAL PRADESH,"PROTECTION OF CIVIL RIGHTS ACT,1955 FOR CRIMES COMMITTED AGAINST SCHEDULED TRIBES",0,0,0,0,0,0,0,0,0,0,0,0,0
ASSAM,"PROTECTION OF CIVIL RIGHTS ACT,1955 FOR CRIMES COMMITTED AGAINST SCHEDULED TRIBES",0,0,0,0,0,0,0,0,0,0,0,0,0
BIHAR,"PROTECTION OF CIVIL RIGHTS ACT,1955 FOR CRIMES COMMITTED AGAINST SCHEDULED TRIBES",0,0,0,0,0,0,0,0,0,0,0,0,0
CHHATTISGARH,"PROTECTION OF CIVIL RIGHTS ACT,1955 FOR CRIMES COMMITTED AGAINST SCHEDULED TRIBES",0,0,0,0,0,0,0,0,0,0,0,0,0
GOA,"PROTECTION OF CIVIL RIGHTS ACT,1955 FOR CRIMES COMMITTED AGAINST SCHEDULED TRIBES",0,0,0,0,0,0,0,0,0,0,0,0,0
GUJARAT,"PROTECTION OF CIVIL RIGHTS ACT,1955 FOR CRIMES COMMITTED AGAINST SCHEDULED TRIBES",0,0,0,0,0,0,0,0,0,0,0,0,0
HARYANA,"PROTECTION OF CIVIL RIGHTS ACT,1955 FOR CRIMES COMMITTED AGAINST SCHEDULED TRIBES",0,0,0,0,0,0,0,0,0,0,0,0,0
HIMACHAL PRADESH,"PROTECTION OF CIVIL RIGHTS ACT,1955 FOR CRIMES COMMITTED AGAINST SCHEDULED TRIBES",0,0,0,0,0,0,0,0,0,0,0,0,0
JAMMU & KASHMIR,"PROTECTION OF CIVIL RIGHTS ACT,1955 FOR CRIMES COMMITTED AGAINST SCHEDULED TRIBES",0,0,0,0,0,0,0,0,0,0,0,0,0
JHARKHAND,"PROTECTION OF CIVIL RIGHTS ACT,1955 FOR CRIMES COMMITTED AGAINST SCHEDULED TRIBES",0,0,0,0,0,0,0,0,0,0,0,0,0
KARNATAKA,"PROTECTION OF CIVIL RIGHTS ACT,1955 FOR CRIMES COMMITTED AGAINST SCHEDULED TRIBES",0,0,0,0,0,0,0,0,0,0,0,0,0
KERALA,"PROTECTION OF CIVIL RIGHTS ACT,1955 FOR CRIMES COMMITTED AGAINST SCHEDULED TRIBES",0,0,0,0,0,0,0,0,0,0,0,0,0
MADHYA PRADESH,"PROTECTION OF CIVIL RIGHTS ACT,1955 FOR CRIMES COMMITTED AGAINST SCHEDULED TRIBES",0,0,0,0,0,0,0,0,0,0,0,0,0
MAHARASHTRA,"PROTECTION OF CIVIL RIGHTS ACT,1955 FOR CRIMES COMMITTED AGAINST SCHEDULED TRIBES",0,0,0,0,0,0,0,0,0,0,0,0,0
MANIPUR,"PROTECTION OF CIVIL RIGHTS ACT,1955 FOR CRIMES COMMITTED AGAINST SCHEDULED TRIBES",0,0,0,0,0,0,0,0,0,0,0,0,0
MEGHALAYA,"PROTECTION OF CIVIL RIGHTS ACT,1955 FOR CRIMES COMMITTED AGAINST SCHEDULED TRIBES",0,0,0,0,0,0,0,0,0,0,0,0,0
MIZORAM,"PROTECTION OF CIVIL RIGHTS ACT,1955 FOR CRIMES COMMITTED AGAINST SCHEDULED TRIBES",0,0,0,0,0,0,0,0,0,0,0,0,0
NAGALAND,"PROTECTION OF CIVIL RIGHTS ACT,1955 FOR CRIMES COMMITTED AGAINST SCHEDULED TRIBES",0,0,0,0,0,0,0,0,0,0,0,0,0
ODISHA,"PROTECTION OF CIVIL RIGHTS ACT,1955 FOR CRIMES COMMITTED AGAINST SCHEDULED TRIBES",0,0,0,0,0,0,0,0,0,0,0,0,0
PUNJAB,"PROTECTION OF CIVIL RIGHTS ACT,1955 FOR CRIMES COMMITTED AGAINST SCHEDULED TRIBES",0,0,0,0,0,0,0,0,0,0,0,0,0
RAJASTHAN,"PROTECTION OF CIVIL RIGHTS ACT,1955 FOR CRIMES COMMITTED AGAINST SCHEDULED TRIBES",0,0,0,0,0,0,0,0,0,0,0,0,0
SIKKIM,"PROTECTION OF CIVIL RIGHTS ACT,1955 FOR CRIMES COMMITTED AGAINST SCHEDULED TRIBES",0,0,0,0,0,0,0,0,0,0,0,0,0
TAMIL NADU,"PROTECTION OF CIVIL RIGHTS ACT,1955 FOR CRIMES COMMITTED AGAINST SCHEDULED TRIBES",0,0,0,0,0,0,0,0,0,0,0,0,0
TRIPURA,"PROTECTION OF CIVIL RIGHTS ACT,1955 FOR CRIMES COMMITTED AGAINST SCHEDULED TRIBES",0,0,0,0,0,0,0,0,0,0,0,0,0
UTTAR PRADESH,"PROTECTION OF CIVIL RIGHTS ACT,1955 FOR CRIMES COMMITTED AGAINST SCHEDULED TRIBES",0,0,0,0,0,0,0,0,0,0,0,0,0
UTTARAKHAND,"PROTECTION OF CIVIL RIGHTS ACT,1955 FOR CRIMES COMMITTED AGAINST SCHEDULED TRIBES",0,0,0,0,0,0,0,0,0,0,0,0,0
WEST BENGAL,"PROTECTION OF CIVIL RIGHTS ACT,1955 FOR CRIMES COMMITTED AGAINST SCHEDULED TRIBES",0,0,0,0,0,0,0,0,0,0,0,0,0
TOTAL (STATES),"PROTECTION OF CIVIL RIGHTS ACT,1955 FOR CRIMES COMMITTED AGAINST SCHEDULED TRIBES",0,0,0,0,0,0,0,0,0,0,0,0,0
A & N ISLANDS,"PROTECTION OF CIVIL RIGHTS ACT,1955 FOR CRIMES COMMITTED AGAINST SCHEDULED TRIBES",0,0,0,0,0,0,0,0,0,0,0,0,0
CHANDIGARH,"PROTECTION OF CIVIL RIGHTS ACT,1955 FOR CRIMES COMMITTED AGAINST SCHEDULED TRIBES",0,0,0,0,0,0,0,0,0,0,0,0,0
D & N HAVELI,"PROTECTION OF CIVIL RIGHTS ACT,1955 FOR CRIMES COMMITTED AGAINST SCHEDULED TRIBES",0,0,0,0,0,0,0,0,0,0,0,0,0
DAMAN & DIU,"PROTECTION OF CIVIL RIGHTS ACT,1955 FOR CRIMES COMMITTED AGAINST SCHEDULED TRIBES",0,0,0,0,0,0,0,0,0,0,0,0,0
DELHI,"PROTECTION OF CIVIL RIGHTS ACT,1955 FOR CRIMES COMMITTED AGAINST SCHEDULED TRIBES",0,0,0,0,0,0,0,0,0,0,0,0,0
LAKSHADWEEP,"PROTECTION OF CIVIL RIGHTS ACT,1955 FOR CRIMES COMMITTED AGAINST SCHEDULED TRIBES",0,0,0,0,0,0,0,0,0,0,0,0,0
PUDUCHERRY,"PROTECTION OF CIVIL RIGHTS ACT,1955 FOR CRIMES COMMITTED AGAINST SCHEDULED TRIBES",0,0,0,0,0,0,0,0,0,0,0,0,0
TOTAL (UTs),"PROTECTION OF CIVIL RIGHTS ACT,1955 FOR CRIMES COMMITTED AGAINST SCHEDULED TRIBES",0,0,0,0,0,0,0,0,0,0,0,0,0
TOTAL (ALL-INDIA),"PROTECTION OF CIVIL RIGHTS ACT,1955 FOR CRIMES COMMITTED AGAINST SCHEDULED TRIBES",0,0,0,0,0,0,0,0,0,0,0,0,0
ANDHRA PRADESH,"INDIAN PASSPORT ACT, 1967",0,0,11,2,16,1,0,0,0,0,27,3,30
ARUNACHAL PRADESH,"INDIAN PASSPORT ACT, 1967",0,0,0,0,0,0,0,0,0,0,0,0,0
ASSAM,"INDIAN PASSPORT ACT, 1967",0,0,0,0,1,0,0,0,0,0,1,0,1
BIHAR,"INDIAN PASSPORT ACT, 1967",0,0,0,0,0,0,0,0,0,0,0,0,0
CHHATTISGARH,"INDIAN PASSPORT ACT, 1967",0,0,0,0,1,0,0,0,0,0,1,0,1
GOA,"INDIAN PASSPORT ACT, 1967",0,0,0,0,0,0,0,0,0,0,0,0,0
GUJARAT,"INDIAN PASSPORT ACT, 1967",0,0,3,0,2,0,0,0,0,0,5,0,5
HARYANA,"INDIAN PASSPORT ACT, 1967",0,0,0,0,0,0,0,0,0,0,0,0,0
HIMACHAL PRADESH,"INDIAN PASSPORT ACT, 1967",0,0,0,0,0,0,0,0,0,0,0,0,0
JAMMU & KASHMIR,"INDIAN PASSPORT ACT, 1967",0,0,0,0,0,0,0,0,0,0,0,0,0
JHARKHAND,"INDIAN PASSPORT ACT, 1967",0,0,0,0,0,0,0,0,0,0,0,0,0
KARNATAKA,"INDIAN PASSPORT ACT, 1967",0,0,20,9,14,10,5,1,0,0,39,20,59
KERALA,"INDIAN PASSPORT ACT, 1967",0,0,84,1,287,1,141,1,0,0,512,3,515
MADHYA PRADESH,"INDIAN PASSPORT ACT, 1967",0,0,0,0,0,0,0,0,0,0,0,0,0
MAHARASHTRA,"INDIAN PASSPORT ACT, 1967",12,11,322,117,141,34,43,3,3,0,521,165,686
MANIPUR,"INDIAN PASSPORT ACT, 1967",0,0,0,0,0,0,0,0,0,0,0,0,0
MEGHALAYA,"INDIAN PASSPORT ACT, 1967",0,0,5,3,1,0,0,0,0,0,6,3,9
MIZORAM,"INDIAN PASSPORT ACT, 1967",0,0,10,4,5,2,0,0,0,0,15,6,21
NAGALAND,"INDIAN PASSPORT ACT, 1967",0,0,0,0,0,0,0,0,0,0,0,0,0
ODISHA,"INDIAN PASSPORT ACT, 1967",0,0,0,0,0,0,0,0,0,0,0,0,0
PUNJAB,"INDIAN PASSPORT ACT, 1967",0,0,6,0,20,2,6,0,0,0,32,2,34
RAJASTHAN,"INDIAN PASSPORT ACT, 1967",0,0,0,0,2,0,0,0,1,0,3,0,3
SIKKIM,"INDIAN PASSPORT ACT, 1967",0,0,0,0,0,0,0,0,0,0,0,0,0
TAMIL NADU,"INDIAN PASSPORT ACT, 1967",0,0,63,0,105,5,35,0,1,0,204,5,209
TRIPURA,"INDIAN PASSPORT ACT, 1967",6,2,44,1,49,3,13,0,1,3,113,9,122
UTTAR PRADESH,"INDIAN PASSPORT ACT, 1967",0,0,3,0,7,0,2,0,0,0,12,0,12
UTTARAKHAND,"INDIAN PASSPORT ACT, 1967",0,0,0,0,0,0,0,0,0,0,0,0,0
WEST BENGAL,"INDIAN PASSPORT ACT, 1967",0,0,55,0,36,0,7,0,0,0,98,0,98
TOTAL (STATES),"INDIAN PASSPORT ACT, 1967",18,13,626,137,687,58,252,5,6,3,1589,216,1805
A & N ISLANDS,"INDIAN PASSPORT ACT, 1967",0,0,0,0,0,0,0,0,0,0,0,0,0
CHANDIGARH,"INDIAN PASSPORT ACT, 1967",0,0,0,0,0,0,0,0,0,0,0,0,0
D & N HAVELI,"INDIAN PASSPORT ACT, 1967",0,0,0,0,0,0,0,0,0,0,0,0,0
DAMAN & DIU,"INDIAN PASSPORT ACT, 1967",0,0,0,0,0,0,0,0,0,0,0,0,0
DELHI,"INDIAN PASSPORT ACT, 1967",0,0,0,1,1,1,0,0,0,0,1,2,3
LAKSHADWEEP,"INDIAN PASSPORT ACT, 1967",0,0,0,0,0,0,0,0,0,0,0,0,0
PUDUCHERRY,"INDIAN PASSPORT ACT, 1967",0,0,0,0,2,0,0,0,0,0,2,0,2
TOTAL (UTs),"INDIAN PASSPORT ACT, 1967",0,0,0,1,3,1,0,0,0,0,3,2,5
TOTAL (ALL-INDIA),"INDIAN PASSPORT ACT, 1967",18,13,626,138,690,59,252,5,6,3,1592,218,1810
ANDHRA PRADESH,"ESSENTIAL COMMODITIES ACT, 1955",0,0,83,0,114,3,28,0,2,0,227,3,230
ARUNACHAL PRADESH,"ESSENTIAL COMMODITIES ACT, 1955",0,0,0,0,0,0,0,0,0,0,0,0,0
ASSAM,"ESSENTIAL COMMODITIES ACT, 1955",0,0,3,0,23,0,1,0,0,0,27,0,27
BIHAR,"ESSENTIAL COMMODITIES ACT, 1955",0,0,233,0,480,0,258,0,38,0,1009,0,1009
CHHATTISGARH,"ESSENTIAL COMMODITIES ACT, 1955",0,0,49,0,62,7,21,0,3,0,135,7,142
GOA,"ESSENTIAL COMMODITIES ACT, 1955",0,0,0,0,1,0,0,0,0,0,1,0,1
GUJARAT,"ESSENTIAL COMMODITIES ACT, 1955",0,0,80,0,129,2,29,0,11,0,249,2,251
HARYANA,"ESSENTIAL COMMODITIES ACT, 1955",1,0,100,0,129,0,49,0,2,0,281,0,281
HIMACHAL PRADESH,"ESSENTIAL COMMODITIES ACT, 1955",0,0,13,0,20,1,12,0,0,0,45,1,46
JAMMU & KASHMIR,"ESSENTIAL COMMODITIES ACT, 1955",0,0,118,0,243,0,91,0,0,0,452,0,452
JHARKHAND,"ESSENTIAL COMMODITIES ACT, 1955",0,0,47,0,97,0,29,0,0,0,173,0,173
KARNATAKA,"ESSENTIAL COMMODITIES ACT, 1955",0,0,110,1,210,5,124,1,10,0,454,7,461
KERALA,"ESSENTIAL COMMODITIES ACT, 1955",0,0,42,0,157,0,65,0,11,0,275,0,275
MADHYA PRADESH,"ESSENTIAL COMMODITIES ACT, 1955",2,0,158,0,164,2,62,0,6,0,392,2,394
MAHARASHTRA,"ESSENTIAL COMMODITIES ACT, 1955",3,0,935,5,1009,17,381,9,46,3,2374,34,2408
MANIPUR,"ESSENTIAL COMMODITIES ACT, 1955",0,0,0,0,2,0,4,1,1,0,7,1,8
MEGHALAYA,"ESSENTIAL COMMODITIES ACT, 1955",0,0,5,0,3,0,1,0,0,0,9,0,9
MIZORAM,"ESSENTIAL COMMODITIES ACT, 1955",0,0,0,0,0,0,0,0,0,0,0,0,0
NAGALAND,"ESSENTIAL COMMODITIES ACT, 1955",0,0,0,0,0,0,0,0,0,0,0,0,0
ODISHA,"ESSENTIAL COMMODITIES ACT, 1955",2,0,32,0,116,3,23,0,0,0,173,3,176
PUNJAB,"ESSENTIAL COMMODITIES ACT, 1955",0,0,30,0,83,1,53,0,1,0,167,1,168
RAJASTHAN,"ESSENTIAL COMMODITIES ACT, 1955",1,0,99,0,156,1,41,0,2,0,299,1,300
SIKKIM,"ESSENTIAL COMMODITIES ACT, 1955",0,0,0,0,1,0,0,0,0,0,1,0,1
TAMIL NADU,"ESSENTIAL COMMODITIES ACT, 1955",0,0,31,0,73,1,20,1,0,0,124,2,126
TRIPURA,"ESSENTIAL COMMODITIES ACT, 1955",0,0,37,0,29,0,18,0,0,0,84,0,84
UTTAR PRADESH,"ESSENTIAL COMMODITIES ACT, 1955",0,0,853,0,1133,1,554,0,0,0,2540,1,2541
UTTARAKHAND,"ESSENTIAL COMMODITIES ACT, 1955",1,0,7,0,58,0,15,0,1,0,82,0,82
WEST BENGAL,"ESSENTIAL COMMODITIES ACT, 1955",0,0,118,0,97,0,60,0,4,0,279,0,279
TOTAL (STATES),"ESSENTIAL COMMODITIES ACT, 1955",10,0,3183,6,4589,44,1939,12,138,3,9859,65,9924
A & N ISLANDS,"ESSENTIAL COMMODITIES ACT, 1955",0,0,0,0,0,0,1,0,0,0,1,0,1
CHANDIGARH,"ESSENTIAL COMMODITIES ACT, 1955",0,0,6,0,9,0,1,0,0,0,16,0,16
D & N HAVELI,"ESSENTIAL COMMODITIES ACT, 1955",0,0,1,0,8,0,2,0,0,0,11,0,11
DAMAN & DIU,"ESSENTIAL COMMODITIES ACT, 1955",0,0,0,0,2,0,0,0,0,0,2,0,2
DELHI,"ESSENTIAL COMMODITIES ACT, 1955",0,0,8,0,8,0,4,0,0,0,20,0,20
LAKSHADWEEP,"ESSENTIAL COMMODITIES ACT, 1955",0,0,0,0,0,0,0,0,0,0,0,0,0
PUDUCHERRY,"ESSENTIAL COMMODITIES ACT, 1955",0,0,21,0,22,0,6,0,0,0,49,0,49
TOTAL (UTs),"ESSENTIAL COMMODITIES ACT, 1955",0,0,36,0,49,0,14,0,0,0,99,0,99
TOTAL (ALL-INDIA),"ESSENTIAL COMMODITIES ACT, 1955",10,0,3219,6,4638,44,1953,12,138,3,9958,65,10023
ANDHRA PRADESH,"TERRORIST AND DISRUPTIVE ACTIVITIES ACT, 1987",0,0,0,0,0,0,0,0,0,0,0,0,0
ARUNACHAL PRADESH,"TERRORIST AND DISRUPTIVE ACTIVITIES ACT, 1987",0,0,0,0,0,0,0,0,0,0,0,0,0
ASSAM,"TERRORIST AND DISRUPTIVE ACTIVITIES ACT, 1987",0,0,0,0,0,0,0,0,0,0,0,0,0
BIHAR,"TERRORIST AND DISRUPTIVE ACTIVITIES ACT, 1987",0,0,0,0,0,0,0,0,0,0,0,0,0
CHHATTISGARH,"TERRORIST AND DISRUPTIVE ACTIVITIES ACT, 1987",0,0,0,0,0,0,0,0,0,0,0,0,0
GOA,"TERRORIST AND DISRUPTIVE ACTIVITIES ACT, 1987",0,0,0,0,0,0,0,0,0,0,0,0,0
GUJARAT,"TERRORIST AND DISRUPTIVE ACTIVITIES ACT, 1987",0,0,0,0,0,0,0,0,0,0,0,0,0
HARYANA,"TERRORIST AND DISRUPTIVE ACTIVITIES ACT, 1987",0,0,0,0,0,0,0,0,0,0,0,0,0
HIMACHAL PRADESH,"TERRORIST AND DISRUPTIVE ACTIVITIES ACT, 1987",0,0,0,0,0,0,0,0,0,0,0,0,0
JAMMU & KASHMIR,"TERRORIST AND DISRUPTIVE ACTIVITIES ACT, 1987",0,0,0,0,0,0,0,0,0,0,0,0,0
JHARKHAND,"TERRORIST AND DISRUPTIVE ACTIVITIES ACT, 1987",0,0,0,0,0,0,0,0,0,0,0,0,0
KARNATAKA,"TERRORIST AND DISRUPTIVE ACTIVITIES ACT, 1987",0,0,0,0,0,0,0,0,0,0,0,0,0
KERALA,"TERRORIST AND DISRUPTIVE ACTIVITIES ACT, 1987",0,0,0,0,0,0,0,0,0,0,0,0,0
MADHYA PRADESH,"TERRORIST AND DISRUPTIVE ACTIVITIES ACT, 1987",0,0,0,0,0,0,0,0,0,0,0,0,0
MAHARASHTRA,"TERRORIST AND DISRUPTIVE ACTIVITIES ACT, 1987",0,0,0,0,0,0,0,0,0,0,0,0,0
MANIPUR,"TERRORIST AND DISRUPTIVE ACTIVITIES ACT, 1987",0,0,0,0,0,0,0,0,0,0,0,0,0
MEGHALAYA,"TERRORIST AND DISRUPTIVE ACTIVITIES ACT, 1987",0,0,0,0,0,0,0,0,0,0,0,0,0
MIZORAM,"TERRORIST AND DISRUPTIVE ACTIVITIES ACT, 1987",0,0,0,0,0,0,0,0,0,0,0,0,0
NAGALAND,"TERRORIST AND DISRUPTIVE ACTIVITIES ACT, 1987",0,0,0,0,0,0,0,0,0,0,0,0,0
ODISHA,"TERRORIST AND DISRUPTIVE ACTIVITIES ACT, 1987",0,0,0,0,0,0,0,0,0,0,0,0,0
PUNJAB,"TERRORIST AND DISRUPTIVE ACTIVITIES ACT, 1987",0,0,0,0,0,0,0,0,0,0,0,0,0
RAJASTHAN,"TERRORIST AND DISRUPTIVE ACTIVITIES ACT, 1987",0,0,0,0,0,0,0,0,0,0,0,0,0
SIKKIM,"TERRORIST AND DISRUPTIVE ACTIVITIES ACT, 1987",0,0,0,0,0,0,0,0,0,0,0,0,0
TAMIL NADU,"TERRORIST AND DISRUPTIVE ACTIVITIES ACT, 1987",0,0,0,0,0,0,0,0,0,0,0,0,0
TRIPURA,"TERRORIST AND DISRUPTIVE ACTIVITIES ACT, 1987",0,0,0,0,0,0,0,0,0,0,0,0,0
UTTAR PRADESH,"TERRORIST AND DISRUPTIVE ACTIVITIES ACT, 1987",0,0,0,0,0,0,0,0,0,0,0,0,0
UTTARAKHAND,"TERRORIST AND DISRUPTIVE ACTIVITIES ACT, 1987",0,0,0,0,0,0,0,0,0,0,0,0,0
WEST BENGAL,"TERRORIST AND DISRUPTIVE ACTIVITIES ACT, 1987",0,0,0,0,0,0,0,0,0,0,0,0,0
TOTAL (STATES),"TERRORIST AND DISRUPTIVE ACTIVITIES ACT, 1987",0,0,0,0,0,0,0,0,0,0,0,0,0
A & N ISLANDS,"TERRORIST AND DISRUPTIVE ACTIVITIES ACT, 1987",0,0,0,0,0,0,0,0,0,0,0,0,0
CHANDIGARH,"TERRORIST AND DISRUPTIVE ACTIVITIES ACT, 1987",0,0,0,0,0,0,0,0,0,0,0,0,0
D & N HAVELI,"TERRORIST AND DISRUPTIVE ACTIVITIES ACT, 1987",0,0,0,0,0,0,0,0,0,0,0,0,0
DAMAN & DIU,"TERRORIST AND DISRUPTIVE ACTIVITIES ACT, 1987",0,0,0,0,0,0,0,0,0,0,0,0,0
DELHI,"TERRORIST AND DISRUPTIVE ACTIVITIES ACT, 1987",0,0,0,0,0,0,0,0,0,0,0,0,0
LAKSHADWEEP,"TERRORIST AND DISRUPTIVE ACTIVITIES ACT, 1987",0,0,0,0,0,0,0,0,0,0,0,0,0
PUDUCHERRY,"TERRORIST AND DISRUPTIVE ACTIVITIES ACT, 1987",0,0,0,0,0,0,0,0,0,0,0,0,0
TOTAL (UTs),"TERRORIST AND DISRUPTIVE ACTIVITIES ACT, 1987",0,0,0,0,0,0,0,0,0,0,0,0,0
TOTAL (ALL-INDIA),"TERRORIST AND DISRUPTIVE ACTIVITIES ACT, 1987",0,0,0,0,0,0,0,0,0,0,0,0,0
ANDHRA PRADESH,"ANTIQUITIES AND ART TREASURES ACT, 1972",0,0,10,0,36,0,6,0,1,0,53,0,53
ARUNACHAL PRADESH,"ANTIQUITIES AND ART TREASURES ACT, 1972",0,0,0,0,0,0,0,0,0,0,0,0,0
ASSAM,"ANTIQUITIES AND ART TREASURES ACT, 1972",0,0,0,0,0,0,0,0,0,0,0,0,0
BIHAR,"ANTIQUITIES AND ART TREASURES ACT, 1972",0,0,0,0,0,0,2,0,0,0,2,0,2
CHHATTISGARH,"ANTIQUITIES AND ART TREASURES ACT, 1972",0,0,0,0,0,0,0,0,0,0,0,0,0
GOA,"ANTIQUITIES AND ART TREASURES ACT, 1972",0,0,0,0,0,0,0,0,0,0,0,0,0
GUJARAT,"ANTIQUITIES AND ART TREASURES ACT, 1972",0,0,0,0,0,0,0,0,0,0,0,0,0
HARYANA,"ANTIQUITIES AND ART TREASURES ACT, 1972",0,0,0,0,0,0,0,0,0,0,0,0,0
HIMACHAL PRADESH,"ANTIQUITIES AND ART TREASURES ACT, 1972",0,0,0,0,0,0,0,0,0,0,0,0,0
JAMMU & KASHMIR,"ANTIQUITIES AND ART TREASURES ACT, 1972",0,0,0,0,0,0,0,0,0,0,0,0,0
JHARKHAND,"ANTIQUITIES AND ART TREASURES ACT, 1972",0,0,0,0,0,0,0,0,0,0,0,0,0
KARNATAKA,"ANTIQUITIES AND ART TREASURES ACT, 1972",0,0,5,0,3,0,2,0,0,0,10,0,10
KERALA,"ANTIQUITIES AND ART TREASURES ACT, 1972",0,0,0,0,0,0,0,0,0,0,0,0,0
MADHYA PRADESH,"ANTIQUITIES AND ART TREASURES ACT, 1972",0,0,0,0,0,0,0,0,0,0,0,0,0
MAHARASHTRA,"ANTIQUITIES AND ART TREASURES ACT, 1972",1,0,3,0,1,0,2,0,0,0,7,0,7
MANIPUR,"ANTIQUITIES AND ART TREASURES ACT, 1972",0,0,0,0,0,0,0,0,0,0,0,0,0
MEGHALAYA,"ANTIQUITIES AND ART TREASURES ACT, 1972",0,0,0,0,0,0,0,0,0,0,0,0,0
MIZORAM,"ANTIQUITIES AND ART TREASURES ACT, 1972",0,0,0,0,0,0,0,0,0,0,0,0,0
NAGALAND,"ANTIQUITIES AND ART TREASURES ACT, 1972",0,0,0,0,0,0,0,0,0,0,0,0,0
ODISHA,"ANTIQUITIES AND ART TREASURES ACT, 1972",0,0,0,0,1,0,0,0,0,0,1,0,1
PUNJAB,"ANTIQUITIES AND ART TREASURES ACT, 1972",0,0,0,0,0,0,0,0,0,0,0,0,0
RAJASTHAN,"ANTIQUITIES AND ART TREASURES ACT, 1972",0,0,0,0,0,0,0,0,0,0,0,0,0
SIKKIM,"ANTIQUITIES AND ART TREASURES ACT, 1972",0,0,0,0,0,0,0,0,0,0,0,0,0
TAMIL NADU,"ANTIQUITIES AND ART TREASURES ACT, 1972",0,0,0,0,0,0,0,0,0,0,0,0,0
TRIPURA,"ANTIQUITIES AND ART TREASURES ACT, 1972",0,0,0,0,0,0,0,0,0,0,0,0,0
UTTAR PRADESH,"ANTIQUITIES AND ART TREASURES ACT, 1972",0,0,3,0,2,0,0,0,0,0,5,0,5
UTTARAKHAND,"ANTIQUITIES AND ART TREASURES ACT, 1972",0,0,0,0,0,0,0,0,0,0,0,0,0
WEST BENGAL,"ANTIQUITIES AND ART TREASURES ACT, 1972",0,0,0,0,0,0,0,0,0,0,0,0,0
TOTAL (STATES),"ANTIQUITIES AND ART TREASURES ACT, 1972",1,0,21,0,43,0,12,0,1,0,78,0,78
A & N ISLANDS,"ANTIQUITIES AND ART TREASURES ACT, 1972",0,0,0,0,0,0,0,0,0,0,0,0,0
CHANDIGARH,"ANTIQUITIES AND ART TREASURES ACT, 1972",0,0,0,0,0,0,0,0,0,0,0,0,0
D & N HAVELI,"ANTIQUITIES AND ART TREASURES ACT, 1972",0,0,0,0,0,0,0,0,0,0,0,0,0
DAMAN & DIU,"ANTIQUITIES AND ART TREASURES ACT, 1972",0,0,0,0,0,0,0,0,0,0,0,0,0
DELHI,"ANTIQUITIES AND ART TREASURES ACT, 1972",0,0,0,0,3,0,0,0,0,0,3,0,3
LAKSHADWEEP,"ANTIQUITIES AND ART TREASURES ACT, 1972",0,0,0,0,0,0,0,0,0,0,0,0,0
PUDUCHERRY,"ANTIQUITIES AND ART TREASURES ACT, 1972",0,0,0,0,0,0,0,0,0,0,0,0,0
TOTAL (UTs),"ANTIQUITIES AND ART TREASURES ACT, 1972",0,0,0,0,3,0,0,0,0,0,3,0,3
TOTAL (ALL-INDIA),"ANTIQUITIES AND ART TREASURES ACT, 1972",1,0,21,0,46,0,12,0,1,0,81,0,81
ANDHRA PRADESH,"DOWRY PROHIBITION ACT, 1961",0,0,953,277,820,238,350,107,16,19,2139,641,2780
ARUNACHAL PRADESH,"DOWRY PROHIBITION ACT, 1961",0,0,0,0,0,0,0,0,0,0,0,0,0
ASSAM,"DOWRY PROHIBITION ACT, 1961",0,0,31,0,30,2,0,0,0,0,61,2,63
BIHAR,"DOWRY PROHIBITION ACT, 1961",1,15,934,112,760,168,533,204,39,12,2267,511,2778
CHHATTISGARH,"DOWRY PROHIBITION ACT, 1961",0,0,13,2,11,3,7,4,0,0,31,9,40
GOA,"DOWRY PROHIBITION ACT, 1961",0,0,0,0,0,0,0,0,0,0,0,0,0
GUJARAT,"DOWRY PROHIBITION ACT, 1961",0,0,0,0,0,0,0,0,0,0,0,0,0
HARYANA,"DOWRY PROHIBITION ACT, 1961",0,0,2,0,2,0,4,0,0,0,8,0,8
HIMACHAL PRADESH,"DOWRY PROHIBITION ACT, 1961",0,0,0,0,0,0,0,0,0,0,0,0,0
JAMMU & KASHMIR,"DOWRY PROHIBITION ACT, 1961",0,0,1,0,0,0,0,0,0,0,1,0,1
JHARKHAND,"DOWRY PROHIBITION ACT, 1961",1,1,659,89,529,124,206,62,13,5,1408,281,1689
KARNATAKA,"DOWRY PROHIBITION ACT, 1961",2,1,534,174,749,327,358,266,101,66,1744,834,2578
KERALA,"DOWRY PROHIBITION ACT, 1961",0,0,0,0,5,0,1,0,0,0,6,0,6
MADHYA PRADESH,"DOWRY PROHIBITION ACT, 1961",0,0,97,24,91,29,40,20,16,4,244,77,321
MAHARASHTRA,"DOWRY PROHIBITION ACT, 1961",0,1,26,3,35,8,18,8,2,5,81,25,106
MANIPUR,"DOWRY PROHIBITION ACT, 1961",0,0,0,0,0,0,0,0,0,0,0,0,0
MEGHALAYA,"DOWRY PROHIBITION ACT, 1961",0,0,0,0,0,0,0,0,0,0,0,0,0
MIZORAM,"DOWRY PROHIBITION ACT, 1961",0,0,0,0,0,0,0,0,0,0,0,0,0
NAGALAND,"DOWRY PROHIBITION ACT, 1961",0,0,0,0,0,0,0,0,0,0,0,0,0
ODISHA,"DOWRY PROHIBITION ACT, 1961",0,0,490,106,640,216,374,149,54,20,1558,491,2049
PUNJAB,"DOWRY PROHIBITION ACT, 1961",0,0,0,0,0,0,0,0,0,0,0,0,0
RAJASTHAN,"DOWRY PROHIBITION ACT, 1961",0,0,10,4,23,8,5,0,0,0,38,12,50
SIKKIM,"DOWRY PROHIBITION ACT, 1961",0,0,0,0,0,0,0,0,0,0,0,0,0
TAMIL NADU,"DOWRY PROHIBITION ACT, 1961",0,0,165,51,122,56,102,47,24,2,413,156,569
TRIPURA,"DOWRY PROHIBITION ACT, 1961",0,0,0,0,0,0,0,0,0,0,0,0,0
UTTAR PRADESH,"DOWRY PROHIBITION ACT, 1961",0,0,662,87,662,106,566,72,88,1,1978,266,2244
UTTARAKHAND,"DOWRY PROHIBITION ACT, 1961",0,0,0,0,0,0,0,0,0,0,0,0,0
WEST BENGAL,"DOWRY PROHIBITION ACT, 1961",0,0,142,13,188,32,53,38,0,0,383,83,466
TOTAL (STATES),"DOWRY PROHIBITION ACT, 1961",4,18,4719,942,4667,1317,2617,977,353,134,12360,3388,15748
A & N ISLANDS,"DOWRY PROHIBITION ACT, 1961",0,0,0,0,0,0,0,0,0,0,0,0,0
CHANDIGARH,"DOWRY PROHIBITION ACT, 1961",0,0,0,0,0,0,0,0,0,0,0,0,0
D & N HAVELI,"DOWRY PROHIBITION ACT, 1961",0,0,0,0,0,0,0,0,0,0,0,0,0
DAMAN & DIU,"DOWRY PROHIBITION ACT, 1961",0,0,0,0,0,0,0,0,0,0,0,0,0
DELHI,"DOWRY PROHIBITION ACT, 1961",0,0,6,0,5,0,0,0,0,0,11,0,11
LAKSHADWEEP,"DOWRY PROHIBITION ACT, 1961",0,0,0,0,0,0,0,0,0,0,0,0,0
PUDUCHERRY,"DOWRY PROHIBITION ACT, 1961",0,0,5,2,5,2,2,8,3,0,15,12,27
TOTAL (UTs),"DOWRY PROHIBITION ACT, 1961",0,0,11,2,10,2,2,8,3,0,26,12,38
TOTAL (ALL-INDIA),"DOWRY PROHIBITION ACT, 1961",4,18,4730,944,4677,1319,2619,985,356,134,12386,3400,15786
ANDHRA PRADESH,"PROHIBITION OF CHILD MARRIAGE ACT, 2006",0,0,14,4,20,13,8,0,2,0,44,17,61
ARUNACHAL PRADESH,"PROHIBITION OF CHILD MARRIAGE ACT, 2006",0,0,0,0,0,0,0,0,0,0,0,0,0
ASSAM,"PROHIBITION OF CHILD MARRIAGE ACT, 2006",0,0,0,0,0,0,0,0,0,0,0,0,0
BIHAR,"PROHIBITION OF CHILD MARRIAGE ACT, 2006",0,0,12,0,4,0,1,0,0,0,17,0,17
CHHATTISGARH,"PROHIBITION OF CHILD MARRIAGE ACT, 2006",0,0,1,0,1,0,0,0,0,0,2,0,2
GOA,"PROHIBITION OF CHILD MARRIAGE ACT, 2006",0,0,0,0,0,0,0,0,0,0,0,0,0
GUJARAT,"PROHIBITION OF CHILD MARRIAGE ACT, 2006",2,0,7,1,27,7,16,7,3,2,55,17,72
HARYANA,"PROHIBITION OF CHILD MARRIAGE ACT, 2006",0,0,1,0,0,1,6,1,0,0,7,2,9
HIMACHAL PRADESH,"PROHIBITION OF CHILD MARRIAGE ACT, 2006",0,0,0,0,0,0,0,0,0,0,0,0,0
JAMMU & KASHMIR,"PROHIBITION OF CHILD MARRIAGE ACT, 2006",0,0,0,0,0,0,0,0,0,0,0,0,0
JHARKHAND,"PROHIBITION OF CHILD MARRIAGE ACT, 2006",0,0,0,0,0,0,0,0,0,0,0,0,0
KARNATAKA,"PROHIBITION OF CHILD MARRIAGE ACT, 2006",0,0,9,2,11,2,22,10,1,0,43,14,57
KERALA,"PROHIBITION OF CHILD MARRIAGE ACT, 2006",0,0,0,0,1,1,4,0,0,0,5,1,6
MADHYA PRADESH,"PROHIBITION OF CHILD MARRIAGE ACT, 2006",0,0,1,0,5,2,6,1,0,0,12,3,15
MAHARASHTRA,"PROHIBITION OF CHILD MARRIAGE ACT, 2006",0,0,4,0,6,0,2,0,0,1,12,1,13
MANIPUR,"PROHIBITION OF CHILD MARRIAGE ACT, 2006",0,0,0,0,0,0,0,0,0,0,0,0,0
MEGHALAYA,"PROHIBITION OF CHILD MARRIAGE ACT, 2006",0,0,0,0,0,0,0,0,0,0,0,0,0
MIZORAM,"PROHIBITION OF CHILD MARRIAGE ACT, 2006",0,0,0,0,0,0,0,0,0,0,0,0,0
NAGALAND,"PROHIBITION OF CHILD MARRIAGE ACT, 2006",0,0,0,0,0,0,0,0,0,0,0,0,0
ODISHA,"PROHIBITION OF CHILD MARRIAGE ACT, 2006",0,0,0,0,2,0,0,0,0,0,2,0,2
PUNJAB,"PROHIBITION OF CHILD MARRIAGE ACT, 2006",0,0,0,0,0,0,0,0,0,0,0,0,0
RAJASTHAN,"PROHIBITION OF CHILD MARRIAGE ACT, 2006",0,0,0,0,18,2,11,0,0,0,29,2,31
SIKKIM,"PROHIBITION OF CHILD MARRIAGE ACT, 2006",0,0,0,0,0,0,0,0,0,0,0,0,0
TAMIL NADU,"PROHIBITION OF CHILD MARRIAGE ACT, 2006",0,0,0,0,0,0,0,0,0,0,0,0,0
TRIPURA,"PROHIBITION OF CHILD MARRIAGE ACT, 2006",0,0,0,0,0,0,0,0,0,0,0,0,0
UTTAR PRADESH,"PROHIBITION OF CHILD MARRIAGE ACT, 2006",0,0,2,0,12,0,3,0,0,0,17,0,17
UTTARAKHAND,"PROHIBITION OF CHILD MARRIAGE ACT, 2006",0,0,0,0,0,0,0,0,0,0,0,0,0
WEST BENGAL,"PROHIBITION OF CHILD MARRIAGE ACT, 2006",7,0,14,1,38,3,19,3,2,1,80,8,88
TOTAL (STATES),"PROHIBITION OF CHILD MARRIAGE ACT, 2006",9,0,65,8,145,31,98,22,8,4,325,65,390
A & N ISLANDS,"PROHIBITION OF CHILD MARRIAGE ACT, 2006",0,0,0,0,0,0,0,0,0,0,0,0,0
CHANDIGARH,"PROHIBITION OF CHILD MARRIAGE ACT, 2006",0,0,0,0,0,0,0,0,0,0,0,0,0
D & N HAVELI,"PROHIBITION OF CHILD MARRIAGE ACT, 2006",0,0,0,0,0,0,0,0,0,0,0,0,0
DAMAN & DIU,"PROHIBITION OF CHILD MARRIAGE ACT, 2006",0,0,0,0,0,0,0,0,0,0,0,0,0
DELHI,"PROHIBITION OF CHILD MARRIAGE ACT, 2006",0,0,2,0,0,1,0,0,0,0,2,1,3
LAKSHADWEEP,"PROHIBITION OF CHILD MARRIAGE ACT, 2006",0,0,0,0,0,0,0,0,0,0,0,0,0
PUDUCHERRY,"PROHIBITION OF CHILD MARRIAGE ACT, 2006",0,0,1,0,0,1,2,0,0,0,3,1,4
TOTAL (UTs),"PROHIBITION OF CHILD MARRIAGE ACT, 2006",0,0,3,0,0,2,2,0,0,0,5,2,7
TOTAL (ALL-INDIA),"PROHIBITION OF CHILD MARRIAGE ACT, 2006",9,0,68,8,145,33,100,22,8,4,330,67,397
ANDHRA PRADESH,"INDECENT REPRESENTATION OF WOMEN (PROHIBITION) ACT, 1986",1,0,4,5,10,3,3,0,0,0,18,8,26
ARUNACHAL PRADESH,"INDECENT REPRESENTATION OF WOMEN (PROHIBITION) ACT, 1986",0,0,0,0,0,0,0,0,0,0,0,0,0
ASSAM,"INDECENT REPRESENTATION OF WOMEN (PROHIBITION) ACT, 1986",0,0,0,0,3,0,0,0,0,0,3,0,3
BIHAR,"INDECENT REPRESENTATION OF WOMEN (PROHIBITION) ACT, 1986",0,0,5,0,2,0,0,0,0,0,7,0,7
CHHATTISGARH,"INDECENT REPRESENTATION OF WOMEN (PROHIBITION) ACT, 1986",0,0,1,0,0,0,0,0,0,0,1,0,1
GOA,"INDECENT REPRESENTATION OF WOMEN (PROHIBITION) ACT, 1986",0,0,0,0,0,0,0,0,0,0,0,0,0
GUJARAT,"INDECENT REPRESENTATION OF WOMEN (PROHIBITION) ACT, 1986",0,0,0,0,0,0,0,0,0,0,0,0,0
HARYANA,"INDECENT REPRESENTATION OF WOMEN (PROHIBITION) ACT, 1986",0,0,0,1,4,5,0,0,0,0,4,6,10
HIMACHAL PRADESH,"INDECENT REPRESENTATION OF WOMEN (PROHIBITION) ACT, 1986",0,0,0,0,0,0,0,0,0,0,0,0,0
JAMMU & KASHMIR,"INDECENT REPRESENTATION OF WOMEN (PROHIBITION) ACT, 1986",0,0,0,0,0,0,0,0,0,0,0,0,0
JHARKHAND,"INDECENT REPRESENTATION OF WOMEN (PROHIBITION) ACT, 1986",0,0,0,0,0,0,0,0,0,0,0,0,0
KARNATAKA,"INDECENT REPRESENTATION OF WOMEN (PROHIBITION) ACT, 1986",0,0,0,0,0,0,0,0,0,0,0,0,0
KERALA,"INDECENT REPRESENTATION OF WOMEN (PROHIBITION) ACT, 1986",0,0,3,0,6,0,0,0,0,0,9,0,9
MADHYA PRADESH,"INDECENT REPRESENTATION OF WOMEN (PROHIBITION) ACT, 1986",0,0,0,0,0,0,0,0,0,0,0,0,0
MAHARASHTRA,"INDECENT REPRESENTATION OF WOMEN (PROHIBITION) ACT, 1986",0,0,0,0,1,0,1,0,0,0,2,0,2
MANIPUR,"INDECENT REPRESENTATION OF WOMEN (PROHIBITION) ACT, 1986",0,0,0,0,0,0,0,0,0,0,0,0,0
MEGHALAYA,"INDECENT REPRESENTATION OF WOMEN (PROHIBITION) ACT, 1986",0,0,0,0,0,0,0,0,0,0,0,0,0
MIZORAM,"INDECENT REPRESENTATION OF WOMEN (PROHIBITION) ACT, 1986",0,0,0,0,0,0,0,0,0,0,0,0,0
NAGALAND,"INDECENT REPRESENTATION OF WOMEN (PROHIBITION) ACT, 1986",0,0,0,0,0,0,0,0,0,0,0,0,0
ODISHA,"INDECENT REPRESENTATION OF WOMEN (PROHIBITION) ACT, 1986",0,0,0,0,1,0,0,0,0,0,1,0,1
PUNJAB,"INDECENT REPRESENTATION OF WOMEN (PROHIBITION) ACT, 1986",0,0,0,0,0,0,0,0,0,0,0,0,0
RAJASTHAN,"INDECENT REPRESENTATION OF WOMEN (PROHIBITION) ACT, 1986",3,0,48,2,13,0,0,0,0,0,64,2,66
SIKKIM,"INDECENT REPRESENTATION OF WOMEN (PROHIBITION) ACT, 1986",0,0,0,0,0,0,0,0,0,0,0,0,0
TAMIL NADU,"INDECENT REPRESENTATION OF WOMEN (PROHIBITION) ACT, 1986",0,0,2,0,16,0,20,0,2,0,40,0,40
TRIPURA,"INDECENT REPRESENTATION OF WOMEN (PROHIBITION) ACT, 1986",0,0,0,0,0,0,0,0,0,0,0,0,0
UTTAR PRADESH,"INDECENT REPRESENTATION OF WOMEN (PROHIBITION) ACT, 1986",0,0,0,0,0,0,0,0,0,0,0,0,0
UTTARAKHAND,"INDECENT REPRESENTATION OF WOMEN (PROHIBITION) ACT, 1986",0,0,0,0,0,0,0,0,0,0,0,0,0
WEST BENGAL,"INDECENT REPRESENTATION OF WOMEN (PROHIBITION) ACT, 1986",0,0,2,0,8,0,0,0,0,0,10,0,10
TOTAL (STATES),"INDECENT REPRESENTATION OF WOMEN (PROHIBITION) ACT, 1986",4,0,65,8,64,8,24,0,2,0,159,16,175
A & N ISLANDS,"INDECENT REPRESENTATION OF WOMEN (PROHIBITION) ACT, 1986",0,0,0,0,0,0,0,0,0,0,0,0,0
CHANDIGARH,"INDECENT REPRESENTATION OF WOMEN (PROHIBITION) ACT, 1986",0,0,0,0,0,0,0,0,0,0,0,0,0
D & N HAVELI,"INDECENT REPRESENTATION OF WOMEN (PROHIBITION) ACT, 1986",0,0,0,0,0,0,0,0,0,0,0,0,0
DAMAN & DIU,"INDECENT REPRESENTATION OF WOMEN (PROHIBITION) ACT, 1986",0,0,0,0,0,0,0,0,0,0,0,0,0
DELHI,"INDECENT REPRESENTATION OF WOMEN (PROHIBITION) ACT, 1986",0,0,0,0,0,0,0,0,0,0,0,0,0
LAKSHADWEEP,"INDECENT REPRESENTATION OF WOMEN (PROHIBITION) ACT, 1986",0,0,0,0,0,0,0,0,0,0,0,0,0
PUDUCHERRY,"INDECENT REPRESENTATION OF WOMEN (PROHIBITION) ACT, 1986",0,0,0,0,0,0,0,0,0,0,0,0,0
TOTAL (UTs),"INDECENT REPRESENTATION OF WOMEN (PROHIBITION) ACT, 1986",0,0,0,0,0,0,0,0,0,0,0,0,0
TOTAL (ALL-INDIA),"INDECENT REPRESENTATION OF WOMEN (PROHIBITION) ACT, 1986",4,0,65,8,64,8,24,0,2,0,159,16,175
ANDHRA PRADESH,"COPYRIGHT ACT, 1957",0,0,401,0,330,0,59,0,2,0,792,0,792
ARUNACHAL PRADESH,"COPYRIGHT ACT, 1957",0,0,0,0,0,0,0,0,0,0,0,0,0
ASSAM,"COPYRIGHT ACT, 1957",0,0,0,0,4,0,0,0,0,0,4,0,4
BIHAR,"COPYRIGHT ACT, 1957",0,0,10,0,16,0,7,0,0,0,33,0,33
CHHATTISGARH,"COPYRIGHT ACT, 1957",0,0,2,0,13,0,1,1,0,0,16,1,17
GOA,"COPYRIGHT ACT, 1957",0,0,2,0,8,0,1,0,0,0,11,0,11
GUJARAT,"COPYRIGHT ACT, 1957",6,5,177,6,200,2,28,0,1,0,412,13,425
HARYANA,"COPYRIGHT ACT, 1957",0,0,68,0,71,0,16,0,0,0,155,0,155
HIMACHAL PRADESH,"COPYRIGHT ACT, 1957",0,0,3,0,6,0,0,0,0,0,9,0,9
JAMMU & KASHMIR,"COPYRIGHT ACT, 1957",0,0,2,0,3,0,3,0,0,0,8,0,8
JHARKHAND,"COPYRIGHT ACT, 1957",0,0,24,0,15,0,4,0,0,0,43,0,43
KARNATAKA,"COPYRIGHT ACT, 1957",0,0,210,0,169,11,37,0,4,0,420,11,431
KERALA,"COPYRIGHT ACT, 1957",0,0,104,0,134,0,22,0,4,0,264,0,264
MADHYA PRADESH,"COPYRIGHT ACT, 1957",0,0,44,0,44,0,7,0,1,0,96,0,96
MAHARASHTRA,"COPYRIGHT ACT, 1957",2,0,295,1,217,2,38,1,1,0,553,4,557
MANIPUR,"COPYRIGHT ACT, 1957",0,0,2,0,2,1,0,0,0,0,4,1,5
MEGHALAYA,"COPYRIGHT ACT, 1957",0,0,0,0,0,0,0,0,0,0,0,0,0
MIZORAM,"COPYRIGHT ACT, 1957",0,0,0,0,0,0,0,0,0,0,0,0,0
NAGALAND,"COPYRIGHT ACT, 1957",0,0,0,0,0,0,0,0,0,0,0,0,0
ODISHA,"COPYRIGHT ACT, 1957",0,0,0,0,0,0,0,0,0,0,0,0,0
PUNJAB,"COPYRIGHT ACT, 1957",0,0,190,8,173,16,50,4,0,0,413,28,441
RAJASTHAN,"COPYRIGHT ACT, 1957",0,0,218,0,149,0,28,0,1,0,396,0,396
SIKKIM,"COPYRIGHT ACT, 1957",0,0,0,0,0,0,0,0,0,0,0,0,0
TAMIL NADU,"COPYRIGHT ACT, 1957",3,0,1364,1,1303,3,209,0,10,0,2889,4,2893
TRIPURA,"COPYRIGHT ACT, 1957",0,0,0,0,0,0,0,0,0,0,0,0,0
UTTAR PRADESH,"COPYRIGHT ACT, 1957",0,0,229,0,192,0,51,0,0,0,472,0,472
UTTARAKHAND,"COPYRIGHT ACT, 1957",0,0,2,0,10,0,6,0,0,0,18,0,18
WEST BENGAL,"COPYRIGHT ACT, 1957",0,0,160,0,226,0,48,0,9,0,443,0,443
TOTAL (STATES),"COPYRIGHT ACT, 1957",11,5,3507,16,3285,35,615,6,33,0,7451,62,7513
A & N ISLANDS,"COPYRIGHT ACT, 1957",0,0,0,0,0,0,0,0,0,0,0,0,0
CHANDIGARH,"COPYRIGHT ACT, 1957",0,0,3,0,5,0,1,0,0,0,9,0,9
D & N HAVELI,"COPYRIGHT ACT, 1957",0,0,0,0,0,0,0,0,0,0,0,0,0
DAMAN & DIU,"COPYRIGHT ACT, 1957",0,0,0,0,0,0,0,0,0,0,0,0,0
DELHI,"COPYRIGHT ACT, 1957",0,0,42,0,88,1,19,0,5,0,154,1,155
LAKSHADWEEP,"COPYRIGHT ACT, 1957",0,0,0,0,0,0,0,0,0,0,0,0,0
PUDUCHERRY,"COPYRIGHT ACT, 1957",0,0,3,0,6,0,2,0,0,0,11,0,11
TOTAL (UTs),"COPYRIGHT ACT, 1957",0,0,48,0,99,1,22,0,5,0,174,1,175
TOTAL (ALL-INDIA),"COPYRIGHT ACT, 1957",11,5,3555,16,3384,36,637,6,38,0,7625,63,7688
ANDHRA PRADESH,"COMMISSION SATI PREVENTION ACT, 1987",0,0,0,0,0,0,0,0,0,0,0,0,0
ARUNACHAL PRADESH,"COMMISSION SATI PREVENTION ACT, 1987",0,0,0,0,0,0,0,0,0,0,0,0,0
ASSAM,"COMMISSION SATI PREVENTION ACT, 1987",0,0,0,0,0,0,0,0,0,0,0,0,0
BIHAR,"COMMISSION SATI PREVENTION ACT, 1987",0,0,0,0,0,0,0,0,0,0,0,0,0
CHHATTISGARH,"COMMISSION SATI PREVENTION ACT, 1987",0,0,0,0,0,0,0,0,0,0,0,0,0
GOA,"COMMISSION SATI PREVENTION ACT, 1987",0,0,0,0,0,0,0,0,0,0,0,0,0
GUJARAT,"COMMISSION SATI PREVENTION ACT, 1987",0,0,0,0,0,0,0,0,0,0,0,0,0
HARYANA,"COMMISSION SATI PREVENTION ACT, 1987",0,0,0,0,0,0,0,0,0,0,0,0,0
HIMACHAL PRADESH,"COMMISSION SATI PREVENTION ACT, 1987",0,0,0,0,0,0,0,0,0,0,0,0,0
JAMMU & KASHMIR,"COMMISSION SATI PREVENTION ACT, 1987",0,0,0,0,0,0,0,0,0,0,0,0,0
JHARKHAND,"COMMISSION SATI PREVENTION ACT, 1987",0,0,0,0,0,0,0,0,0,0,0,0,0
KARNATAKA,"COMMISSION SATI PREVENTION ACT, 1987",0,0,0,0,0,0,0,0,0,0,0,0,0
KERALA,"COMMISSION SATI PREVENTION ACT, 1987",0,0,0,0,0,0,0,0,0,0,0,0,0
MADHYA PRADESH,"COMMISSION SATI PREVENTION ACT, 1987",0,0,0,0,0,0,0,0,0,0,0,0,0
MAHARASHTRA,"COMMISSION SATI PREVENTION ACT, 1987",0,0,0,0,0,0,0,0,0,0,0,0,0
MANIPUR,"COMMISSION SATI PREVENTION ACT, 1987",0,0,0,0,0,0,0,0,0,0,0,0,0
MEGHALAYA,"COMMISSION SATI PREVENTION ACT, 1987",0,0,0,0,0,0,0,0,0,0,0,0,0
MIZORAM,"COMMISSION SATI PREVENTION ACT, 1987",0,0,0,0,0,0,0,0,0,0,0,0,0
NAGALAND,"COMMISSION SATI PREVENTION ACT, 1987",0,0,0,0,0,0,0,0,0,0,0,0,0
ODISHA,"COMMISSION SATI PREVENTION ACT, 1987",0,0,0,0,0,0,0,0,0,0,0,0,0
PUNJAB,"COMMISSION SATI PREVENTION ACT, 1987",0,0,0,0,0,0,0,0,0,0,0,0,0
RAJASTHAN,"COMMISSION SATI PREVENTION ACT, 1987",0,0,0,0,0,0,0,0,0,0,0,0,0
SIKKIM,"COMMISSION SATI PREVENTION ACT, 1987",0,0,0,0,0,0,0,0,0,0,0,0,0
TAMIL NADU,"COMMISSION SATI PREVENTION ACT, 1987",0,0,0,0,0,0,0,0,0,0,0,0,0
TRIPURA,"COMMISSION SATI PREVENTION ACT, 1987",0,0,0,0,0,0,0,0,0,0,0,0,0
UTTAR PRADESH,"COMMISSION SATI PREVENTION ACT, 1987",0,0,0,0,0,0,0,0,0,0,0,0,0
UTTARAKHAND,"COMMISSION SATI PREVENTION ACT, 1987",0,0,0,0,0,0,0,0,0,0,0,0,0
WEST BENGAL,"COMMISSION SATI PREVENTION ACT, 1987",0,0,0,0,0,0,0,0,0,0,0,0,0
TOTAL (STATES),"COMMISSION SATI PREVENTION ACT, 1987",0,0,0,0,0,0,0,0,0,0,0,0,0
A & N ISLANDS,"COMMISSION SATI PREVENTION ACT, 1987",0,0,0,0,0,0,0,0,0,0,0,0,0
CHANDIGARH,"COMMISSION SATI PREVENTION ACT, 1987",0,0,0,0,0,0,0,0,0,0,0,0,0
D & N HAVELI,"COMMISSION SATI PREVENTION ACT, 1987",0,0,0,0,0,0,0,0,0,0,0,0,0
DAMAN & DIU,"COMMISSION SATI PREVENTION ACT, 1987",0,0,0,0,0,0,0,0,0,0,0,0,0
DELHI,"COMMISSION SATI PREVENTION ACT, 1987",0,0,0,0,0,0,0,0,0,0,0,0,0
LAKSHADWEEP,"COMMISSION SATI PREVENTION ACT, 1987",0,0,0,0,0,0,0,0,0,0,0,0,0
PUDUCHERRY,"COMMISSION SATI PREVENTION ACT, 1987",0,0,0,0,0,0,0,0,0,0,0,0,0
TOTAL (UTs),"COMMISSION SATI PREVENTION ACT, 1987",0,0,0,0,0,0,0,0,0,0,0,0,0
TOTAL (ALL-INDIA),"COMMISSION SATI PREVENTION ACT, 1987",0,0,0,0,0,0,0,0,0,0,0,0,0
ANDHRA PRADESH,"SC/ST (PREVENTION OF ATROCITIES) ACT, 1989",2,1,618,44,696,79,356,39,86,0,1758,163,1921
ARUNACHAL PRADESH,"SC/ST (PREVENTION OF ATROCITIES) ACT, 1989",0,0,0,0,0,0,0,0,0,0,0,0,0
ASSAM,"SC/ST (PREVENTION OF ATROCITIES) ACT, 1989",0,0,0,0,2,0,0,0,0,0,2,0,2
BIHAR,"SC/ST (PREVENTION OF ATROCITIES) ACT, 1989",25,11,3189,153,2910,106,1385,42,189,11,7698,323,8021
CHHATTISGARH,"SC/ST (PREVENTION OF ATROCITIES) ACT, 1989",0,0,0,0,0,0,0,0,0,0,0,0,0
GOA,"SC/ST (PREVENTION OF ATROCITIES) ACT, 1989",0,0,0,0,1,1,0,0,0,0,1,1,2
GUJARAT,"SC/ST (PREVENTION OF ATROCITIES) ACT, 1989",4,0,184,7,228,21,94,6,8,0,518,34,552
HARYANA,"SC/ST (PREVENTION OF ATROCITIES) ACT, 1989",1,0,14,0,9,0,4,1,0,0,28,1,29
HIMACHAL PRADESH,"SC/ST (PREVENTION OF ATROCITIES) ACT, 1989",1,0,31,6,22,11,26,4,8,2,88,23,111
JAMMU & KASHMIR,"SC/ST (PREVENTION OF ATROCITIES) ACT, 1989",0,0,0,0,0,0,0,0,0,0,0,0,0
JHARKHAND,"SC/ST (PREVENTION OF ATROCITIES) ACT, 1989",0,0,292,7,220,23,77,17,9,0,598,47,645
KARNATAKA,"SC/ST (PREVENTION OF ATROCITIES) ACT, 1989",5,0,1056,42,1157,110,793,82,156,11,3167,245,3412
KERALA,"SC/ST (PREVENTION OF ATROCITIES) ACT, 1989",0,0,10,0,23,0,2,0,0,0,35,0,35
MADHYA PRADESH,"SC/ST (PREVENTION OF ATROCITIES) ACT, 1989",0,0,0,0,2,0,0,0,0,0,2,0,2
MAHARASHTRA,"SC/ST (PREVENTION OF ATROCITIES) ACT, 1989",2,0,236,17,270,28,105,10,9,1,622,56,678
MANIPUR,"SC/ST (PREVENTION OF ATROCITIES) ACT, 1989",0,0,0,0,0,0,0,0,0,0,0,0,0
MEGHALAYA,"SC/ST (PREVENTION OF ATROCITIES) ACT, 1989",0,0,0,0,0,0,0,0,0,0,0,0,0
MIZORAM,"SC/ST (PREVENTION OF ATROCITIES) ACT, 1989",0,0,0,0,0,0,0,0,0,0,0,0,0
NAGALAND,"SC/ST (PREVENTION OF ATROCITIES) ACT, 1989",0,0,0,0,0,0,0,0,0,0,0,0,0
ODISHA,"SC/ST (PREVENTION OF ATROCITIES) ACT, 1989",2,0,853,49,1117,52,397,6,39,0,2408,107,2515
PUNJAB,"SC/ST (PREVENTION OF ATROCITIES) ACT, 1989",0,0,6,0,11,0,3,0,0,0,20,0,20
RAJASTHAN,"SC/ST (PREVENTION OF ATROCITIES) ACT, 1989",0,0,17,0,21,1,7,0,0,0,45,1,46
SIKKIM,"SC/ST (PREVENTION OF ATROCITIES) ACT, 1989",0,0,1,0,0,0,0,0,0,0,1,0,1
TAMIL NADU,"SC/ST (PREVENTION OF ATROCITIES) ACT, 1989",50,0,755,49,745,72,341,41,31,8,1922,170,2092
TRIPURA,"SC/ST (PREVENTION OF ATROCITIES) ACT, 1989",0,0,0,0,0,0,0,0,0,0,0,0,0
UTTAR PRADESH,"SC/ST (PREVENTION OF ATROCITIES) ACT, 1989",4,0,3201,12,1511,4,866,2,0,0,5582,18,5600
UTTARAKHAND,"SC/ST (PREVENTION OF ATROCITIES) ACT, 1989",0,0,2,0,9,0,0,0,0,0,11,0,11
WEST BENGAL,"SC/ST (PREVENTION OF ATROCITIES) ACT, 1989",0,0,72,2,62,2,22,0,0,0,156,4,160
TOTAL (STATES),"SC/ST (PREVENTION OF ATROCITIES) ACT, 1989",96,12,10537,388,9016,510,4478,250,535,33,24662,1193,25855
A & N ISLANDS,"SC/ST (PREVENTION OF ATROCITIES) ACT, 1989",0,0,0,0,0,0,0,0,0,0,0,0,0
CHANDIGARH,"SC/ST (PREVENTION OF ATROCITIES) ACT, 1989",0,0,0,0,1,0,0,0,0,0,1,0,1
D & N HAVELI,"SC/ST (PREVENTION OF ATROCITIES) ACT, 1989",0,0,1,0,0,0,0,0,0,0,1,0,1
DAMAN & DIU,"SC/ST (PREVENTION OF ATROCITIES) ACT, 1989",0,0,0,0,0,0,0,0,0,0,0,0,0
DELHI,"SC/ST (PREVENTION OF ATROCITIES) ACT, 1989",1,0,13,4,8,2,0,0,0,0,22,6,28
LAKSHADWEEP,"SC/ST (PREVENTION OF ATROCITIES) ACT, 1989",0,0,0,0,0,0,0,0,0,0,0,0,0
PUDUCHERRY,"SC/ST (PREVENTION OF ATROCITIES) ACT, 1989",0,0,4,0,5,0,1,0,0,0,10,0,10
TOTAL (UTs),"SC/ST (PREVENTION OF ATROCITIES) ACT, 1989",1,0,18,4,14,2,1,0,0,0,34,6,40
TOTAL (ALL-INDIA),"SC/ST (PREVENTION OF ATROCITIES) ACT, 1989",97,12,10555,392,9030,512,4479,250,535,33,24696,1199,25895
ANDHRA PRADESH,"SC/ST (PREVENTION OF ATROCITIES) ACT, 1989 FOR CRIMES COMMITTED AGAINST SCHEDULED CASTES",1,1,511,41,594,73,307,37,74,0,1487,152,1639
ARUNACHAL PRADESH,"SC/ST (PREVENTION OF ATROCITIES) ACT, 1989 FOR CRIMES COMMITTED AGAINST SCHEDULED CASTES",0,0,0,0,0,0,0,0,0,0,0,0,0
ASSAM,"SC/ST (PREVENTION OF ATROCITIES) ACT, 1989 FOR CRIMES COMMITTED AGAINST SCHEDULED CASTES",0,0,0,0,2,0,0,0,0,0,2,0,2
BIHAR,"SC/ST (PREVENTION OF ATROCITIES) ACT, 1989 FOR CRIMES COMMITTED AGAINST SCHEDULED CASTES",20,9,3120,144,2805,99,1346,40,181,11,7472,303,7775
CHHATTISGARH,"SC/ST (PREVENTION OF ATROCITIES) ACT, 1989 FOR CRIMES COMMITTED AGAINST SCHEDULED CASTES",0,0,0,0,0,0,0,0,0,0,0,0,0
GOA,"SC/ST (PREVENTION OF ATROCITIES) ACT, 1989 FOR CRIMES COMMITTED AGAINST SCHEDULED CASTES",0,0,0,0,1,1,0,0,0,0,1,1,2
GUJARAT,"SC/ST (PREVENTION OF ATROCITIES) ACT, 1989 FOR CRIMES COMMITTED AGAINST SCHEDULED CASTES",4,0,154,6,183,17,70,2,5,0,416,25,441
HARYANA,"SC/ST (PREVENTION OF ATROCITIES) ACT, 1989 FOR CRIMES COMMITTED AGAINST SCHEDULED CASTES",1,0,14,0,9,0,4,1,0,0,28,1,29
HIMACHAL PRADESH,"SC/ST (PREVENTION OF ATROCITIES) ACT, 1989 FOR CRIMES COMMITTED AGAINST SCHEDULED CASTES",1,0,27,6,21,11,26,4,8,2,83,23,106
JAMMU & KASHMIR,"SC/ST (PREVENTION OF ATROCITIES) ACT, 1989 FOR CRIMES COMMITTED AGAINST SCHEDULED CASTES",0,0,0,0,0,0,0,0,0,0,0,0,0
JHARKHAND,"SC/ST (PREVENTION OF ATROCITIES) ACT, 1989 FOR CRIMES COMMITTED AGAINST SCHEDULED CASTES",0,0,209,5,182,14,51,11,0,0,442,30,472
KARNATAKA,"SC/ST (PREVENTION OF ATROCITIES) ACT, 1989 FOR CRIMES COMMITTED AGAINST SCHEDULED CASTES",4,0,874,30,987,96,646,71,149,11,2660,208,2868
KERALA,"SC/ST (PREVENTION OF ATROCITIES) ACT, 1989 FOR CRIMES COMMITTED AGAINST SCHEDULED CASTES",0,0,10,0,17,0,1,0,0,0,28,0,28
MADHYA PRADESH,"SC/ST (PREVENTION OF ATROCITIES) ACT, 1989 FOR CRIMES COMMITTED AGAINST SCHEDULED CASTES",0,0,0,0,2,0,0,0,0,0,2,0,2
MAHARASHTRA,"SC/ST (PREVENTION OF ATROCITIES) ACT, 1989 FOR CRIMES COMMITTED AGAINST SCHEDULED CASTES",1,0,207,12,221,24,85,9,9,1,523,46,569
MANIPUR,"SC/ST (PREVENTION OF ATROCITIES) ACT, 1989 FOR CRIMES COMMITTED AGAINST SCHEDULED CASTES",0,0,0,0,0,0,0,0,0,0,0,0,0
MEGHALAYA,"SC/ST (PREVENTION OF ATROCITIES) ACT, 1989 FOR CRIMES COMMITTED AGAINST SCHEDULED CASTES",0,0,0,0,0,0,0,0,0,0,0,0,0
MIZORAM,"SC/ST (PREVENTION OF ATROCITIES) ACT, 1989 FOR CRIMES COMMITTED AGAINST SCHEDULED CASTES",0,0,0,0,0,0,0,0,0,0,0,0,0
NAGALAND,"SC/ST (PREVENTION OF ATROCITIES) ACT, 1989 FOR CRIMES COMMITTED AGAINST SCHEDULED CASTES",0,0,0,0,0,0,0,0,0,0,0,0,0
ODISHA,"SC/ST (PREVENTION OF ATROCITIES) ACT, 1989 FOR CRIMES COMMITTED AGAINST SCHEDULED CASTES",1,0,637,23,835,38,290,5,37,0,1800,66,1866
PUNJAB,"SC/ST (PREVENTION OF ATROCITIES) ACT, 1989 FOR CRIMES COMMITTED AGAINST SCHEDULED CASTES",0,0,6,0,11,0,3,0,0,0,20,0,20
RAJASTHAN,"SC/ST (PREVENTION OF ATROCITIES) ACT, 1989 FOR CRIMES COMMITTED AGAINST SCHEDULED CASTES",0,0,15,0,14,0,7,0,0,0,36,0,36
SIKKIM,"SC/ST (PREVENTION OF ATROCITIES) ACT, 1989 FOR CRIMES COMMITTED AGAINST SCHEDULED CASTES",0,0,1,0,0,0,0,0,0,0,1,0,1
TAMIL NADU,"SC/ST (PREVENTION OF ATROCITIES) ACT, 1989 FOR CRIMES COMMITTED AGAINST SCHEDULED CASTES",50,0,754,49,743,72,341,41,31,8,1919,170,2089
TRIPURA,"SC/ST (PREVENTION OF ATROCITIES) ACT, 1989 FOR CRIMES COMMITTED AGAINST SCHEDULED CASTES",0,0,0,0,0,0,0,0,0,0,0,0,0
UTTAR PRADESH,"SC/ST (PREVENTION OF ATROCITIES) ACT, 1989 FOR CRIMES COMMITTED AGAINST SCHEDULED CASTES",4,0,3145,9,1480,2,856,0,0,0,5485,11,5496
UTTARAKHAND,"SC/ST (PREVENTION OF ATROCITIES) ACT, 1989 FOR CRIMES COMMITTED AGAINST SCHEDULED CASTES",0,0,2,0,7,0,0,0,0,0,9,0,9
WEST BENGAL,"SC/ST (PREVENTION OF ATROCITIES) ACT, 1989 FOR CRIMES COMMITTED AGAINST SCHEDULED CASTES",0,0,45,1,38,1,16,0,0,0,99,2,101
TOTAL (STATES),"SC/ST (PREVENTION OF ATROCITIES) ACT, 1989 FOR CRIMES COMMITTED AGAINST SCHEDULED CASTES",87,10,9731,326,8152,448,4049,221,494,33,22513,1038,23551
A & N ISLANDS,"SC/ST (PREVENTION OF ATROCITIES) ACT, 1989 FOR CRIMES COMMITTED AGAINST SCHEDULED CASTES",0,0,0,0,0,0,0,0,0,0,0,0,0
CHANDIGARH,"SC/ST (PREVENTION OF ATROCITIES) ACT, 1989 FOR CRIMES COMMITTED AGAINST SCHEDULED CASTES",0,0,0,0,1,0,0,0,0,0,1,0,1
D & N HAVELI,"SC/ST (PREVENTION OF ATROCITIES) ACT, 1989 FOR CRIMES COMMITTED AGAINST SCHEDULED CASTES",0,0,0,0,0,0,0,0,0,0,0,0,0
DAMAN & DIU,"SC/ST (PREVENTION OF ATROCITIES) ACT, 1989 FOR CRIMES COMMITTED AGAINST SCHEDULED CASTES",0,0,0,0,0,0,0,0,0,0,0,0,0
DELHI,"SC/ST (PREVENTION OF ATROCITIES) ACT, 1989 FOR CRIMES COMMITTED AGAINST SCHEDULED CASTES",1,0,13,4,8,2,0,0,0,0,22,6,28
LAKSHADWEEP,"SC/ST (PREVENTION OF ATROCITIES) ACT, 1989 FOR CRIMES COMMITTED AGAINST SCHEDULED CASTES",0,0,0,0,0,0,0,0,0,0,0,0,0
PUDUCHERRY,"SC/ST (PREVENTION OF ATROCITIES) ACT, 1989 FOR CRIMES COMMITTED AGAINST SCHEDULED CASTES",0,0,4,0,5,0,1,0,0,0,10,0,10
TOTAL (UTs),"SC/ST (PREVENTION OF ATROCITIES) ACT, 1989 FOR CRIMES COMMITTED AGAINST SCHEDULED CASTES",1,0,17,4,14,2,1,0,0,0,33,6,39
TOTAL (ALL-INDIA),"SC/ST (PREVENTION OF ATROCITIES) ACT, 1989 FOR CRIMES COMMITTED AGAINST SCHEDULED CASTES",88,10,9748,330,8166,450,4050,221,494,33,22546,1044,23590
ANDHRA PRADESH,"SC/ST (PREVENTION OF ATROCITIES) ACT, 1989 FOR CRIMES COMMITTED AGAINST SCHEDULED TRIBES",1,0,107,3,102,6,49,2,12,0,271,11,282
ARUNACHAL PRADESH,"SC/ST (PREVENTION OF ATROCITIES) ACT, 1989 FOR CRIMES COMMITTED AGAINST SCHEDULED TRIBES",0,0,0,0,0,0,0,0,0,0,0,0,0
ASSAM,"SC/ST (PREVENTION OF ATROCITIES) ACT, 1989 FOR CRIMES COMMITTED AGAINST SCHEDULED TRIBES",0,0,0,0,0,0,0,0,0,0,0,0,0
BIHAR,"SC/ST (PREVENTION OF ATROCITIES) ACT, 1989 FOR CRIMES COMMITTED AGAINST SCHEDULED TRIBES",5,2,69,9,105,7,39,2,8,0,226,20,246
CHHATTISGARH,"SC/ST (PREVENTION OF ATROCITIES) ACT, 1989 FOR CRIMES COMMITTED AGAINST SCHEDULED TRIBES",0,0,0,0,0,0,0,0,0,0,0,0,0
GOA,"SC/ST (PREVENTION OF ATROCITIES) ACT, 1989 FOR CRIMES COMMITTED AGAINST SCHEDULED TRIBES",0,0,0,0,0,0,0,0,0,0,0,0,0
GUJARAT,"SC/ST (PREVENTION OF ATROCITIES) ACT, 1989 FOR CRIMES COMMITTED AGAINST SCHEDULED TRIBES",0,0,30,1,45,4,24,4,3,0,102,9,111
HARYANA,"SC/ST (PREVENTION OF ATROCITIES) ACT, 1989 FOR CRIMES COMMITTED AGAINST SCHEDULED TRIBES",0,0,0,0,0,0,0,0,0,0,0,0,0
HIMACHAL PRADESH,"SC/ST (PREVENTION OF ATROCITIES) ACT, 1989 FOR CRIMES COMMITTED AGAINST SCHEDULED TRIBES",0,0,4,0,1,0,0,0,0,0,5,0,5
JAMMU & KASHMIR,"SC/ST (PREVENTION OF ATROCITIES) ACT, 1989 FOR CRIMES COMMITTED AGAINST SCHEDULED TRIBES",0,0,0,0,0,0,0,0,0,0,0,0,0
JHARKHAND,"SC/ST (PREVENTION OF ATROCITIES) ACT, 1989 FOR CRIMES COMMITTED AGAINST SCHEDULED TRIBES",0,0,83,2,38,9,26,6,9,0,156,17,173
KARNATAKA,"SC/ST (PREVENTION OF ATROCITIES) ACT, 1989 FOR CRIMES COMMITTED AGAINST SCHEDULED TRIBES",1,0,182,12,170,14,147,11,7,0,507,37,544
KERALA,"SC/ST (PREVENTION OF ATROCITIES) ACT, 1989 FOR CRIMES COMMITTED AGAINST SCHEDULED TRIBES",0,0,0,0,6,0,1,0,0,0,7,0,7
MADHYA PRADESH,"SC/ST (PREVENTION OF ATROCITIES) ACT, 1989 FOR CRIMES COMMITTED AGAINST SCHEDULED TRIBES",0,0,0,0,0,0,0,0,0,0,0,0,0
MAHARASHTRA,"SC/ST (PREVENTION OF ATROCITIES) ACT, 1989 FOR CRIMES COMMITTED AGAINST SCHEDULED TRIBES",1,0,29,5,49,4,20,1,0,0,99,10,109
MANIPUR,"SC/ST (PREVENTION OF ATROCITIES) ACT, 1989 FOR CRIMES COMMITTED AGAINST SCHEDULED TRIBES",0,0,0,0,0,0,0,0,0,0,0,0,0
MEGHALAYA,"SC/ST (PREVENTION OF ATROCITIES) ACT, 1989 FOR CRIMES COMMITTED AGAINST SCHEDULED TRIBES",0,0,0,0,0,0,0,0,0,0,0,0,0
MIZORAM,"SC/ST (PREVENTION OF ATROCITIES) ACT, 1989 FOR CRIMES COMMITTED AGAINST SCHEDULED TRIBES",0,0,0,0,0,0,0,0,0,0,0,0,0
NAGALAND,"SC/ST (PREVENTION OF ATROCITIES) ACT, 1989 FOR CRIMES COMMITTED AGAINST SCHEDULED TRIBES",0,0,0,0,0,0,0,0,0,0,0,0,0
ODISHA,"SC/ST (PREVENTION OF ATROCITIES) ACT, 1989 FOR CRIMES COMMITTED AGAINST SCHEDULED TRIBES",1,0,216,26,282,14,107,1,2,0,608,41,649
PUNJAB,"SC/ST (PREVENTION OF ATROCITIES) ACT, 1989 FOR CRIMES COMMITTED AGAINST SCHEDULED TRIBES",0,0,0,0,0,0,0,0,0,0,0,0,0
RAJASTHAN,"SC/ST (PREVENTION OF ATROCITIES) ACT, 1989 FOR CRIMES COMMITTED AGAINST SCHEDULED TRIBES",0,0,2,0,7,1,0,0,0,0,9,1,10
SIKKIM,"SC/ST (PREVENTION OF ATROCITIES) ACT, 1989 FOR CRIMES COMMITTED AGAINST SCHEDULED TRIBES",0,0,0,0,0,0,0,0,0,0,0,0,0
TAMIL NADU,"SC/ST (PREVENTION OF ATROCITIES) ACT, 1989 FOR CRIMES COMMITTED AGAINST SCHEDULED TRIBES",0,0,1,0,2,0,0,0,0,0,3,0,3
TRIPURA,"SC/ST (PREVENTION OF ATROCITIES) ACT, 1989 FOR CRIMES COMMITTED AGAINST SCHEDULED TRIBES",0,0,0,0,0,0,0,0,0,0,0,0,0
UTTAR PRADESH,"SC/ST (PREVENTION OF ATROCITIES) ACT, 1989 FOR CRIMES COMMITTED AGAINST SCHEDULED TRIBES",0,0,56,3,31,2,10,2,0,0,97,7,104
UTTARAKHAND,"SC/ST (PREVENTION OF ATROCITIES) ACT, 1989 FOR CRIMES COMMITTED AGAINST SCHEDULED TRIBES",0,0,0,0,2,0,0,0,0,0,2,0,2
WEST BENGAL,"SC/ST (PREVENTION OF ATROCITIES) ACT, 1989 FOR CRIMES COMMITTED AGAINST SCHEDULED TRIBES",0,0,27,1,24,1,6,0,0,0,57,2,59
TOTAL (STATES),"SC/ST (PREVENTION OF ATROCITIES) ACT, 1989 FOR CRIMES COMMITTED AGAINST SCHEDULED TRIBES",9,2,806,62,864,62,429,29,41,0,2149,155,2304
A & N ISLANDS,"SC/ST (PREVENTION OF ATROCITIES) ACT, 1989 FOR CRIMES COMMITTED AGAINST SCHEDULED TRIBES",0,0,0,0,0,0,0,0,0,0,0,0,0
CHANDIGARH,"SC/ST (PREVENTION OF ATROCITIES) ACT, 1989 FOR CRIMES COMMITTED AGAINST SCHEDULED TRIBES",0,0,0,0,0,0,0,0,0,0,0,0,0
D & N HAVELI,"SC/ST (PREVENTION OF ATROCITIES) ACT, 1989 FOR CRIMES COMMITTED AGAINST SCHEDULED TRIBES",0,0,1,0,0,0,0,0,0,0,1,0,1
DAMAN & DIU,"SC/ST (PREVENTION OF ATROCITIES) ACT, 1989 FOR CRIMES COMMITTED AGAINST SCHEDULED TRIBES",0,0,0,0,0,0,0,0,0,0,0,0,0
DELHI,"SC/ST (PREVENTION OF ATROCITIES) ACT, 1989 FOR CRIMES COMMITTED AGAINST SCHEDULED TRIBES",0,0,0,0,0,0,0,0,0,0,0,0,0
LAKSHADWEEP,"SC/ST (PREVENTION OF ATROCITIES) ACT, 1989 FOR CRIMES COMMITTED AGAINST SCHEDULED TRIBES",0,0,0,0,0,0,0,0,0,0,0,0,0
PUDUCHERRY,"SC/ST (PREVENTION OF ATROCITIES) ACT, 1989 FOR CRIMES COMMITTED AGAINST SCHEDULED TRIBES",0,0,0,0,0,0,0,0,0,0,0,0,0
TOTAL (UTs),"SC/ST (PREVENTION OF ATROCITIES) ACT, 1989 FOR CRIMES COMMITTED AGAINST SCHEDULED TRIBES",0,0,1,0,0,0,0,0,0,0,1,0,1
TOTAL (ALL-INDIA),"SC/ST (PREVENTION OF ATROCITIES) ACT, 1989 FOR CRIMES COMMITTED AGAINST SCHEDULED TRIBES",9,2,807,62,864,62,429,29,41,0,2150,155,2305
ANDHRA PRADESH,"FOREST ACT, 1927",0,0,47,0,56,0,22,0,0,0,125,0,125
ARUNACHAL PRADESH,"FOREST ACT, 1927",0,0,0,0,0,0,0,0,0,0,0,0,0
ASSAM,"FOREST ACT, 1927",0,0,10,0,11,0,0,0,0,0,21,0,21
BIHAR,"FOREST ACT, 1927",1,0,38,0,24,0,9,0,0,0,72,0,72
CHHATTISGARH,"FOREST ACT, 1927",0,0,8,0,10,0,5,0,0,0,23,0,23
GOA,"FOREST ACT, 1927",0,0,0,0,0,0,0,0,0,0,0,0,0
GUJARAT,"FOREST ACT, 1927",0,0,3,0,6,0,0,0,0,0,9,0,9
HARYANA,"FOREST ACT, 1927",0,0,2,0,1,0,1,0,0,0,4,0,4
HIMACHAL PRADESH,"FOREST ACT, 1927",4,0,133,2,246,5,222,8,107,9,712,24,736
JAMMU & KASHMIR,"FOREST ACT, 1927",0,0,8,0,4,0,0,0,0,0,12,0,12
JHARKHAND,"FOREST ACT, 1927",0,0,131,7,126,5,28,2,0,0,285,14,299
KARNATAKA,"FOREST ACT, 1927",0,0,43,0,80,0,34,0,0,0,157,0,157
KERALA,"FOREST ACT, 1927",0,0,1,0,6,0,1,0,0,0,8,0,8
MADHYA PRADESH,"FOREST ACT, 1927",0,0,19,0,7,0,7,0,0,0,33,0,33
MAHARASHTRA,"FOREST ACT, 1927",0,0,31,0,29,1,6,0,0,0,66,1,67
MANIPUR,"FOREST ACT, 1927",0,0,0,0,0,0,0,0,0,0,0,0,0
MEGHALAYA,"FOREST ACT, 1927",0,0,0,0,0,0,0,0,0,0,0,0,0
MIZORAM,"FOREST ACT, 1927",0,0,0,0,0,0,0,0,0,0,0,0,0
NAGALAND,"FOREST ACT, 1927",0,0,0,0,0,0,0,0,0,0,0,0,0
ODISHA,"FOREST ACT, 1927",0,0,0,0,1,0,0,0,0,0,1,0,1
PUNJAB,"FOREST ACT, 1927",0,0,0,0,0,0,0,0,0,0,0,0,0
RAJASTHAN,"FOREST ACT, 1927",0,0,1619,1,1710,0,645,0,62,0,4036,1,4037
SIKKIM,"FOREST ACT, 1927",0,0,0,0,0,0,0,0,0,0,0,0,0
TAMIL NADU,"FOREST ACT, 1927",0,0,15,0,28,0,10,0,0,0,53,0,53
TRIPURA,"FOREST ACT, 1927",0,0,0,0,0,0,0,0,0,0,0,0,0
UTTAR PRADESH,"FOREST ACT, 1927",0,0,1752,0,1521,0,975,0,0,0,4248,0,4248
UTTARAKHAND,"FOREST ACT, 1927",0,0,24,0,46,1,12,0,0,0,82,1,83
WEST BENGAL,"FOREST ACT, 1927",0,0,7,0,4,0,0,0,0,0,11,0,11
TOTAL (STATES),"FOREST ACT, 1927",5,0,3891,10,3916,12,1977,10,169,9,9958,41,9999
A & N ISLANDS,"FOREST ACT, 1927",0,0,0,0,0,0,0,0,0,0,0,0,0
CHANDIGARH,"FOREST ACT, 1927",0,0,0,0,0,0,0,0,0,0,0,0,0
D & N HAVELI,"FOREST ACT, 1927",0,0,0,0,0,0,0,0,0,0,0,0,0
DAMAN & DIU,"FOREST ACT, 1927",0,0,0,0,0,0,0,0,0,0,0,0,0
DELHI,"FOREST ACT, 1927",0,0,0,0,0,0,0,0,0,0,0,0,0
LAKSHADWEEP,"FOREST ACT, 1927",0,0,0,0,0,0,0,0,0,0,0,0,0
PUDUCHERRY,"FOREST ACT, 1927",0,0,0,0,0,0,0,0,0,0,0,0,0
TOTAL (UTs),"FOREST ACT, 1927",0,0,0,0,0,0,0,0,0,0,0,0,0
TOTAL (ALL-INDIA),"FOREST ACT, 1927",5,0,3891,10,3916,12,1977,10,169,9,9958,41,9999
ANDHRA PRADESH,OTHER SLL CRIMES,10,0,4984,171,4684,163,1089,25,58,8,10825,367,11192
ARUNACHAL PRADESH,OTHER SLL CRIMES,0,0,12,0,13,0,0,0,0,0,25,0,25
ASSAM,OTHER SLL CRIMES,3,0,244,0,266,3,32,0,0,0,545,3,548
BIHAR,OTHER SLL CRIMES,41,4,1334,63,1306,51,546,28,71,3,3298,149,3447
CHHATTISGARH,OTHER SLL CRIMES,212,5,93265,71,93250,70,31420,34,5781,1,223928,181,224109
GOA,OTHER SLL CRIMES,2,0,830,48,521,25,179,10,53,9,1585,92,1677
GUJARAT,OTHER SLL CRIMES,154,40,15061,648,10440,833,3439,238,354,68,29448,1827,31275
HARYANA,OTHER SLL CRIMES,20,0,3101,10,2991,24,1132,6,207,1,7451,41,7492
HIMACHAL PRADESH,OTHER SLL CRIMES,3,0,156,4,108,6,32,5,8,0,307,15,322
JAMMU & KASHMIR,OTHER SLL CRIMES,1,0,120,9,142,9,38,2,5,0,306,20,326
JHARKHAND,OTHER SLL CRIMES,8,1,1172,46,954,49,290,21,19,0,2443,117,2560
KARNATAKA,OTHER SLL CRIMES,1,0,2036,43,2181,67,1062,25,152,7,5432,142,5574
KERALA,OTHER SLL CRIMES,59,0,116824,23,116561,41,56041,31,9832,14,299317,109,299426
MADHYA PRADESH,OTHER SLL CRIMES,16,0,8466,50,9250,13,5723,2,1003,0,24458,65,24523
MAHARASHTRA,OTHER SLL CRIMES,132,5,20317,443,16397,892,6028,307,722,87,43596,1734,45330
MANIPUR,OTHER SLL CRIMES,1,0,513,47,522,78,160,44,27,18,1223,187,1410
MEGHALAYA,OTHER SLL CRIMES,1,0,19,2,16,2,4,0,0,0,40,4,44
MIZORAM,OTHER SLL CRIMES,23,5,151,140,29,28,43,27,1,0,247,200,447
NAGALAND,OTHER SLL CRIMES,0,0,43,3,51,10,1,1,1,0,96,14,110
ODISHA,OTHER SLL CRIMES,1,0,312,40,321,28,174,4,10,0,818,72,890
PUNJAB,OTHER SLL CRIMES,0,0,712,44,796,49,403,8,7,0,1918,101,2019
RAJASTHAN,OTHER SLL CRIMES,42,0,7250,67,6585,82,2794,36,211,2,16882,187,17069
SIKKIM,OTHER SLL CRIMES,10,2,45,6,25,8,5,0,0,0,85,16,101
TAMIL NADU,OTHER SLL CRIMES,1707,141,209696,13737,228795,15859,84689,7637,14277,986,539164,38360,577524
TRIPURA,OTHER SLL CRIMES,0,0,8,0,3,0,0,0,0,0,11,0,11
UTTAR PRADESH,OTHER SLL CRIMES,28,1,859815,209,519393,225,208765,46,3604,0,1591605,481,1592086
UTTARAKHAND,OTHER SLL CRIMES,39,1,50730,44,64844,27,6520,4,58,0,122191,76,122267
WEST BENGAL,OTHER SLL CRIMES,10,0,1884,50,1853,63,523,33,14,0,4284,146,4430
TOTAL (STATES),OTHER SLL CRIMES,2524,205,1399100,16018,1082297,18705,411132,8574,36475,1204,2931528,44706,2976234
A & N ISLANDS,OTHER SLL CRIMES,1,0,29,0,23,0,5,0,0,0,58,0,58
CHANDIGARH,OTHER SLL CRIMES,0,0,24,0,42,1,23,0,0,0,89,1,90
D & N HAVELI,OTHER SLL CRIMES,0,0,0,0,0,0,0,0,0,0,0,0,0
DAMAN & DIU,OTHER SLL CRIMES,0,0,0,0,0,0,0,0,0,0,0,0,0
DELHI,OTHER SLL CRIMES,9,0,807,31,703,66,105,9,9,4,1633,110,1743
LAKSHADWEEP,OTHER SLL CRIMES,0,0,0,0,5,0,0,0,0,0,5,0,5
PUDUCHERRY,OTHER SLL CRIMES,1,0,603,0,291,0,65,0,6,0,966,0,966
TOTAL (UTs),OTHER SLL CRIMES,11,0,1463,31,1064,67,198,9,15,4,2751,111,2862
TOTAL (ALL-INDIA),OTHER SLL CRIMES,2535,205,1400563,16049,1083361,18772,411330,8583,36490,1208,2934279,44817,2979096
ANDHRA PRADESH,TOTAL COGNIZABLE SLL CRIMES,40,1,26496,896,29576,937,13062,315,748,33,69922,2182,72104
ARUNACHAL PRADESH,TOTAL COGNIZABLE SLL CRIMES,0,0,59,0,31,0,0,0,0,0,90,0,90
ASSAM,TOTAL COGNIZABLE SLL CRIMES,9,0,792,7,927,12,105,2,1,0,1834,21,1855
BIHAR,TOTAL COGNIZABLE SLL CRIMES,144,30,9401,400,8623,415,3818,289,393,26,22379,1160,23539
CHHATTISGARH,TOTAL COGNIZABLE SLL CRIMES,315,7,110321,263,110658,395,38919,175,6737,12,266950,852,267802
GOA,TOTAL COGNIZABLE SLL CRIMES,2,0,1157,81,944,34,329,13,70,9,2502,137,2639
GUJARAT,TOTAL COGNIZABLE SLL CRIMES,353,147,81353,19158,83270,36774,35218,17601,3188,1208,203382,74888,278270
HARYANA,TOTAL COGNIZABLE SLL CRIMES,165,1,14993,112,15762,92,5648,17,713,1,37281,223,37504
HIMACHAL PRADESH,TOTAL COGNIZABLE SLL CRIMES,17,0,1228,40,1917,121,1120,82,238,17,4520,260,4780
JAMMU & KASHMIR,TOTAL COGNIZABLE SLL CRIMES,1,0,1087,30,1421,40,404,14,11,1,2924,85,3009
JHARKHAND,TOTAL COGNIZABLE SLL CRIMES,17,2,3695,165,2824,211,844,105,43,5,7423,488,7911
KARNATAKA,TOTAL COGNIZABLE SLL CRIMES,15,1,17584,647,19613,811,9045,468,1092,91,47349,2018,49367
KERALA,TOTAL COGNIZABLE SLL CRIMES,73,0,142905,226,153898,653,75825,107,13157,20,385858,1006,386864
MADHYA PRADESH,TOTAL COGNIZABLE SLL CRIMES,238,3,67261,637,51905,943,22551,388,2565,33,144520,2004,146524
MAHARASHTRA,TOTAL COGNIZABLE SLL CRIMES,389,23,66255,2226,70103,5156,29493,2609,4127,515,170367,10529,180896
MANIPUR,TOTAL COGNIZABLE SLL CRIMES,2,0,596,59,598,89,175,46,29,19,1400,213,1613
MEGHALAYA,TOTAL COGNIZABLE SLL CRIMES,7,0,267,12,96,11,24,1,3,0,397,24,421
MIZORAM,TOTAL COGNIZABLE SLL CRIMES,30,8,317,169,150,56,91,34,3,0,591,267,858
NAGALAND,TOTAL COGNIZABLE SLL CRIMES,0,0,218,28,186,22,15,2,5,0,424,52,476
ODISHA,TOTAL COGNIZABLE SLL CRIMES,14,0,7221,360,8439,548,3862,253,295,22,19831,1183,21014
PUNJAB,TOTAL COGNIZABLE SLL CRIMES,14,1,9407,589,10908,722,6469,282,67,3,26865,1597,28462
RAJASTHAN,TOTAL COGNIZABLE SLL CRIMES,109,3,33597,360,26866,346,10182,109,722,16,71476,834,72310
SIKKIM,TOTAL COGNIZABLE SLL CRIMES,10,2,87,9,74,14,20,1,0,0,191,26,217
TAMIL NADU,TOTAL COGNIZABLE SLL CRIMES,1778,144,246575,15982,280477,19753,110450,9918,17095,1253,656375,47050,703425
TRIPURA,TOTAL COGNIZABLE SLL CRIMES,6,2,151,1,117,3,45,0,3,3,322,9,331
UTTAR PRADESH,TOTAL COGNIZABLE SLL CRIMES,66,1,919016,630,555409,570,221484,193,3928,1,1699903,1395,1701298
UTTARAKHAND,TOTAL COGNIZABLE SLL CRIMES,68,1,52348,66,66990,61,6884,15,92,0,126382,143,126525
WEST BENGAL,TOTAL COGNIZABLE SLL CRIMES,51,9,6611,230,6189,279,1754,142,112,2,14717,662,15379
TOTAL (STATES),TOTAL COGNIZABLE SLL CRIMES,3933,386,1820998,43383,1507971,69068,597836,33181,55437,3290,3986175,149308,4135483
A & N ISLANDS,TOTAL COGNIZABLE SLL CRIMES,4,0,744,35,1137,123,553,92,86,27,2524,277,2801
CHANDIGARH,TOTAL COGNIZABLE SLL CRIMES,0,0,771,14,765,11,139,0,28,0,1703,25,1728
D & N HAVELI,TOTAL COGNIZABLE SLL CRIMES,0,0,56,4,62,5,12,0,4,0,134,9,143
DAMAN & DIU,TOTAL COGNIZABLE SLL CRIMES,0,0,29,12,81,1,12,0,3,0,125,13,138
DELHI,TOTAL COGNIZABLE SLL CRIMES,31,0,4350,147,2778,219,596,58,22,5,7777,429,8206
LAKSHADWEEP,TOTAL COGNIZABLE SLL CRIMES,0,0,22,0,21,0,2,0,0,0,45,0,45
PUDUCHERRY,TOTAL COGNIZABLE SLL CRIMES,3,0,938,4,444,3,116,8,15,0,1516,15,1531
TOTAL (UTs),TOTAL COGNIZABLE SLL CRIMES,38,0,6910,216,5288,362,1430,158,158,32,13824,768,14592
TOTAL (ALL-INDIA),TOTAL COGNIZABLE SLL CRIMES,3971,386,1827908,43599,1513259,69430,599266,33339,55595,3322,3999999,150076,4150075
