area_name,year,group_name,civilians_injured,civilians_killed,no_of_firings,policemen_injured,policemen_killed
Andaman & Nicobar Islands,2001,Against Extremists & Terrorists,0,0,0,0,0
Andhra Pradesh,2001,Against Extremists & Terrorists,4,105,108,14,8
Arunachal Pradesh,2001,Against Extremists & Terrorists,0,0,0,0,0
Assam,2001,Against Extremists & Terrorists,4,26,37,3,9
Bihar,2001,Against Extremists & Terrorists,0,7,12,13,5
Chandigarh,2001,Against Extremists & Terrorists,0,0,0,0,0
Chhattisgarh,2001,Against Extremists & Terrorists,14,2,2,14,2
Dadra & Nagar Haveli,2001,Against Extremists & Terrorists,0,0,0,0,0
Daman & Diu,2001,Against Extremists & Terrorists,0,0,0,0,0
Delhi,2001,Against Extremists & Terrorists,0,6,2,13,0
Goa,2001,Against Extremists & Terrorists,0,0,0,0,0
Gujarat,2001,Against Extremists & Terrorists,0,0,0,0,0
Haryana,2001,Against Extremists & Terrorists,0,0,0,0,0
Himachal Pradesh,2001,Against Extremists & Terrorists,0,0,0,0,0
Jammu & Kashmir,2001,Against Extremists & Terrorists,82,97,308,86,26
Jharkhand,2001,Against Extremists & Terrorists,5,12,58,24,22
Karnataka,2001,Against Extremists & Terrorists,0,0,0,0,0
Kerala,2001,Against Extremists & Terrorists,0,0,0,0,0
Lakshadweep,2001,Against Extremists & Terrorists,0,0,0,0,0
Madhya Pradesh,2001,Against Extremists & Terrorists,0,0,0,0,0
Maharashtra,2001,Against Extremists & Terrorists,0,7,3,0,0
Manipur,2001,Against Extremists & Terrorists,0,0,0,0,0
Meghalaya,2001,Against Extremists & Terrorists,1,3,15,1,7
Mizoram,2001,Against Extremists & Terrorists,0,0,1,0,0
Nagaland,2001,Against Extremists & Terrorists,0,0,0,0,0
Odisha,2001,Against Extremists & Terrorists,0,0,0,0,0
Puducherry,2001,Against Extremists & Terrorists,0,0,0,0,0
Punjab,2001,Against Extremists & Terrorists,0,0,0,0,0
Rajasthan,2001,Against Extremists & Terrorists,0,0,0,0,0
Sikkim,2001,Against Extremists & Terrorists,0,0,0,0,0
Tamil Nadu,2001,Against Extremists & Terrorists,0,0,0,0,0
Tripura,2001,Against Extremists & Terrorists,0,41,28,18,23
Uttar Pradesh,2001,Against Extremists & Terrorists,0,3,1,0,0
Uttarakhand,2001,Against Extremists & Terrorists,0,0,0,0,0
West Bengal,2001,Against Extremists & Terrorists,0,0,1,4,0
Andaman & Nicobar Islands,2002,Against Extremists & Terrorists,0,0,0,0,0
Andhra Pradesh,2002,Against Extremists & Terrorists,11,75,71,19,2
Arunachal Pradesh,2002,Against Extremists & Terrorists,0,0,0,0,0
Assam,2002,Against Extremists & Terrorists,3,34,16,1,0
Bihar,2002,Against Extremists & Terrorists,0,0,8,2,1
Chandigarh,2002,Against Extremists & Terrorists,0,0,0,0,0
Chhattisgarh,2002,Against Extremists & Terrorists,1,1,13,4,1
Dadra & Nagar Haveli,2002,Against Extremists & Terrorists,0,0,0,0,0
Daman & Diu,2002,Against Extremists & Terrorists,0,0,0,0,0
Delhi,2002,Against Extremists & Terrorists,0,0,0,0,0
Goa,2002,Against Extremists & Terrorists,0,0,0,0,0
Gujarat,2002,Against Extremists & Terrorists,0,2,1,0,0
Haryana,2002,Against Extremists & Terrorists,0,0,0,0,0
Himachal Pradesh,2002,Against Extremists & Terrorists,0,0,0,0,0
Jammu & Kashmir,2002,Against Extremists & Terrorists,49,20,350,25,13
Jharkhand,2002,Against Extremists & Terrorists,2,8,29,18,13
Karnataka,2002,Against Extremists & Terrorists,0,0,0,0,0
Kerala,2002,Against Extremists & Terrorists,0,0,0,0,0
Lakshadweep,2002,Against Extremists & Terrorists,0,0,0,0,0
Madhya Pradesh,2002,Against Extremists & Terrorists,0,0,0,0,0
Maharashtra,2002,Against Extremists & Terrorists,0,1,1,1,0
Manipur,2002,Against Extremists & Terrorists,0,0,1,1,0
Meghalaya,2002,Against Extremists & Terrorists,0,3,13,0,0
Mizoram,2002,Against Extremists & Terrorists,1,0,1,0,0
Nagaland,2002,Against Extremists & Terrorists,0,0,0,0,0
Odisha,2002,Against Extremists & Terrorists,0,0,0,0,0
Puducherry,2002,Against Extremists & Terrorists,0,0,0,0,0
Punjab,2002,Against Extremists & Terrorists,0,0,0,0,0
Rajasthan,2002,Against Extremists & Terrorists,0,0,0,0,0
Sikkim,2002,Against Extremists & Terrorists,0,0,0,0,0
Tamil Nadu,2002,Against Extremists & Terrorists,1,1,2,7,0
Tripura,2002,Against Extremists & Terrorists,0,21,34,24,40
Uttar Pradesh,2002,Against Extremists & Terrorists,0,1,1,3,1
Uttarakhand,2002,Against Extremists & Terrorists,0,0,0,0,0
West Bengal,2002,Against Extremists & Terrorists,0,8,10,7,3
Andaman & Nicobar Islands,2003,Against Extremists & Terrorists,0,0,0,0,0
Andhra Pradesh,2003,Against Extremists & Terrorists,4,85,103,10,5
Arunachal Pradesh,2003,Against Extremists & Terrorists,0,0,0,0,0
Assam,2003,Against Extremists & Terrorists,9,57,45,6,0
Bihar,2003,Against Extremists & Terrorists,0,2,3,9,3
Chandigarh,2003,Against Extremists & Terrorists,0,0,0,0,0
Chhattisgarh,2003,Against Extremists & Terrorists,0,0,0,0,0
Dadra & Nagar Haveli,2003,Against Extremists & Terrorists,0,0,0,0,0
Daman & Diu,2003,Against Extremists & Terrorists,0,0,0,0,0
Delhi,2003,Against Extremists & Terrorists,0,0,0,0,0
Goa,2003,Against Extremists & Terrorists,0,0,0,0,0
Gujarat,2003,Against Extremists & Terrorists,0,0,0,0,0
Haryana,2003,Against Extremists & Terrorists,0,0,0,0,0
Himachal Pradesh,2003,Against Extremists & Terrorists,0,0,0,0,0
Jammu & Kashmir,2003,Against Extremists & Terrorists,15,9,80,8,1
Jharkhand,2003,Against Extremists & Terrorists,10,12,42,11,2
Karnataka,2003,Against Extremists & Terrorists,1,3,2,2,0
Kerala,2003,Against Extremists & Terrorists,0,0,0,0,0
Lakshadweep,2003,Against Extremists & Terrorists,0,0,0,0,0
Madhya Pradesh,2003,Against Extremists & Terrorists,0,0,0,0,0
Maharashtra,2003,Against Extremists & Terrorists,0,8,7,7,6
Manipur,2003,Against Extremists & Terrorists,0,0,0,0,0
Meghalaya,2003,Against Extremists & Terrorists,0,6,20,0,1
Mizoram,2003,Against Extremists & Terrorists,0,0,0,0,0
Nagaland,2003,Against Extremists & Terrorists,0,0,0,0,0
Odisha,2003,Against Extremists & Terrorists,0,0,0,0,0
Puducherry,2003,Against Extremists & Terrorists,0,0,0,0,0
Punjab,2003,Against Extremists & Terrorists,0,0,0,0,0
Rajasthan,2003,Against Extremists & Terrorists,0,0,0,0,0
Sikkim,2003,Against Extremists & Terrorists,0,0,0,0,0
Tamil Nadu,2003,Against Extremists & Terrorists,0,0,0,0,0
Tripura,2003,Against Extremists & Terrorists,25,40,69,55,39
Uttar Pradesh,2003,Against Extremists & Terrorists,0,0,0,1,0
Uttarakhand,2003,Against Extremists & Terrorists,0,0,0,0,0
West Bengal,2003,Against Extremists & Terrorists,2,7,5,14,1
Andaman & Nicobar Islands,2004,Against Extremists & Terrorists,0,0,0,0,0
Andhra Pradesh,2004,Against Extremists & Terrorists,12,21,49,6,1
Arunachal Pradesh,2004,Against Extremists & Terrorists,1,0,1,0,0
Assam,2004,Against Extremists & Terrorists,2,7,11,1,1
Bihar,2004,Against Extremists & Terrorists,4,1,3,12,0
Chandigarh,2004,Against Extremists & Terrorists,0,0,0,0,0
Chhattisgarh,2004,Against Extremists & Terrorists,0,0,31,0,0
Dadra & Nagar Haveli,2004,Against Extremists & Terrorists,0,0,0,0,0
Daman & Diu,2004,Against Extremists & Terrorists,0,0,0,0,0
Delhi,2004,Against Extremists & Terrorists,0,1,1,0,0
Goa,2004,Against Extremists & Terrorists,0,0,0,0,0
Gujarat,2004,Against Extremists & Terrorists,0,4,1,0,0
Haryana,2004,Against Extremists & Terrorists,0,0,0,0,0
Himachal Pradesh,2004,Against Extremists & Terrorists,0,0,0,0,0
Jammu & Kashmir,2004,Against Extremists & Terrorists,18,12,112,14,11
Jharkhand,2004,Against Extremists & Terrorists,0,0,0,0,0
Karnataka,2004,Against Extremists & Terrorists,0,0,0,0,0
Kerala,2004,Against Extremists & Terrorists,0,0,0,0,0
Lakshadweep,2004,Against Extremists & Terrorists,0,0,0,0,0
Madhya Pradesh,2004,Against Extremists & Terrorists,0,0,0,0,0
Maharashtra,2004,Against Extremists & Terrorists,3,3,14,14,6
Manipur,2004,Against Extremists & Terrorists,0,1,18,6,15
Meghalaya,2004,Against Extremists & Terrorists,0,2,1,0,0
Mizoram,2004,Against Extremists & Terrorists,0,0,0,0,0
Nagaland,2004,Against Extremists & Terrorists,0,0,0,0,0
Odisha,2004,Against Extremists & Terrorists,0,0,0,0,0
Puducherry,2004,Against Extremists & Terrorists,0,0,0,0,0
Punjab,2004,Against Extremists & Terrorists,0,0,0,0,0
Rajasthan,2004,Against Extremists & Terrorists,0,0,0,0,0
Sikkim,2004,Against Extremists & Terrorists,0,0,0,0,0
Tamil Nadu,2004,Against Extremists & Terrorists,0,0,0,0,0
Tripura,2004,Against Extremists & Terrorists,50,31,37,2,8
Uttar Pradesh,2004,Against Extremists & Terrorists,0,0,3,4,7
Uttarakhand,2004,Against Extremists & Terrorists,0,0,0,0,0
West Bengal,2004,Against Extremists & Terrorists,0,2,4,1,2
Andaman & Nicobar Islands,2005,Against Extremists & Terrorists,0,0,0,0,0
Andhra Pradesh,2005,Against Extremists & Terrorists,1,84,79,5,1
Arunachal Pradesh,2005,Against Extremists & Terrorists,1,1,1,1,0
Assam,2005,Against Extremists & Terrorists,2,8,13,2,2
Bihar,2005,Against Extremists & Terrorists,13,7,8,25,9
Chandigarh,2005,Against Extremists & Terrorists,0,0,0,0,0
Chhattisgarh,2005,Against Extremists & Terrorists,0,0,46,1,1
Dadra & Nagar Haveli,2005,Against Extremists & Terrorists,0,0,0,0,0
Daman & Diu,2005,Against Extremists & Terrorists,0,0,0,0,0
Delhi,2005,Against Extremists & Terrorists,0,0,0,0,0
Goa,2005,Against Extremists & Terrorists,0,0,0,0,0
Gujarat,2005,Against Extremists & Terrorists,0,0,0,0,0
Haryana,2005,Against Extremists & Terrorists,0,0,0,0,0
Himachal Pradesh,2005,Against Extremists & Terrorists,0,0,0,0,0
Jammu & Kashmir,2005,Against Extremists & Terrorists,0,38,46,29,0
Jharkhand,2005,Against Extremists & Terrorists,0,0,0,0,0
Karnataka,2005,Against Extremists & Terrorists,0,2,1,2,0
Kerala,2005,Against Extremists & Terrorists,0,0,0,0,0
Lakshadweep,2005,Against Extremists & Terrorists,0,0,0,0,0
Madhya Pradesh,2005,Against Extremists & Terrorists,0,0,0,0,0
Maharashtra,2005,Against Extremists & Terrorists,6,0,35,15,18
Manipur,2005,Against Extremists & Terrorists,0,0,5,1,0
Meghalaya,2005,Against Extremists & Terrorists,0,7,4,0,0
Mizoram,2005,Against Extremists & Terrorists,0,0,0,0,0
Nagaland,2005,Against Extremists & Terrorists,0,0,0,0,0
Odisha,2005,Against Extremists & Terrorists,0,0,0,0,0
Puducherry,2005,Against Extremists & Terrorists,0,0,0,0,0
Punjab,2005,Against Extremists & Terrorists,0,0,0,0,0
Rajasthan,2005,Against Extremists & Terrorists,0,0,0,0,0
Sikkim,2005,Against Extremists & Terrorists,0,0,0,0,0
Tamil Nadu,2005,Against Extremists & Terrorists,0,0,0,0,0
Tripura,2005,Against Extremists & Terrorists,8,17,32,5,5
Uttar Pradesh,2005,Against Extremists & Terrorists,1,2,1,4,0
Uttarakhand,2005,Against Extremists & Terrorists,0,0,0,0,0
West Bengal,2005,Against Extremists & Terrorists,0,0,3,0,0
Andaman & Nicobar Islands,2006,Against Extremists & Terrorists,0,0,0,0,0
Andhra Pradesh,2006,Against Extremists & Terrorists,3,67,43,2,1
Arunachal Pradesh,2006,Against Extremists & Terrorists,0,0,0,0,0
Assam,2006,Against Extremists & Terrorists,0,4,11,4,1
Bihar,2006,Against Extremists & Terrorists,0,5,5,2,4
Chandigarh,2006,Against Extremists & Terrorists,0,0,0,0,0
Chhattisgarh,2006,Against Extremists & Terrorists,0,138,213,7,29
Dadra & Nagar Haveli,2006,Against Extremists & Terrorists,0,0,0,0,0
Daman & Diu,2006,Against Extremists & Terrorists,0,0,0,0,0
Delhi,2006,Against Extremists & Terrorists,0,2,1,0,0
Goa,2006,Against Extremists & Terrorists,0,0,0,0,0
Gujarat,2006,Against Extremists & Terrorists,0,4,1,1,0
Haryana,2006,Against Extremists & Terrorists,0,0,0,0,0
Himachal Pradesh,2006,Against Extremists & Terrorists,0,0,0,0,0
Jammu & Kashmir,2006,Against Extremists & Terrorists,0,0,112,9,6
Jharkhand,2006,Against Extremists & Terrorists,0,5,28,5,1
Karnataka,2006,Against Extremists & Terrorists,0,1,2,2,0
Kerala,2006,Against Extremists & Terrorists,0,0,0,0,0
Lakshadweep,2006,Against Extremists & Terrorists,0,0,0,0,0
Madhya Pradesh,2006,Against Extremists & Terrorists,0,0,0,0,0
Maharashtra,2006,Against Extremists & Terrorists,6,8,17,69,3
Manipur,2006,Against Extremists & Terrorists,0,0,0,0,0
Meghalaya,2006,Against Extremists & Terrorists,3,9,3,0,0
Mizoram,2006,Against Extremists & Terrorists,3,1,4,0,0
Nagaland,2006,Against Extremists & Terrorists,0,0,0,0,0
Odisha,2006,Against Extremists & Terrorists,0,0,1,13,3
Puducherry,2006,Against Extremists & Terrorists,0,0,0,0,0
Punjab,2006,Against Extremists & Terrorists,0,0,0,0,0
Rajasthan,2006,Against Extremists & Terrorists,0,0,0,0,0
Sikkim,2006,Against Extremists & Terrorists,0,0,0,0,0
Tamil Nadu,2006,Against Extremists & Terrorists,0,0,0,0,0
Tripura,2006,Against Extremists & Terrorists,1,2,29,0,0
Uttar Pradesh,2006,Against Extremists & Terrorists,0,0,0,0,0
Uttarakhand,2006,Against Extremists & Terrorists,0,0,0,0,0
West Bengal,2006,Against Extremists & Terrorists,0,0,1,2,0
Andaman & Nicobar Islands,2007,Against Extremists & Terrorists,0,0,0,0,0
Andhra Pradesh,2007,Against Extremists & Terrorists,0,17,34,9,2
Arunachal Pradesh,2007,Against Extremists & Terrorists,0,0,0,0,0
Assam,2007,Against Extremists & Terrorists,2,8,26,7,19
Bihar,2007,Against Extremists & Terrorists,2,4,4,1,4
Chandigarh,2007,Against Extremists & Terrorists,0,0,0,0,0
Chhattisgarh,2007,Against Extremists & Terrorists,0,6,33,0,10
Dadra & Nagar Haveli,2007,Against Extremists & Terrorists,0,0,0,0,0
Daman & Diu,2007,Against Extremists & Terrorists,0,0,0,0,0
Delhi,2007,Against Extremists & Terrorists,0,0,0,0,0
Goa,2007,Against Extremists & Terrorists,0,0,0,0,0
Gujarat,2007,Against Extremists & Terrorists,0,0,0,0,0
Haryana,2007,Against Extremists & Terrorists,0,0,0,0,0
Himachal Pradesh,2007,Against Extremists & Terrorists,0,0,0,0,0
Jammu & Kashmir,2007,Against Extremists & Terrorists,0,7,41,2,0
Jharkhand,2007,Against Extremists & Terrorists,0,0,0,0,0
Karnataka,2007,Against Extremists & Terrorists,0,0,0,0,0
Kerala,2007,Against Extremists & Terrorists,0,0,0,0,0
Lakshadweep,2007,Against Extremists & Terrorists,0,0,0,0,0
Madhya Pradesh,2007,Against Extremists & Terrorists,0,0,0,0,0
Maharashtra,2007,Against Extremists & Terrorists,1,4,15,26,3
Manipur,2007,Against Extremists & Terrorists,0,0,0,0,0
Meghalaya,2007,Against Extremists & Terrorists,2,5,2,2,1
Mizoram,2007,Against Extremists & Terrorists,0,0,0,0,0
Nagaland,2007,Against Extremists & Terrorists,0,0,0,0,0
Odisha,2007,Against Extremists & Terrorists,0,0,2,0,0
Puducherry,2007,Against Extremists & Terrorists,0,0,0,0,0
Punjab,2007,Against Extremists & Terrorists,0,0,0,0,0
Rajasthan,2007,Against Extremists & Terrorists,0,0,0,0,0
Sikkim,2007,Against Extremists & Terrorists,0,0,0,0,0
Tamil Nadu,2007,Against Extremists & Terrorists,0,0,0,0,0
Tripura,2007,Against Extremists & Terrorists,2,3,25,2,3
Uttar Pradesh,2007,Against Extremists & Terrorists,0,0,1,0,0
Uttarakhand,2007,Against Extremists & Terrorists,0,0,0,0,0
West Bengal,2007,Against Extremists & Terrorists,0,0,0,0,0
Andaman & Nicobar Islands,2008,Against Extremists & Terrorists,0,0,0,0,0
Andhra Pradesh,2008,Against Extremists & Terrorists,0,16,13,7,2
Arunachal Pradesh,2008,Against Extremists & Terrorists,0,0,0,0,0
Assam,2008,Against Extremists & Terrorists,3,5,9,0,1
Bihar,2008,Against Extremists & Terrorists,1,3,1,2,5
Chandigarh,2008,Against Extremists & Terrorists,0,0,0,0,0
Chhattisgarh,2008,Against Extremists & Terrorists,0,0,52,58,37
Dadra & Nagar Haveli,2008,Against Extremists & Terrorists,0,0,0,0,0
Daman & Diu,2008,Against Extremists & Terrorists,0,0,0,0,0
Delhi,2008,Against Extremists & Terrorists,0,2,1,1,1
Goa,2008,Against Extremists & Terrorists,0,0,0,0,0
Gujarat,2008,Against Extremists & Terrorists,0,0,0,0,0
Haryana,2008,Against Extremists & Terrorists,0,0,0,0,0
Himachal Pradesh,2008,Against Extremists & Terrorists,0,0,0,0,0
Jammu & Kashmir,2008,Against Extremists & Terrorists,10,4,29,48,18
Jharkhand,2008,Against Extremists & Terrorists,0,2,70,4,24
Karnataka,2008,Against Extremists & Terrorists,0,0,0,0,0
Kerala,2008,Against Extremists & Terrorists,0,0,0,0,0
Lakshadweep,2008,Against Extremists & Terrorists,0,0,0,0,0
Madhya Pradesh,2008,Against Extremists & Terrorists,0,0,0,0,0
Maharashtra,2008,Against Extremists & Terrorists,1,22,19,29,20
Manipur,2008,Against Extremists & Terrorists,0,0,0,0,0
Meghalaya,2008,Against Extremists & Terrorists,0,2,2,0,0
Mizoram,2008,Against Extremists & Terrorists,0,0,1,2,4
Nagaland,2008,Against Extremists & Terrorists,0,0,0,0,0
Odisha,2008,Against Extremists & Terrorists,0,0,0,6,14
Puducherry,2008,Against Extremists & Terrorists,0,0,0,0,0
Punjab,2008,Against Extremists & Terrorists,0,0,0,0,0
Rajasthan,2008,Against Extremists & Terrorists,0,0,0,0,0
Sikkim,2008,Against Extremists & Terrorists,0,0,0,0,0
Tamil Nadu,2008,Against Extremists & Terrorists,0,0,0,0,0
Tripura,2008,Against Extremists & Terrorists,0,17,32,0,0
Uttar Pradesh,2008,Against Extremists & Terrorists,0,6,3,0,0
Uttarakhand,2008,Against Extremists & Terrorists,0,0,0,0,0
West Bengal,2008,Against Extremists & Terrorists,0,0,0,0,0
Andaman & Nicobar Islands,2009,Against Extremists & Terrorists,0,0,0,0,0
Andhra Pradesh,2009,Against Extremists & Terrorists,0,10,12,0,0
Arunachal Pradesh,2009,Against Extremists & Terrorists,0,0,0,0,0
Assam,2009,Against Extremists & Terrorists,2,7,11,1,1
Bihar,2009,Against Extremists & Terrorists,2,1,2,2,4
Chandigarh,2009,Against Extremists & Terrorists,0,0,0,0,0
Chhattisgarh,2009,Against Extremists & Terrorists,0,0,49,23,5
Dadra & Nagar Haveli,2009,Against Extremists & Terrorists,0,0,0,0,0
Daman & Diu,2009,Against Extremists & Terrorists,0,0,0,0,0
Delhi,2009,Against Extremists & Terrorists,0,0,0,2,0
Goa,2009,Against Extremists & Terrorists,0,0,0,0,0
Gujarat,2009,Against Extremists & Terrorists,0,0,0,0,0
Haryana,2009,Against Extremists & Terrorists,0,0,0,0,0
Himachal Pradesh,2009,Against Extremists & Terrorists,0,0,0,0,0
Jammu & Kashmir,2009,Against Extremists & Terrorists,0,21,20,17,8
Jharkhand,2009,Against Extremists & Terrorists,0,0,70,0,0
Karnataka,2009,Against Extremists & Terrorists,0,0,0,0,0
Kerala,2009,Against Extremists & Terrorists,0,0,0,0,0
Lakshadweep,2009,Against Extremists & Terrorists,0,0,0,0,0
Madhya Pradesh,2009,Against Extremists & Terrorists,0,0,0,0,0
Maharashtra,2009,Against Extremists & Terrorists,1,4,9,14,51
Manipur,2009,Against Extremists & Terrorists,0,0,0,0,0
Meghalaya,2009,Against Extremists & Terrorists,0,0,0,0,0
Mizoram,2009,Against Extremists & Terrorists,0,0,0,0,0
Nagaland,2009,Against Extremists & Terrorists,0,0,0,0,0
Odisha,2009,Against Extremists & Terrorists,0,1,9,35,22
Puducherry,2009,Against Extremists & Terrorists,0,0,0,0,0
Punjab,2009,Against Extremists & Terrorists,0,0,0,0,0
Rajasthan,2009,Against Extremists & Terrorists,0,0,0,0,0
Sikkim,2009,Against Extremists & Terrorists,0,0,0,0,0
Tamil Nadu,2009,Against Extremists & Terrorists,0,0,0,0,0
Tripura,2009,Against Extremists & Terrorists,1,0,5,1,1
Uttar Pradesh,2009,Against Extremists & Terrorists,0,0,1,0,0
Uttarakhand,2009,Against Extremists & Terrorists,0,0,0,0,0
West Bengal,2009,Against Extremists & Terrorists,0,0,0,0,5
Andaman & Nicobar Islands,2010,Against Extremists & Terrorists,0,0,0,0,0
Andhra Pradesh,2010,Against Extremists & Terrorists,0,1,1,0,0
Arunachal Pradesh,2010,Against Extremists & Terrorists,0,0,0,0,0
Assam,2010,Against Extremists & Terrorists,0,1,2,0,0
Bihar,2010,Against Extremists & Terrorists,0,0,0,0,0
Chandigarh,2010,Against Extremists & Terrorists,0,0,0,0,0
Chhattisgarh,2010,Against Extremists & Terrorists,1,10,78,12,68
Dadra & Nagar Haveli,2010,Against Extremists & Terrorists,0,0,0,0,0
Daman & Diu,2010,Against Extremists & Terrorists,0,0,0,0,0
Delhi,2010,Against Extremists & Terrorists,0,0,0,0,0
Goa,2010,Against Extremists & Terrorists,0,0,0,0,0
Gujarat,2010,Against Extremists & Terrorists,0,0,0,0,0
Haryana,2010,Against Extremists & Terrorists,0,0,0,0,0
Himachal Pradesh,2010,Against Extremists & Terrorists,0,0,0,0,0
Jammu & Kashmir,2010,Against Extremists & Terrorists,14,2,24,20,16
Jharkhand,2010,Against Extremists & Terrorists,0,1,6,5,15
Karnataka,2010,Against Extremists & Terrorists,0,1,1,1,0
Kerala,2010,Against Extremists & Terrorists,0,0,0,0,0
Lakshadweep,2010,Against Extremists & Terrorists,0,0,0,0,0
Madhya Pradesh,2010,Against Extremists & Terrorists,0,0,0,0,0
Maharashtra,2010,Against Extremists & Terrorists,9,7,6,16,7
Manipur,2010,Against Extremists & Terrorists,0,0,0,0,0
Meghalaya,2010,Against Extremists & Terrorists,0,0,0,0,0
Mizoram,2010,Against Extremists & Terrorists,0,0,0,0,0
Nagaland,2010,Against Extremists & Terrorists,0,0,0,0,0
Odisha,2010,Against Extremists & Terrorists,0,0,8,1,8
Puducherry,2010,Against Extremists & Terrorists,0,0,0,0,0
Punjab,2010,Against Extremists & Terrorists,0,2,1,2,2
Rajasthan,2010,Against Extremists & Terrorists,0,0,0,0,0
Sikkim,2010,Against Extremists & Terrorists,0,0,0,0,0
Tamil Nadu,2010,Against Extremists & Terrorists,0,0,0,0,0
Tripura,2010,Against Extremists & Terrorists,0,0,3,2,2
Uttar Pradesh,2010,Against Extremists & Terrorists,0,2,2,0,0
Uttarakhand,2010,Against Extremists & Terrorists,0,0,0,0,0
West Bengal,2010,Against Extremists & Terrorists,14,21,40,1,29
Andaman & Nicobar Islands,2001,Against others,0,0,0,0,0
Andhra Pradesh,2001,Against others,20,10,38,3,0
Arunachal Pradesh,2001,Against others,0,0,0,0,0
Assam,2001,Against others,0,0,0,0,0
Bihar,2001,Against others,7,27,21,4,1
Chandigarh,2001,Against others,0,0,0,0,0
Chhattisgarh,2001,Against others,0,0,0,0,0
Dadra & Nagar Haveli,2001,Against others,0,0,0,0,0
Daman & Diu,2001,Against others,0,0,0,0,0
Delhi,2001,Against others,6,2,10,7,0
Goa,2001,Against others,0,0,0,0,0
Gujarat,2001,Against others,4,4,14,7,0
Haryana,2001,Against others,0,1,1,0,0
Himachal Pradesh,2001,Against others,0,0,0,0,0
Jammu & Kashmir,2001,Against others,2,0,8,1,0
Jharkhand,2001,Against others,3,1,1,12,0
Karnataka,2001,Against others,1,3,4,4,0
Kerala,2001,Against others,0,0,0,0,0
Lakshadweep,2001,Against others,0,0,0,0,0
Madhya Pradesh,2001,Against others,0,0,3,6,1
Maharashtra,2001,Against others,4,95,91,17,1
Manipur,2001,Against others,0,0,0,0,0
Meghalaya,2001,Against others,0,0,0,0,0
Mizoram,2001,Against others,0,0,0,0,0
Nagaland,2001,Against others,0,0,0,0,0
Odisha,2001,Against others,0,0,4,0,0
Puducherry,2001,Against others,0,0,0,0,0
Punjab,2001,Against others,0,0,0,0,0
Rajasthan,2001,Against others,1,0,8,3,1
Sikkim,2001,Against others,0,0,0,0,0
Tamil Nadu,2001,Against others,24,3,14,136,0
Tripura,2001,Against others,0,0,0,0,0
Uttar Pradesh,2001,Against others,3,92,115,86,16
Uttarakhand,2001,Against others,0,0,0,0,0
West Bengal,2001,Against others,9,5,30,25,2
Andaman & Nicobar Islands,2002,Against others,0,0,0,0,0
Andhra Pradesh,2002,Against others,1,12,13,3,0
Arunachal Pradesh,2002,Against others,0,0,1,0,1
Assam,2002,Against others,14,0,16,0,3
Bihar,2002,Against others,6,12,30,4,2
Chandigarh,2002,Against others,0,0,0,0,0
Chhattisgarh,2002,Against others,0,0,5,2,0
Dadra & Nagar Haveli,2002,Against others,0,0,0,0,0
Daman & Diu,2002,Against others,0,0,0,0,0
Delhi,2002,Against others,0,0,0,0,0
Goa,2002,Against others,0,0,0,0,0
Gujarat,2002,Against others,26,10,56,18,0
Haryana,2002,Against others,0,1,1,0,0
Himachal Pradesh,2002,Against others,0,0,0,0,0
Jammu & Kashmir,2002,Against others,0,0,18,11,5
Jharkhand,2002,Against others,1,0,1,4,0
Karnataka,2002,Against others,1,0,1,0,0
Kerala,2002,Against others,0,0,1,0,0
Lakshadweep,2002,Against others,0,0,0,0,0
Madhya Pradesh,2002,Against others,12,7,18,53,0
Maharashtra,2002,Against others,6,72,58,9,2
Manipur,2002,Against others,0,0,0,0,0
Meghalaya,2002,Against others,0,0,0,0,0
Mizoram,2002,Against others,0,0,0,0,0
Nagaland,2002,Against others,0,0,0,0,0
Odisha,2002,Against others,0,1,1,0,0
Puducherry,2002,Against others,0,0,0,0,0
Punjab,2002,Against others,0,0,2,24,4
Rajasthan,2002,Against others,11,5,14,12,1
Sikkim,2002,Against others,0,0,0,0,0
Tamil Nadu,2002,Against others,0,0,0,0,0
Tripura,2002,Against others,0,0,1,0,2
Uttar Pradesh,2002,Against others,26,42,74,47,19
Uttarakhand,2002,Against others,0,0,1,0,0
West Bengal,2002,Against others,13,4,27,29,0
Andaman & Nicobar Islands,2003,Against others,0,0,0,0,0
Andhra Pradesh,2003,Against others,0,0,3,0,1
Arunachal Pradesh,2003,Against others,0,0,2,0,0
Assam,2003,Against others,0,0,0,0,0
Bihar,2003,Against others,1,3,23,3,0
Chandigarh,2003,Against others,0,0,0,0,0
Chhattisgarh,2003,Against others,2,7,30,20,2
Dadra & Nagar Haveli,2003,Against others,0,0,0,0,0
Daman & Diu,2003,Against others,0,0,0,0,0
Delhi,2003,Against others,0,0,0,0,0
Goa,2003,Against others,0,0,0,0,0
Gujarat,2003,Against others,0,2,3,2,0
Haryana,2003,Against others,3,3,2,3,2
Himachal Pradesh,2003,Against others,0,0,0,0,0
Jammu & Kashmir,2003,Against others,0,0,1,0,0
Jharkhand,2003,Against others,0,0,0,5,0
Karnataka,2003,Against others,1,0,1,0,0
Kerala,2003,Against others,0,0,0,0,0
Lakshadweep,2003,Against others,0,0,0,0,0
Madhya Pradesh,2003,Against others,0,1,10,7,0
Maharashtra,2003,Against others,4,43,32,8,0
Manipur,2003,Against others,0,0,0,0,0
Meghalaya,2003,Against others,0,0,0,0,0
Mizoram,2003,Against others,0,0,0,0,0
Nagaland,2003,Against others,0,0,0,0,0
Odisha,2003,Against others,0,2,2,7,0
Puducherry,2003,Against others,0,0,0,0,0
Punjab,2003,Against others,0,0,0,0,0
Rajasthan,2003,Against others,0,0,2,16,0
Sikkim,2003,Against others,0,0,0,0,0
Tamil Nadu,2003,Against others,2,4,10,13,0
Tripura,2003,Against others,0,0,0,0,0
Uttar Pradesh,2003,Against others,3,14,12,48,18
Uttarakhand,2003,Against others,0,0,0,0,0
West Bengal,2003,Against others,5,3,10,10,0
Andaman & Nicobar Islands,2004,Against others,0,0,0,0,0
Andhra Pradesh,2004,Against others,1,3,8,15,0
Arunachal Pradesh,2004,Against others,1,0,1,0,0
Assam,2004,Against others,0,0,0,0,0
Bihar,2004,Against others,2,2,9,8,0
Chandigarh,2004,Against others,0,0,0,0,0
Chhattisgarh,2004,Against others,4,0,33,9,0
Dadra & Nagar Haveli,2004,Against others,0,0,0,0,0
Daman & Diu,2004,Against others,0,0,0,0,0
Delhi,2004,Against others,8,10,7,0,0
Goa,2004,Against others,0,0,0,0,0
Gujarat,2004,Against others,0,3,5,1,0
Haryana,2004,Against others,0,0,0,0,0
Himachal Pradesh,2004,Against others,0,0,0,0,0
Jammu & Kashmir,2004,Against others,0,0,3,17,0
Jharkhand,2004,Against others,0,0,0,0,0
Karnataka,2004,Against others,0,0,0,0,0
Kerala,2004,Against others,0,0,2,7,0
Lakshadweep,2004,Against others,0,0,0,0,0
Madhya Pradesh,2004,Against others,1,5,7,4,0
Maharashtra,2004,Against others,1,16,15,0,1
Manipur,2004,Against others,0,0,0,0,0
Meghalaya,2004,Against others,0,1,1,0,0
Mizoram,2004,Against others,0,0,0,0,0
Nagaland,2004,Against others,0,0,0,0,0
Odisha,2004,Against others,0,0,0,0,0
Puducherry,2004,Against others,0,0,0,0,0
Punjab,2004,Against others,0,0,0,0,0
Rajasthan,2004,Against others,0,0,1,3,0
Sikkim,2004,Against others,0,0,0,0,0
Tamil Nadu,2004,Against others,1,6,8,11,0
Tripura,2004,Against others,0,0,0,0,0
Uttar Pradesh,2004,Against others,0,21,27,20,16
Uttarakhand,2004,Against others,0,1,1,0,0
West Bengal,2004,Against others,7,2,20,18,0
Andaman & Nicobar Islands,2005,Against others,0,0,0,0,0
Andhra Pradesh,2005,Against others,1,0,1,0,0
Arunachal Pradesh,2005,Against others,1,1,2,0,0
Assam,2005,Against others,0,0,0,0,0
Bihar,2005,Against others,0,5,8,0,0
Chandigarh,2005,Against others,0,0,0,0,0
Chhattisgarh,2005,Against others,0,4,4,2,0
Dadra & Nagar Haveli,2005,Against others,0,0,0,0,0
Daman & Diu,2005,Against others,0,0,0,0,0
Delhi,2005,Against others,0,1,3,0,0
Goa,2005,Against others,0,0,0,0,0
Gujarat,2005,Against others,0,3,8,1,0
Haryana,2005,Against others,0,0,0,1,0
Himachal Pradesh,2005,Against others,0,0,0,0,0
Jammu & Kashmir,2005,Against others,0,0,0,0,0
Jharkhand,2005,Against others,0,0,0,0,0
Karnataka,2005,Against others,2,3,3,0,0
Kerala,2005,Against others,0,0,0,0,0
Lakshadweep,2005,Against others,0,0,0,0,0
Madhya Pradesh,2005,Against others,1,8,12,2,1
Maharashtra,2005,Against others,2,17,19,3,0
Manipur,2005,Against others,0,0,0,0,0
Meghalaya,2005,Against others,0,1,2,0,0
Mizoram,2005,Against others,0,0,0,0,0
Nagaland,2005,Against others,0,0,0,0,0
Odisha,2005,Against others,0,0,0,0,0
Puducherry,2005,Against others,0,0,0,0,0
Punjab,2005,Against others,0,0,0,0,0
Rajasthan,2005,Against others,1,1,10,5,0
Sikkim,2005,Against others,0,0,0,0,0
Tamil Nadu,2005,Against others,0,1,1,0,0
Tripura,2005,Against others,0,0,0,0,0
Uttar Pradesh,2005,Against others,23,11,81,4,3
Uttarakhand,2005,Against others,2,9,6,1,0
West Bengal,2005,Against others,5,2,11,21,0
Andaman & Nicobar Islands,2006,Against others,0,0,0,0,0
Andhra Pradesh,2006,Against others,10,4,16,1,0
Arunachal Pradesh,2006,Against others,0,0,0,0,0
Assam,2006,Against others,0,0,0,0,0
Bihar,2006,Against others,0,1,7,3,1
Chandigarh,2006,Against others,0,0,0,0,0
Chhattisgarh,2006,Against others,0,0,0,0,0
Dadra & Nagar Haveli,2006,Against others,0,0,0,0,0
Daman & Diu,2006,Against others,0,0,0,0,0
Delhi,2006,Against others,0,0,0,0,0
Goa,2006,Against others,0,0,0,0,0
Gujarat,2006,Against others,10,8,9,24,0
Haryana,2006,Against others,0,0,1,0,0
Himachal Pradesh,2006,Against others,0,0,0,0,0
Jammu & Kashmir,2006,Against others,0,0,0,0,0
Jharkhand,2006,Against others,5,4,6,5,0
Karnataka,2006,Against others,0,1,2,1,0
Kerala,2006,Against others,0,0,0,0,0
Lakshadweep,2006,Against others,0,0,0,0,0
Madhya Pradesh,2006,Against others,1,3,28,0,0
Maharashtra,2006,Against others,2,18,24,3,0
Manipur,2006,Against others,0,0,0,0,0
Meghalaya,2006,Against others,0,1,1,0,0
Mizoram,2006,Against others,0,0,0,0,0
Nagaland,2006,Against others,0,0,0,0,0
Odisha,2006,Against others,0,0,0,0,0
Puducherry,2006,Against others,0,0,0,0,0
Punjab,2006,Against others,1,0,2,4,0
Rajasthan,2006,Against others,0,4,7,5,0
Sikkim,2006,Against others,0,0,0,0,0
Tamil Nadu,2006,Against others,3,7,14,20,0
Tripura,2006,Against others,0,0,0,0,0
Uttar Pradesh,2006,Against others,11,11,12,11,0
Uttarakhand,2006,Against others,0,1,4,0,0
West Bengal,2006,Against others,6,0,7,12,0
Andaman & Nicobar Islands,2007,Against others,0,0,0,0,0
Andhra Pradesh,2007,Against others,1,3,3,0,0
Arunachal Pradesh,2007,Against others,0,0,0,0,0
Assam,2007,Against others,0,0,0,0,0
Bihar,2007,Against others,0,3,3,0,0
Chandigarh,2007,Against others,0,0,0,0,0
Chhattisgarh,2007,Against others,0,1,1,0,0
Dadra & Nagar Haveli,2007,Against others,0,0,0,0,0
Daman & Diu,2007,Against others,0,0,0,0,0
Delhi,2007,Against others,0,0,0,38,0
Goa,2007,Against others,0,0,0,0,0
Gujarat,2007,Against others,2,0,6,10,0
Haryana,2007,Against others,0,0,0,0,0
Himachal Pradesh,2007,Against others,0,0,0,0,0
Jammu & Kashmir,2007,Against others,0,0,0,0,0
Jharkhand,2007,Against others,0,0,0,0,0
Karnataka,2007,Against others,0,0,1,1,0
Kerala,2007,Against others,0,0,0,0,0
Lakshadweep,2007,Against others,0,0,0,0,0
Madhya Pradesh,2007,Against others,0,4,9,2,0
Maharashtra,2007,Against others,3,14,19,3,0
Manipur,2007,Against others,0,0,0,0,0
Meghalaya,2007,Against others,1,0,1,0,0
Mizoram,2007,Against others,0,0,0,0,0
Nagaland,2007,Against others,0,0,0,0,0
Odisha,2007,Against others,0,0,0,0,0
Puducherry,2007,Against others,0,0,0,0,0
Punjab,2007,Against others,0,0,0,0,0
Rajasthan,2007,Against others,0,0,0,0,0
Sikkim,2007,Against others,0,0,0,0,0
Tamil Nadu,2007,Against others,1,4,8,7,0
Tripura,2007,Against others,0,0,0,0,0
Uttar Pradesh,2007,Against others,22,25,176,8,0
Uttarakhand,2007,Against others,0,0,0,0,0
West Bengal,2007,Against others,0,0,2,1,0
Andaman & Nicobar Islands,2008,Against others,0,0,0,0,0
Andhra Pradesh,2008,Against others,4,5,6,0,0
Arunachal Pradesh,2008,Against others,0,0,0,0,0
Assam,2008,Against others,0,1,1,0,0
Bihar,2008,Against others,0,0,0,0,0
Chandigarh,2008,Against others,0,0,0,0,0
Chhattisgarh,2008,Against others,0,0,34,5,4
Dadra & Nagar Haveli,2008,Against others,0,0,0,0,0
Daman & Diu,2008,Against others,0,0,0,0,0
Delhi,2008,Against others,0,0,0,64,0
Goa,2008,Against others,0,0,0,0,0
Gujarat,2008,Against others,0,0,4,1,0
Haryana,2008,Against others,0,0,0,0,0
Himachal Pradesh,2008,Against others,0,0,0,0,0
Jammu & Kashmir,2008,Against others,93,12,60,155,0
Jharkhand,2008,Against others,0,2,1,0,0
Karnataka,2008,Against others,0,3,1,51,22
Kerala,2008,Against others,1,0,3,0,0
Lakshadweep,2008,Against others,0,0,0,0,0
Madhya Pradesh,2008,Against others,0,1,1,0,0
Maharashtra,2008,Against others,2,18,15,4,0
Manipur,2008,Against others,0,0,0,0,0
Meghalaya,2008,Against others,0,0,0,0,0
Mizoram,2008,Against others,0,0,0,0,0
Nagaland,2008,Against others,0,0,0,0,0
Odisha,2008,Against others,0,0,7,7,0
Puducherry,2008,Against others,0,0,0,0,0
Punjab,2008,Against others,0,0,0,0,0
Rajasthan,2008,Against others,0,0,5,27,0
Sikkim,2008,Against others,0,0,0,0,0
Tamil Nadu,2008,Against others,1,8,11,11,0
Tripura,2008,Against others,0,0,0,0,0
Uttar Pradesh,2008,Against others,16,26,397,25,3
Uttarakhand,2008,Against others,0,0,0,0,0
West Bengal,2008,Against others,1,0,4,14,2
Andaman & Nicobar Islands,2009,Against others,0,0,0,0,0
Andhra Pradesh,2009,Against others,0,4,7,0,0
Arunachal Pradesh,2009,Against others,0,0,0,0,0
Assam,2009,Against others,0,0,0,0,0
Bihar,2009,Against others,0,0,0,0,0
Chandigarh,2009,Against others,0,0,0,9,5
Chhattisgarh,2009,Against others,0,1,1,0,0
Dadra & Nagar Haveli,2009,Against others,0,0,0,0,0
Daman & Diu,2009,Against others,0,0,0,0,0
Delhi,2009,Against others,9,0,0,36,0
Goa,2009,Against others,0,0,1,0,0
Gujarat,2009,Against others,0,3,4,1,0
Haryana,2009,Against others,0,0,0,0,0
Himachal Pradesh,2009,Against others,0,0,0,0,0
Jammu & Kashmir,2009,Against others,66,4,58,32,4
Jharkhand,2009,Against others,0,0,1,0,0
Karnataka,2009,Against others,0,0,1,0,0
Kerala,2009,Against others,0,0,0,0,0
Lakshadweep,2009,Against others,0,0,0,0,0
Madhya Pradesh,2009,Against others,8,5,3,41,0
Maharashtra,2009,Against others,3,15,21,33,2
Manipur,2009,Against others,0,0,0,0,0
Meghalaya,2009,Against others,0,0,0,0,0
Mizoram,2009,Against others,0,0,0,0,0
Nagaland,2009,Against others,0,0,0,0,0
Odisha,2009,Against others,0,0,0,0,0
Puducherry,2009,Against others,0,0,0,0,0
Punjab,2009,Against others,0,0,0,0,0
Rajasthan,2009,Against others,8,3,6,11,0
Sikkim,2009,Against others,0,0,0,0,0
Tamil Nadu,2009,Against others,0,1,2,8,0
Tripura,2009,Against others,0,0,0,0,0
Uttar Pradesh,2009,Against others,82,23,524,16,13
Uttarakhand,2009,Against others,0,0,0,0,0
West Bengal,2009,Against others,20,0,6,26,0
Andaman & Nicobar Islands,2010,Against others,0,0,0,0,0
Andhra Pradesh,2010,Against others,3,3,2,0,0
Arunachal Pradesh,2010,Against others,0,0,0,0,0
Assam,2010,Against others,0,0,0,0,0
Bihar,2010,Against others,0,0,0,0,0
Chandigarh,2010,Against others,0,0,0,8,0
Chhattisgarh,2010,Against others,7,1,4,4,0
Dadra & Nagar Haveli,2010,Against others,0,0,0,0,0
Daman & Diu,2010,Against others,0,0,0,0,0
Delhi,2010,Against others,0,0,0,0,0
Goa,2010,Against others,0,0,0,0,0
Gujarat,2010,Against others,0,1,2,2,0
Haryana,2010,Against others,0,0,0,0,0
Himachal Pradesh,2010,Against others,0,0,0,0,0
Jammu & Kashmir,2010,Against others,3,0,1,2,0
Jharkhand,2010,Against others,0,2,21,5,9
Karnataka,2010,Against others,1,0,1,0,0
Kerala,2010,Against others,0,0,3,9,0
Lakshadweep,2010,Against others,0,0,0,0,0
Madhya Pradesh,2010,Against others,1,0,2,6,0
Maharashtra,2010,Against others,1,8,11,3,0
Manipur,2010,Against others,0,0,0,0,0
Meghalaya,2010,Against others,0,0,0,0,0
Mizoram,2010,Against others,0,0,0,0,0
Nagaland,2010,Against others,0,0,0,0,0
Odisha,2010,Against others,0,2,5,8,1
Puducherry,2010,Against others,0,0,0,0,0
Punjab,2010,Against others,1,2,1,0,0
Rajasthan,2010,Against others,13,2,9,3,1
Sikkim,2010,Against others,0,0,0,0,0
Tamil Nadu,2010,Against others,0,8,7,14,2
Tripura,2010,Against others,0,0,0,0,0
Uttar Pradesh,2010,Against others,14,28,362,9,3
Uttarakhand,2010,Against others,0,0,0,0,0
West Bengal,2010,Against others,2,0,2,0,0
Andaman & Nicobar Islands,2001,Anti Dacoity Operations,0,0,0,0,0
Andhra Pradesh,2001,Anti Dacoity Operations,0,9,7,0,0
Arunachal Pradesh,2001,Anti Dacoity Operations,0,0,0,0,0
Assam,2001,Anti Dacoity Operations,2,1,2,0,0
Bihar,2001,Anti Dacoity Operations,2,3,9,1,0
Chandigarh,2001,Anti Dacoity Operations,0,0,0,0,0
Chhattisgarh,2001,Anti Dacoity Operations,4,0,3,0,0
Dadra & Nagar Haveli,2001,Anti Dacoity Operations,0,0,0,0,0
Daman & Diu,2001,Anti Dacoity Operations,0,0,0,0,0
Delhi,2001,Anti Dacoity Operations,0,0,1,8,0
Goa,2001,Anti Dacoity Operations,0,0,0,0,0
Gujarat,2001,Anti Dacoity Operations,0,0,0,0,0
Haryana,2001,Anti Dacoity Operations,1,0,1,0,0
Himachal Pradesh,2001,Anti Dacoity Operations,0,0,0,0,0
Jammu & Kashmir,2001,Anti Dacoity Operations,0,0,0,0,0
Jharkhand,2001,Anti Dacoity Operations,0,0,0,0,0
Karnataka,2001,Anti Dacoity Operations,0,2,2,1,0
Kerala,2001,Anti Dacoity Operations,0,0,0,0,0
Lakshadweep,2001,Anti Dacoity Operations,0,0,0,0,0
Madhya Pradesh,2001,Anti Dacoity Operations,0,16,28,2,1
Maharashtra,2001,Anti Dacoity Operations,0,2,4,2,0
Manipur,2001,Anti Dacoity Operations,0,0,0,0,0
Meghalaya,2001,Anti Dacoity Operations,0,0,0,0,0
Mizoram,2001,Anti Dacoity Operations,0,0,0,0,0
Nagaland,2001,Anti Dacoity Operations,0,0,0,0,0
Odisha,2001,Anti Dacoity Operations,0,0,0,0,0
Puducherry,2001,Anti Dacoity Operations,0,0,0,0,0
Punjab,2001,Anti Dacoity Operations,0,0,0,0,0
Rajasthan,2001,Anti Dacoity Operations,0,10,8,1,0
Sikkim,2001,Anti Dacoity Operations,0,0,0,0,0
Tamil Nadu,2001,Anti Dacoity Operations,0,0,0,0,0
Tripura,2001,Anti Dacoity Operations,0,0,0,0,0
Uttar Pradesh,2001,Anti Dacoity Operations,5,101,93,17,7
Uttarakhand,2001,Anti Dacoity Operations,0,0,0,0,0
West Bengal,2001,Anti Dacoity Operations,7,14,19,15,0
Andaman & Nicobar Islands,2002,Anti Dacoity Operations,0,0,0,0,0
Andhra Pradesh,2002,Anti Dacoity Operations,0,3,4,3,0
Arunachal Pradesh,2002,Anti Dacoity Operations,0,0,0,0,0
Assam,2002,Anti Dacoity Operations,0,1,1,0,0
Bihar,2002,Anti Dacoity Operations,2,3,11,3,0
Chandigarh,2002,Anti Dacoity Operations,0,0,0,0,0
Chhattisgarh,2002,Anti Dacoity Operations,0,0,0,0,0
Dadra & Nagar Haveli,2002,Anti Dacoity Operations,0,0,0,0,0
Daman & Diu,2002,Anti Dacoity Operations,0,0,0,0,0
Delhi,2002,Anti Dacoity Operations,0,0,0,0,0
Goa,2002,Anti Dacoity Operations,0,0,0,0,0
Gujarat,2002,Anti Dacoity Operations,2,0,1,0,0
Haryana,2002,Anti Dacoity Operations,2,1,2,3,0
Himachal Pradesh,2002,Anti Dacoity Operations,0,0,0,0,0
Jammu & Kashmir,2002,Anti Dacoity Operations,1,0,1,0,1
Jharkhand,2002,Anti Dacoity Operations,0,0,2,0,0
Karnataka,2002,Anti Dacoity Operations,1,0,2,0,0
Kerala,2002,Anti Dacoity Operations,0,0,0,0,0
Lakshadweep,2002,Anti Dacoity Operations,0,0,0,0,0
Madhya Pradesh,2002,Anti Dacoity Operations,1,46,40,13,0
Maharashtra,2002,Anti Dacoity Operations,1,2,6,9,0
Manipur,2002,Anti Dacoity Operations,0,0,0,0,0
Meghalaya,2002,Anti Dacoity Operations,0,0,0,0,0
Mizoram,2002,Anti Dacoity Operations,0,0,0,0,0
Nagaland,2002,Anti Dacoity Operations,0,0,0,0,0
Odisha,2002,Anti Dacoity Operations,0,0,0,0,0
Puducherry,2002,Anti Dacoity Operations,0,0,0,0,0
Punjab,2002,Anti Dacoity Operations,0,0,0,0,0
Rajasthan,2002,Anti Dacoity Operations,2,2,5,0,0
Sikkim,2002,Anti Dacoity Operations,0,0,0,0,0
Tamil Nadu,2002,Anti Dacoity Operations,0,0,0,0,0
Tripura,2002,Anti Dacoity Operations,19,0,0,0,0
Uttar Pradesh,2002,Anti Dacoity Operations,4,26,30,9,5
Uttarakhand,2002,Anti Dacoity Operations,0,2,2,0,0
West Bengal,2002,Anti Dacoity Operations,8,5,12,19,0
Andaman & Nicobar Islands,2003,Anti Dacoity Operations,0,0,0,0,0
Andhra Pradesh,2003,Anti Dacoity Operations,4,6,3,0,0
Arunachal Pradesh,2003,Anti Dacoity Operations,0,0,0,0,0
Assam,2003,Anti Dacoity Operations,0,1,1,0,0
Bihar,2003,Anti Dacoity Operations,0,3,7,2,0
Chandigarh,2003,Anti Dacoity Operations,0,0,0,0,0
Chhattisgarh,2003,Anti Dacoity Operations,0,0,0,0,0
Dadra & Nagar Haveli,2003,Anti Dacoity Operations,0,0,0,0,0
Daman & Diu,2003,Anti Dacoity Operations,0,0,0,0,0
Delhi,2003,Anti Dacoity Operations,0,0,0,0,0
Goa,2003,Anti Dacoity Operations,0,0,0,0,0
Gujarat,2003,Anti Dacoity Operations,0,2,1,0,0
Haryana,2003,Anti Dacoity Operations,0,0,0,0,0
Himachal Pradesh,2003,Anti Dacoity Operations,0,0,0,0,0
Jammu & Kashmir,2003,Anti Dacoity Operations,0,0,0,0,0
Jharkhand,2003,Anti Dacoity Operations,2,2,3,0,2
Karnataka,2003,Anti Dacoity Operations,0,0,0,0,0
Kerala,2003,Anti Dacoity Operations,0,0,0,0,0
Lakshadweep,2003,Anti Dacoity Operations,0,0,0,0,0
Madhya Pradesh,2003,Anti Dacoity Operations,0,14,15,1,2
Maharashtra,2003,Anti Dacoity Operations,0,0,5,2,0
Manipur,2003,Anti Dacoity Operations,0,0,0,0,0
Meghalaya,2003,Anti Dacoity Operations,0,0,0,0,0
Mizoram,2003,Anti Dacoity Operations,0,0,0,0,0
Nagaland,2003,Anti Dacoity Operations,0,0,0,0,0
Odisha,2003,Anti Dacoity Operations,0,0,1,0,0
Puducherry,2003,Anti Dacoity Operations,0,0,0,0,0
Punjab,2003,Anti Dacoity Operations,0,0,0,0,0
Rajasthan,2003,Anti Dacoity Operations,0,1,6,3,1
Sikkim,2003,Anti Dacoity Operations,0,0,0,0,0
Tamil Nadu,2003,Anti Dacoity Operations,0,0,0,0,0
Tripura,2003,Anti Dacoity Operations,0,0,0,0,0
Uttar Pradesh,2003,Anti Dacoity Operations,2,2,10,21,8
Uttarakhand,2003,Anti Dacoity Operations,1,9,6,1,0
West Bengal,2003,Anti Dacoity Operations,6,11,9,6,0
Andaman & Nicobar Islands,2004,Anti Dacoity Operations,0,0,0,0,0
Andhra Pradesh,2004,Anti Dacoity Operations,0,1,2,4,0
Arunachal Pradesh,2004,Anti Dacoity Operations,0,0,0,0,0
Assam,2004,Anti Dacoity Operations,0,0,0,0,0
Bihar,2004,Anti Dacoity Operations,0,6,3,4,0
Chandigarh,2004,Anti Dacoity Operations,0,0,0,0,0
Chhattisgarh,2004,Anti Dacoity Operations,0,0,0,0,0
Dadra & Nagar Haveli,2004,Anti Dacoity Operations,0,0,0,0,0
Daman & Diu,2004,Anti Dacoity Operations,0,0,0,0,0
Delhi,2004,Anti Dacoity Operations,0,0,0,0,0
Goa,2004,Anti Dacoity Operations,0,0,0,0,0
Gujarat,2004,Anti Dacoity Operations,0,1,3,0,1
Haryana,2004,Anti Dacoity Operations,0,0,0,0,0
Himachal Pradesh,2004,Anti Dacoity Operations,0,0,0,0,0
Jammu & Kashmir,2004,Anti Dacoity Operations,0,0,0,0,0
Jharkhand,2004,Anti Dacoity Operations,0,0,0,0,0
Karnataka,2004,Anti Dacoity Operations,0,0,0,0,0
Kerala,2004,Anti Dacoity Operations,0,0,0,0,0
Lakshadweep,2004,Anti Dacoity Operations,0,0,0,0,0
Madhya Pradesh,2004,Anti Dacoity Operations,0,13,20,4,2
Maharashtra,2004,Anti Dacoity Operations,8,3,6,6,0
Manipur,2004,Anti Dacoity Operations,0,0,0,0,0
Meghalaya,2004,Anti Dacoity Operations,0,1,1,0,0
Mizoram,2004,Anti Dacoity Operations,0,0,0,0,0
Nagaland,2004,Anti Dacoity Operations,0,0,0,0,0
Odisha,2004,Anti Dacoity Operations,0,0,0,0,0
Puducherry,2004,Anti Dacoity Operations,0,0,0,0,0
Punjab,2004,Anti Dacoity Operations,0,0,0,0,0
Rajasthan,2004,Anti Dacoity Operations,0,0,6,1,0
Sikkim,2004,Anti Dacoity Operations,0,0,0,0,0
Tamil Nadu,2004,Anti Dacoity Operations,0,0,0,0,0
Tripura,2004,Anti Dacoity Operations,0,1,2,0,1
Uttar Pradesh,2004,Anti Dacoity Operations,0,206,162,10,8
Uttarakhand,2004,Anti Dacoity Operations,0,5,4,0,0
West Bengal,2004,Anti Dacoity Operations,5,2,8,14,0
Andaman & Nicobar Islands,2005,Anti Dacoity Operations,0,0,0,0,0
Andhra Pradesh,2005,Anti Dacoity Operations,0,0,2,0,0
Arunachal Pradesh,2005,Anti Dacoity Operations,0,0,0,0,0
Assam,2005,Anti Dacoity Operations,0,0,0,0,0
Bihar,2005,Anti Dacoity Operations,1,11,5,0,0
Chandigarh,2005,Anti Dacoity Operations,0,0,0,0,0
Chhattisgarh,2005,Anti Dacoity Operations,0,0,0,0,0
Dadra & Nagar Haveli,2005,Anti Dacoity Operations,0,0,0,0,0
Daman & Diu,2005,Anti Dacoity Operations,0,0,0,0,0
Delhi,2005,Anti Dacoity Operations,0,0,2,0,0
Goa,2005,Anti Dacoity Operations,0,0,0,0,0
Gujarat,2005,Anti Dacoity Operations,0,1,1,0,0
Haryana,2005,Anti Dacoity Operations,1,6,4,1,0
Himachal Pradesh,2005,Anti Dacoity Operations,0,0,0,0,0
Jammu & Kashmir,2005,Anti Dacoity Operations,0,0,0,0,0
Jharkhand,2005,Anti Dacoity Operations,0,0,0,0,0
Karnataka,2005,Anti Dacoity Operations,0,0,0,0,0
Kerala,2005,Anti Dacoity Operations,0,0,0,0,0
Lakshadweep,2005,Anti Dacoity Operations,0,0,0,0,0
Madhya Pradesh,2005,Anti Dacoity Operations,0,16,21,1,0
Maharashtra,2005,Anti Dacoity Operations,3,2,5,1,0
Manipur,2005,Anti Dacoity Operations,0,0,0,0,0
Meghalaya,2005,Anti Dacoity Operations,1,8,8,0,0
Mizoram,2005,Anti Dacoity Operations,0,0,0,0,0
Nagaland,2005,Anti Dacoity Operations,0,0,0,0,0
Odisha,2005,Anti Dacoity Operations,0,0,0,0,0
Puducherry,2005,Anti Dacoity Operations,0,0,0,0,0
Punjab,2005,Anti Dacoity Operations,0,0,0,0,0
Rajasthan,2005,Anti Dacoity Operations,0,0,11,0,0
Sikkim,2005,Anti Dacoity Operations,0,0,0,0,0
Tamil Nadu,2005,Anti Dacoity Operations,0,2,5,7,0
Tripura,2005,Anti Dacoity Operations,0,0,0,0,0
Uttar Pradesh,2005,Anti Dacoity Operations,98,29,168,3,1
Uttarakhand,2005,Anti Dacoity Operations,0,0,0,0,0
West Bengal,2005,Anti Dacoity Operations,1,3,8,14,0
Andaman & Nicobar Islands,2006,Anti Dacoity Operations,0,0,0,0,0
Andhra Pradesh,2006,Anti Dacoity Operations,0,0,0,0,0
Arunachal Pradesh,2006,Anti Dacoity Operations,0,0,0,0,0
Assam,2006,Anti Dacoity Operations,2,0,1,0,6
Bihar,2006,Anti Dacoity Operations,0,2,1,0,0
Chandigarh,2006,Anti Dacoity Operations,0,0,0,0,0
Chhattisgarh,2006,Anti Dacoity Operations,0,0,0,0,0
Dadra & Nagar Haveli,2006,Anti Dacoity Operations,0,0,0,0,0
Daman & Diu,2006,Anti Dacoity Operations,0,0,0,0,0
Delhi,2006,Anti Dacoity Operations,0,0,0,0,0
Goa,2006,Anti Dacoity Operations,0,0,0,0,0
Gujarat,2006,Anti Dacoity Operations,0,0,1,1,0
Haryana,2006,Anti Dacoity Operations,0,0,0,0,0
Himachal Pradesh,2006,Anti Dacoity Operations,0,0,0,0,0
Jammu & Kashmir,2006,Anti Dacoity Operations,0,0,0,0,0
Jharkhand,2006,Anti Dacoity Operations,0,3,3,2,0
Karnataka,2006,Anti Dacoity Operations,0,0,9,0,0
Kerala,2006,Anti Dacoity Operations,0,0,0,0,0
Lakshadweep,2006,Anti Dacoity Operations,0,0,0,0,0
Madhya Pradesh,2006,Anti Dacoity Operations,0,6,29,0,0
Maharashtra,2006,Anti Dacoity Operations,2,3,5,0,0
Manipur,2006,Anti Dacoity Operations,0,0,0,0,0
Meghalaya,2006,Anti Dacoity Operations,0,0,0,0,0
Mizoram,2006,Anti Dacoity Operations,2,2,4,0,0
Nagaland,2006,Anti Dacoity Operations,0,0,0,0,0
Odisha,2006,Anti Dacoity Operations,1,0,1,0,0
Puducherry,2006,Anti Dacoity Operations,0,0,0,0,0
Punjab,2006,Anti Dacoity Operations,0,0,0,0,0
Rajasthan,2006,Anti Dacoity Operations,3,5,12,14,0
Sikkim,2006,Anti Dacoity Operations,0,0,0,0,0
Tamil Nadu,2006,Anti Dacoity Operations,0,0,0,0,0
Tripura,2006,Anti Dacoity Operations,0,0,0,0,0
Uttar Pradesh,2006,Anti Dacoity Operations,129,92,509,33,2
Uttarakhand,2006,Anti Dacoity Operations,0,7,6,2,0
West Bengal,2006,Anti Dacoity Operations,6,2,3,8,0
Andaman & Nicobar Islands,2007,Anti Dacoity Operations,0,0,0,0,0
Andhra Pradesh,2007,Anti Dacoity Operations,0,0,1,0,1
Arunachal Pradesh,2007,Anti Dacoity Operations,0,0,0,0,0
Assam,2007,Anti Dacoity Operations,0,0,0,0,0
Bihar,2007,Anti Dacoity Operations,0,0,0,0,0
Chandigarh,2007,Anti Dacoity Operations,0,0,0,0,0
Chhattisgarh,2007,Anti Dacoity Operations,0,0,0,0,0
Dadra & Nagar Haveli,2007,Anti Dacoity Operations,0,0,0,0,0
Daman & Diu,2007,Anti Dacoity Operations,0,0,0,0,0
Delhi,2007,Anti Dacoity Operations,0,0,0,0,0
Goa,2007,Anti Dacoity Operations,0,0,0,0,0
Gujarat,2007,Anti Dacoity Operations,0,1,1,0,0
Haryana,2007,Anti Dacoity Operations,0,0,0,0,0
Himachal Pradesh,2007,Anti Dacoity Operations,0,0,0,0,0
Jammu & Kashmir,2007,Anti Dacoity Operations,0,0,0,0,0
Jharkhand,2007,Anti Dacoity Operations,0,0,0,0,0
Karnataka,2007,Anti Dacoity Operations,0,0,0,0,0
Kerala,2007,Anti Dacoity Operations,0,0,0,0,0
Lakshadweep,2007,Anti Dacoity Operations,0,0,0,0,0
Madhya Pradesh,2007,Anti Dacoity Operations,0,4,27,0,0
Maharashtra,2007,Anti Dacoity Operations,0,6,10,2,0
Manipur,2007,Anti Dacoity Operations,0,0,0,0,0
Meghalaya,2007,Anti Dacoity Operations,0,0,0,0,0
Mizoram,2007,Anti Dacoity Operations,0,0,0,0,0
Nagaland,2007,Anti Dacoity Operations,0,0,0,0,0
Odisha,2007,Anti Dacoity Operations,0,0,0,0,0
Puducherry,2007,Anti Dacoity Operations,0,0,0,0,0
Punjab,2007,Anti Dacoity Operations,0,0,0,0,0
Rajasthan,2007,Anti Dacoity Operations,0,2,10,0,0
Sikkim,2007,Anti Dacoity Operations,0,0,0,0,0
Tamil Nadu,2007,Anti Dacoity Operations,0,0,0,0,0
Tripura,2007,Anti Dacoity Operations,0,0,0,0,0
Uttar Pradesh,2007,Anti Dacoity Operations,140,77,284,5,11
Uttarakhand,2007,Anti Dacoity Operations,0,0,0,0,0
West Bengal,2007,Anti Dacoity Operations,0,0,1,0,0
Andaman & Nicobar Islands,2008,Anti Dacoity Operations,0,0,0,0,0
Andhra Pradesh,2008,Anti Dacoity Operations,0,0,0,0,0
Arunachal Pradesh,2008,Anti Dacoity Operations,0,0,0,0,0
Assam,2008,Anti Dacoity Operations,1,1,2,1,0
Bihar,2008,Anti Dacoity Operations,0,0,0,3,0
Chandigarh,2008,Anti Dacoity Operations,0,0,0,0,0
Chhattisgarh,2008,Anti Dacoity Operations,0,0,0,0,0
Dadra & Nagar Haveli,2008,Anti Dacoity Operations,0,0,0,0,0
Daman & Diu,2008,Anti Dacoity Operations,0,0,0,0,0
Delhi,2008,Anti Dacoity Operations,0,0,0,1,0
Goa,2008,Anti Dacoity Operations,0,0,0,0,0
Gujarat,2008,Anti Dacoity Operations,0,0,0,0,0
Haryana,2008,Anti Dacoity Operations,0,1,1,0,1
Himachal Pradesh,2008,Anti Dacoity Operations,0,0,0,0,0
Jammu & Kashmir,2008,Anti Dacoity Operations,0,0,2,4,0
Jharkhand,2008,Anti Dacoity Operations,0,0,0,0,0
Karnataka,2008,Anti Dacoity Operations,0,1,1,1,1
Kerala,2008,Anti Dacoity Operations,0,0,0,0,0
Lakshadweep,2008,Anti Dacoity Operations,0,0,0,0,0
Madhya Pradesh,2008,Anti Dacoity Operations,0,1,2,0,0
Maharashtra,2008,Anti Dacoity Operations,0,1,10,2,0
Manipur,2008,Anti Dacoity Operations,0,0,0,0,0
Meghalaya,2008,Anti Dacoity Operations,0,1,1,0,0
Mizoram,2008,Anti Dacoity Operations,0,0,0,0,0
Nagaland,2008,Anti Dacoity Operations,0,0,0,0,0
Odisha,2008,Anti Dacoity Operations,4,0,1,0,0
Puducherry,2008,Anti Dacoity Operations,0,0,0,0,0
Punjab,2008,Anti Dacoity Operations,22,0,1,2,0
Rajasthan,2008,Anti Dacoity Operations,1,5,24,1,2
Sikkim,2008,Anti Dacoity Operations,0,0,0,0,0
Tamil Nadu,2008,Anti Dacoity Operations,0,0,0,0,0
Tripura,2008,Anti Dacoity Operations,0,0,0,0,0
Uttar Pradesh,2008,Anti Dacoity Operations,81,72,199,13,1
Uttarakhand,2008,Anti Dacoity Operations,0,0,0,0,0
West Bengal,2008,Anti Dacoity Operations,0,2,3,3,0
Andaman & Nicobar Islands,2009,Anti Dacoity Operations,0,0,0,0,0
Andhra Pradesh,2009,Anti Dacoity Operations,1,0,2,0,0
Arunachal Pradesh,2009,Anti Dacoity Operations,0,0,0,0,0
Assam,2009,Anti Dacoity Operations,0,1,1,0,0
Bihar,2009,Anti Dacoity Operations,0,2,2,0,0
Chandigarh,2009,Anti Dacoity Operations,0,0,0,0,0
Chhattisgarh,2009,Anti Dacoity Operations,0,0,0,0,0
Dadra & Nagar Haveli,2009,Anti Dacoity Operations,0,0,0,0,0
Daman & Diu,2009,Anti Dacoity Operations,0,0,0,0,0
Delhi,2009,Anti Dacoity Operations,0,0,0,5,0
Goa,2009,Anti Dacoity Operations,0,0,0,0,0
Gujarat,2009,Anti Dacoity Operations,0,0,2,1,0
Haryana,2009,Anti Dacoity Operations,0,2,1,0,0
Himachal Pradesh,2009,Anti Dacoity Operations,0,0,0,0,0
Jammu & Kashmir,2009,Anti Dacoity Operations,0,0,0,0,0
Jharkhand,2009,Anti Dacoity Operations,0,0,0,0,0
Karnataka,2009,Anti Dacoity Operations,1,0,1,0,0
Kerala,2009,Anti Dacoity Operations,0,0,0,0,0
Lakshadweep,2009,Anti Dacoity Operations,0,0,0,0,0
Madhya Pradesh,2009,Anti Dacoity Operations,0,16,22,7,0
Maharashtra,2009,Anti Dacoity Operations,1,0,2,2,0
Manipur,2009,Anti Dacoity Operations,0,0,0,0,0
Meghalaya,2009,Anti Dacoity Operations,0,0,0,0,0
Mizoram,2009,Anti Dacoity Operations,0,0,0,0,0
Nagaland,2009,Anti Dacoity Operations,0,0,0,0,0
Odisha,2009,Anti Dacoity Operations,0,0,5,10,0
Puducherry,2009,Anti Dacoity Operations,0,0,0,0,0
Punjab,2009,Anti Dacoity Operations,0,0,0,0,0
Rajasthan,2009,Anti Dacoity Operations,0,0,11,0,0
Sikkim,2009,Anti Dacoity Operations,0,0,0,0,0
Tamil Nadu,2009,Anti Dacoity Operations,2,0,1,0,0
Tripura,2009,Anti Dacoity Operations,0,0,0,0,0
Uttar Pradesh,2009,Anti Dacoity Operations,32,33,104,2,6
Uttarakhand,2009,Anti Dacoity Operations,0,0,0,0,0
West Bengal,2009,Anti Dacoity Operations,0,3,2,0,0
Andaman & Nicobar Islands,2010,Anti Dacoity Operations,0,0,0,0,0
Andhra Pradesh,2010,Anti Dacoity Operations,0,1,1,0,0
Arunachal Pradesh,2010,Anti Dacoity Operations,0,0,0,0,0
Assam,2010,Anti Dacoity Operations,0,0,0,0,0
Bihar,2010,Anti Dacoity Operations,0,0,0,0,0
Chandigarh,2010,Anti Dacoity Operations,0,0,0,0,0
Chhattisgarh,2010,Anti Dacoity Operations,0,0,0,0,0
Dadra & Nagar Haveli,2010,Anti Dacoity Operations,0,0,0,0,0
Daman & Diu,2010,Anti Dacoity Operations,0,0,0,0,0
Delhi,2010,Anti Dacoity Operations,0,0,0,0,0
Goa,2010,Anti Dacoity Operations,0,0,0,0,0
Gujarat,2010,Anti Dacoity Operations,0,0,1,0,0
Haryana,2010,Anti Dacoity Operations,0,0,0,0,0
Himachal Pradesh,2010,Anti Dacoity Operations,0,0,0,0,0
Jammu & Kashmir,2010,Anti Dacoity Operations,0,0,0,0,0
Jharkhand,2010,Anti Dacoity Operations,0,0,0,0,0
Karnataka,2010,Anti Dacoity Operations,0,0,0,0,0
Kerala,2010,Anti Dacoity Operations,0,0,0,0,0
Lakshadweep,2010,Anti Dacoity Operations,0,0,0,0,0
Madhya Pradesh,2010,Anti Dacoity Operations,0,5,3,0,1
Maharashtra,2010,Anti Dacoity Operations,1,1,3,3,0
Manipur,2010,Anti Dacoity Operations,0,0,0,0,0
Meghalaya,2010,Anti Dacoity Operations,0,0,0,0,0
Mizoram,2010,Anti Dacoity Operations,0,0,0,0,0
Nagaland,2010,Anti Dacoity Operations,0,0,0,0,0
Odisha,2010,Anti Dacoity Operations,0,1,1,1,0
Puducherry,2010,Anti Dacoity Operations,0,0,0,0,0
Punjab,2010,Anti Dacoity Operations,0,0,0,0,0
Rajasthan,2010,Anti Dacoity Operations,0,3,8,1,0
Sikkim,2010,Anti Dacoity Operations,0,0,0,0,0
Tamil Nadu,2010,Anti Dacoity Operations,0,0,0,0,0
Tripura,2010,Anti Dacoity Operations,0,0,0,0,0
Uttar Pradesh,2010,Anti Dacoity Operations,2,25,76,10,0
Uttarakhand,2010,Anti Dacoity Operations,0,0,0,0,0
West Bengal,2010,Anti Dacoity Operations,3,1,1,0,0
Andaman & Nicobar Islands,2001,Riot Control,0,0,0,0,0
Andhra Pradesh,2001,Riot Control,18,2,27,97,3
Arunachal Pradesh,2001,Riot Control,0,0,2,3,0
Assam,2001,Riot Control,5,1,2,13,0
Bihar,2001,Riot Control,19,11,6,14,1
Chandigarh,2001,Riot Control,0,0,0,0,0
Chhattisgarh,2001,Riot Control,40,0,2,29,0
Dadra & Nagar Haveli,2001,Riot Control,0,0,0,0,0
Daman & Diu,2001,Riot Control,0,0,0,0,0
Delhi,2001,Riot Control,4,0,5,104,0
Goa,2001,Riot Control,0,0,0,0,0
Gujarat,2001,Riot Control,9,1,13,1,0
Haryana,2001,Riot Control,23,0,1,21,0
Himachal Pradesh,2001,Riot Control,0,0,0,0,0
Jammu & Kashmir,2001,Riot Control,11,3,22,103,0
Jharkhand,2001,Riot Control,0,0,0,0,0
Karnataka,2001,Riot Control,60,1,25,57,0
Kerala,2001,Riot Control,0,1,12,11,0
Lakshadweep,2001,Riot Control,0,0,0,0,0
Madhya Pradesh,2001,Riot Control,2,5,7,15,0
Maharashtra,2001,Riot Control,59,14,37,50,0
Manipur,2001,Riot Control,57,15,34,0,0
Meghalaya,2001,Riot Control,0,0,0,0,0
Mizoram,2001,Riot Control,0,0,0,0,0
Nagaland,2001,Riot Control,0,0,0,0,0
Odisha,2001,Riot Control,3,0,2,14,0
Puducherry,2001,Riot Control,0,0,5,5,0
Punjab,2001,Riot Control,0,0,0,0,0
Rajasthan,2001,Riot Control,47,0,12,172,0
Sikkim,2001,Riot Control,0,0,0,0,0
Tamil Nadu,2001,Riot Control,5,10,18,42,0
Tripura,2001,Riot Control,0,0,0,0,0
Uttar Pradesh,2001,Riot Control,15,6,22,69,0
Uttarakhand,2001,Riot Control,5,1,1,5,0
West Bengal,2001,Riot Control,16,3,47,175,0
Andaman & Nicobar Islands,2002,Riot Control,0,0,0,0,0
Andhra Pradesh,2002,Riot Control,8,0,13,30,0
Arunachal Pradesh,2002,Riot Control,5,0,2,2,0
Assam,2002,Riot Control,26,3,19,6,0
Bihar,2002,Riot Control,1,5,16,5,0
Chandigarh,2002,Riot Control,0,0,0,0,0
Chhattisgarh,2002,Riot Control,2,0,1,15,0
Dadra & Nagar Haveli,2002,Riot Control,0,0,0,0,0
Daman & Diu,2002,Riot Control,0,0,0,0,0
Delhi,2002,Riot Control,11,0,2,23,0
Goa,2002,Riot Control,0,0,0,0,0
Gujarat,2002,Riot Control,330,206,1192,180,0
Haryana,2002,Riot Control,20,4,4,40,0
Himachal Pradesh,2002,Riot Control,0,0,0,0,0
Jammu & Kashmir,2002,Riot Control,16,0,9,38,0
Jharkhand,2002,Riot Control,2,0,1,3,0
Karnataka,2002,Riot Control,16,6,9,217,0
Kerala,2002,Riot Control,37,0,2,126,0
Lakshadweep,2002,Riot Control,0,0,0,0,0
Madhya Pradesh,2002,Riot Control,15,0,3,14,0
Maharashtra,2002,Riot Control,36,14,42,112,0
Manipur,2002,Riot Control,0,0,0,0,0
Meghalaya,2002,Riot Control,0,0,0,0,0
Mizoram,2002,Riot Control,0,0,0,0,0
Nagaland,2002,Riot Control,0,0,0,0,0
Odisha,2002,Riot Control,10,0,2,11,0
Puducherry,2002,Riot Control,0,0,2,0,0
Punjab,2002,Riot Control,0,0,0,0,0
Rajasthan,2002,Riot Control,33,5,7,176,0
Sikkim,2002,Riot Control,0,0,0,0,0
Tamil Nadu,2002,Riot Control,0,0,3,5,0
Tripura,2002,Riot Control,20,2,1,0,0
Uttar Pradesh,2002,Riot Control,4,0,3,31,6
Uttarakhand,2002,Riot Control,0,0,0,0,0
West Bengal,2002,Riot Control,30,7,24,103,0
Andaman & Nicobar Islands,2003,Riot Control,0,0,0,0,0
Andhra Pradesh,2003,Riot Control,61,4,104,37,0
Arunachal Pradesh,2003,Riot Control,0,0,0,0,0
Assam,2003,Riot Control,10,2,5,3,0
Bihar,2003,Riot Control,4,0,6,0,0
Chandigarh,2003,Riot Control,0,0,1,0,0
Chhattisgarh,2003,Riot Control,0,0,0,0,0
Dadra & Nagar Haveli,2003,Riot Control,0,0,0,0,0
Daman & Diu,2003,Riot Control,5,1,1,9,0
Delhi,2003,Riot Control,0,0,3,5,0
Goa,2003,Riot Control,0,0,0,0,0
Gujarat,2003,Riot Control,11,7,36,33,1
Haryana,2003,Riot Control,0,3,15,12,0
Himachal Pradesh,2003,Riot Control,0,0,0,0,0
Jammu & Kashmir,2003,Riot Control,0,0,4,0,0
Jharkhand,2003,Riot Control,0,0,0,0,0
Karnataka,2003,Riot Control,0,1,8,108,0
Kerala,2003,Riot Control,161,1,9,270,1
Lakshadweep,2003,Riot Control,0,0,0,0,0
Madhya Pradesh,2003,Riot Control,40,2,2,41,0
Maharashtra,2003,Riot Control,34,0,17,72,0
Manipur,2003,Riot Control,0,0,0,0,0
Meghalaya,2003,Riot Control,0,0,0,0,0
Mizoram,2003,Riot Control,0,0,0,0,0
Nagaland,2003,Riot Control,0,0,0,0,0
Odisha,2003,Riot Control,10,2,2,24,0
Puducherry,2003,Riot Control,0,0,1,0,0
Punjab,2003,Riot Control,0,0,0,0,0
Rajasthan,2003,Riot Control,17,1,4,21,0
Sikkim,2003,Riot Control,0,0,0,0,0
Tamil Nadu,2003,Riot Control,0,0,1,1,0
Tripura,2003,Riot Control,3,2,4,0,0
Uttar Pradesh,2003,Riot Control,0,0,2,39,4
Uttarakhand,2003,Riot Control,0,0,0,0,0
West Bengal,2003,Riot Control,19,11,23,104,0
Andaman & Nicobar Islands,2004,Riot Control,0,0,0,0,0
Andhra Pradesh,2004,Riot Control,1,3,18,31,0
Arunachal Pradesh,2004,Riot Control,0,0,0,0,0
Assam,2004,Riot Control,3,5,2,2,0
Bihar,2004,Riot Control,0,1,1,0,0
Chandigarh,2004,Riot Control,0,0,0,0,0
Chhattisgarh,2004,Riot Control,0,0,31,31,0
Dadra & Nagar Haveli,2004,Riot Control,0,0,0,0,0
Daman & Diu,2004,Riot Control,0,0,0,0,0
Delhi,2004,Riot Control,2,0,1,1,0
Goa,2004,Riot Control,0,0,0,0,0
Gujarat,2004,Riot Control,2,3,14,29,0
Haryana,2004,Riot Control,0,0,0,0,0
Himachal Pradesh,2004,Riot Control,0,0,0,0,0
Jammu & Kashmir,2004,Riot Control,1,1,8,16,0
Jharkhand,2004,Riot Control,0,0,0,0,0
Karnataka,2004,Riot Control,2,0,3,7,0
Kerala,2004,Riot Control,12,0,2,5,0
Lakshadweep,2004,Riot Control,0,0,0,0,0
Madhya Pradesh,2004,Riot Control,0,0,1,0,0
Maharashtra,2004,Riot Control,6,0,8,27,0
Manipur,2004,Riot Control,1,3,4,1,0
Meghalaya,2004,Riot Control,0,0,0,0,0
Mizoram,2004,Riot Control,0,0,0,0,0
Nagaland,2004,Riot Control,0,0,0,0,0
Odisha,2004,Riot Control,3,0,3,0,0
Puducherry,2004,Riot Control,1,0,3,0,0
Punjab,2004,Riot Control,22,1,1,12,0
Rajasthan,2004,Riot Control,47,5,6,63,0
Sikkim,2004,Riot Control,0,0,0,0,0
Tamil Nadu,2004,Riot Control,0,0,4,12,0
Tripura,2004,Riot Control,0,1,1,1,1
Uttar Pradesh,2004,Riot Control,3,3,6,64,0
Uttarakhand,2004,Riot Control,1,0,1,9,0
West Bengal,2004,Riot Control,21,0,22,61,0
Andaman & Nicobar Islands,2005,Riot Control,0,0,0,0,0
Andhra Pradesh,2005,Riot Control,0,1,5,1,0
Arunachal Pradesh,2005,Riot Control,1,0,1,15,0
Assam,2005,Riot Control,1,0,4,3,0
Bihar,2005,Riot Control,2,3,1,0,0
Chandigarh,2005,Riot Control,0,0,0,0,0
Chhattisgarh,2005,Riot Control,0,0,0,0,0
Dadra & Nagar Haveli,2005,Riot Control,0,0,0,0,0
Daman & Diu,2005,Riot Control,0,0,0,0,0
Delhi,2005,Riot Control,0,0,0,0,0
Goa,2005,Riot Control,0,0,1,0,0
Gujarat,2005,Riot Control,9,1,10,13,0
Haryana,2005,Riot Control,1,1,1,2,0
Himachal Pradesh,2005,Riot Control,0,0,0,0,0
Jammu & Kashmir,2005,Riot Control,0,12,12,36,0
Jharkhand,2005,Riot Control,0,0,0,0,0
Karnataka,2005,Riot Control,8,0,5,16,0
Kerala,2005,Riot Control,15,0,2,13,0
Lakshadweep,2005,Riot Control,0,0,0,0,0
Madhya Pradesh,2005,Riot Control,0,2,3,2,0
Maharashtra,2005,Riot Control,0,0,4,5,0
Manipur,2005,Riot Control,32,3,1,7,0
Meghalaya,2005,Riot Control,74,9,10,65,1
Mizoram,2005,Riot Control,0,0,0,0,0
Nagaland,2005,Riot Control,0,0,0,0,0
Odisha,2005,Riot Control,11,1,2,3,0
Puducherry,2005,Riot Control,0,0,1,0,0
Punjab,2005,Riot Control,0,0,0,0,0
Rajasthan,2005,Riot Control,27,7,5,40,0
Sikkim,2005,Riot Control,0,0,0,0,0
Tamil Nadu,2005,Riot Control,1,0,3,5,0
Tripura,2005,Riot Control,1,1,1,0,0
Uttar Pradesh,2005,Riot Control,0,0,1,7,0
Uttarakhand,2005,Riot Control,0,0,0,0,0
West Bengal,2005,Riot Control,15,3,19,101,3
Andaman & Nicobar Islands,2006,Riot Control,0,0,0,0,0
Andhra Pradesh,2006,Riot Control,20,1,20,44,0
Arunachal Pradesh,2006,Riot Control,0,0,0,0,0
Assam,2006,Riot Control,0,0,10,10,2
Bihar,2006,Riot Control,2,0,1,2,1
Chandigarh,2006,Riot Control,0,0,0,0,0
Chhattisgarh,2006,Riot Control,0,0,0,0,0
Dadra & Nagar Haveli,2006,Riot Control,0,0,0,0,0
Daman & Diu,2006,Riot Control,0,0,0,0,0
Delhi,2006,Riot Control,26,5,3,88,0
Goa,2006,Riot Control,0,0,2,0,0
Gujarat,2006,Riot Control,17,4,43,0,0
Haryana,2006,Riot Control,0,0,2,0,0
Himachal Pradesh,2006,Riot Control,1,0,1,22,0
Jammu & Kashmir,2006,Riot Control,9,0,14,25,0
Jharkhand,2006,Riot Control,2,2,2,1,0
Karnataka,2006,Riot Control,107,6,8,81,1
Kerala,2006,Riot Control,0,0,2,16,0
Lakshadweep,2006,Riot Control,0,0,0,0,0
Madhya Pradesh,2006,Riot Control,0,0,1,0,0
Maharashtra,2006,Riot Control,25,8,28,168,2
Manipur,2006,Riot Control,0,0,0,0,0
Meghalaya,2006,Riot Control,0,0,0,0,0
Mizoram,2006,Riot Control,0,0,0,0,0
Nagaland,2006,Riot Control,0,0,0,0,0
Odisha,2006,Riot Control,13,13,10,11,1
Puducherry,2006,Riot Control,0,0,1,0,0
Punjab,2006,Riot Control,0,0,1,5,0
Rajasthan,2006,Riot Control,0,0,4,29,0
Sikkim,2006,Riot Control,0,0,0,0,0
Tamil Nadu,2006,Riot Control,0,0,3,9,0
Tripura,2006,Riot Control,0,0,0,0,0
Uttar Pradesh,2006,Riot Control,0,0,2,3,0
Uttarakhand,2006,Riot Control,0,0,0,0,0
West Bengal,2006,Riot Control,0,2,10,52,0
Andaman & Nicobar Islands,2007,Riot Control,0,0,0,0,0
Andhra Pradesh,2007,Riot Control,5,10,7,69,0
Arunachal Pradesh,2007,Riot Control,0,0,0,0,0
Assam,2007,Riot Control,0,0,0,0,0
Bihar,2007,Riot Control,0,0,0,0,0
Chandigarh,2007,Riot Control,0,0,0,0,0
Chhattisgarh,2007,Riot Control,0,0,0,0,0
Dadra & Nagar Haveli,2007,Riot Control,0,0,0,0,0
Daman & Diu,2007,Riot Control,0,0,0,0,0
Delhi,2007,Riot Control,0,0,1,91,0
Goa,2007,Riot Control,0,0,0,0,0
Gujarat,2007,Riot Control,0,0,8,23,0
Haryana,2007,Riot Control,0,0,0,0,0
Himachal Pradesh,2007,Riot Control,0,0,0,0,0
Jammu & Kashmir,2007,Riot Control,2,1,6,16,0
Jharkhand,2007,Riot Control,0,0,0,0,0
Karnataka,2007,Riot Control,4,1,6,27,0
Kerala,2007,Riot Control,0,0,0,0,0
Lakshadweep,2007,Riot Control,0,0,0,0,0
Madhya Pradesh,2007,Riot Control,0,0,2,0,0
Maharashtra,2007,Riot Control,18,3,7,90,0
Manipur,2007,Riot Control,0,0,0,0,0
Meghalaya,2007,Riot Control,0,0,0,0,0
Mizoram,2007,Riot Control,0,0,0,0,0
Nagaland,2007,Riot Control,0,0,0,0,0
Odisha,2007,Riot Control,33,0,16,5,0
Puducherry,2007,Riot Control,0,0,2,0,0
Punjab,2007,Riot Control,0,0,0,0,0
Rajasthan,2007,Riot Control,84,20,29,304,2
Sikkim,2007,Riot Control,0,0,0,0,0
Tamil Nadu,2007,Riot Control,4,0,5,25,0
Tripura,2007,Riot Control,0,0,0,0,0
Uttar Pradesh,2007,Riot Control,11,0,8,1,2
Uttarakhand,2007,Riot Control,0,0,0,0,0
West Bengal,2007,Riot Control,276,17,22,78,1
Andaman & Nicobar Islands,2008,Riot Control,0,0,0,0,0
Andhra Pradesh,2008,Riot Control,0,0,5,12,0
Arunachal Pradesh,2008,Riot Control,0,0,1,10,0
Assam,2008,Riot Control,1,9,10,0,0
Bihar,2008,Riot Control,2,3,3,8,0
Chandigarh,2008,Riot Control,0,0,6,5,0
Chhattisgarh,2008,Riot Control,60,0,60,22,0
Dadra & Nagar Haveli,2008,Riot Control,0,0,0,0,0
Daman & Diu,2008,Riot Control,0,0,0,0,0
Delhi,2008,Riot Control,0,0,0,17,0
Goa,2008,Riot Control,0,0,1,24,0
Gujarat,2008,Riot Control,38,5,17,12,0
Haryana,2008,Riot Control,10,4,2,17,1
Himachal Pradesh,2008,Riot Control,0,0,0,0,0
Jammu & Kashmir,2008,Riot Control,214,27,305,558,0
Jharkhand,2008,Riot Control,0,0,0,0,0
Karnataka,2008,Riot Control,30,2,4,131,0
Kerala,2008,Riot Control,0,0,3,0,0
Lakshadweep,2008,Riot Control,0,0,0,0,0
Madhya Pradesh,2008,Riot Control,0,0,2,0,0
Maharashtra,2008,Riot Control,64,6,45,175,0
Manipur,2008,Riot Control,0,0,0,0,0
Meghalaya,2008,Riot Control,0,0,0,0,0
Mizoram,2008,Riot Control,0,0,0,0,0
Nagaland,2008,Riot Control,0,0,0,0,0
Odisha,2008,Riot Control,0,1,1,0,0
Puducherry,2008,Riot Control,0,0,2,0,0
Punjab,2008,Riot Control,0,0,0,0,0
Rajasthan,2008,Riot Control,25,18,2,55,1
Sikkim,2008,Riot Control,0,0,0,0,0
Tamil Nadu,2008,Riot Control,5,2,6,37,0
Tripura,2008,Riot Control,0,0,0,0,0
Uttar Pradesh,2008,Riot Control,48,0,9,13,1
Uttarakhand,2008,Riot Control,0,0,0,0,0
West Bengal,2008,Riot Control,19,0,16,245,0
Andaman & Nicobar Islands,2009,Riot Control,0,0,0,0,0
Andhra Pradesh,2009,Riot Control,0,0,4,13,0
Arunachal Pradesh,2009,Riot Control,0,0,0,0,0
Assam,2009,Riot Control,0,0,12,12,0
Bihar,2009,Riot Control,0,0,0,0,0
Chandigarh,2009,Riot Control,15,0,0,50,0
Chhattisgarh,2009,Riot Control,60,0,60,22,0
Dadra & Nagar Haveli,2009,Riot Control,0,0,0,0,0
Daman & Diu,2009,Riot Control,0,0,0,0,0
Delhi,2009,Riot Control,0,0,0,79,0
Goa,2009,Riot Control,0,0,0,0,0
Gujarat,2009,Riot Control,4,2,5,22,0
Haryana,2009,Riot Control,0,1,1,7,0
Himachal Pradesh,2009,Riot Control,0,0,0,0,0
Jammu & Kashmir,2009,Riot Control,66,3,69,263,0
Jharkhand,2009,Riot Control,0,0,0,0,0
Karnataka,2009,Riot Control,0,0,2,9,0
Kerala,2009,Riot Control,21,5,5,34,0
Lakshadweep,2009,Riot Control,0,0,0,0,0
Madhya Pradesh,2009,Riot Control,1,1,3,0,0
Maharashtra,2009,Riot Control,52,1,23,209,0
Manipur,2009,Riot Control,0,0,1,0,1
Meghalaya,2009,Riot Control,0,0,0,0,0
Mizoram,2009,Riot Control,0,0,0,0,0
Nagaland,2009,Riot Control,0,0,0,0,0
Odisha,2009,Riot Control,0,2,1,26,0
Puducherry,2009,Riot Control,0,0,1,0,0
Punjab,2009,Riot Control,0,0,1,71,0
Rajasthan,2009,Riot Control,1,1,3,7,0
Sikkim,2009,Riot Control,0,0,0,0,0
Tamil Nadu,2009,Riot Control,0,0,1,0,0
Tripura,2009,Riot Control,0,0,0,0,0
Uttar Pradesh,2009,Riot Control,4,0,8,23,0
Uttarakhand,2009,Riot Control,0,0,0,17,1
West Bengal,2009,Riot Control,24,3,96,96,0
Andaman & Nicobar Islands,2010,Riot Control,0,0,0,0,0
Andhra Pradesh,2010,Riot Control,0,0,2,3,0
Arunachal Pradesh,2010,Riot Control,1,0,1,0,0
Assam,2010,Riot Control,0,0,0,0,0
Bihar,2010,Riot Control,0,0,0,0,0
Chandigarh,2010,Riot Control,30,0,0,33,0
Chhattisgarh,2010,Riot Control,0,0,0,0,0
Dadra & Nagar Haveli,2010,Riot Control,0,0,0,0,0
Daman & Diu,2010,Riot Control,0,0,0,0,0
Delhi,2010,Riot Control,8,0,1,17,0
Goa,2010,Riot Control,0,0,0,0,0
Gujarat,2010,Riot Control,0,0,25,37,0
Haryana,2010,Riot Control,0,0,0,0,0
Himachal Pradesh,2010,Riot Control,0,0,0,0,0
Jammu & Kashmir,2010,Riot Control,477,89,637,2930,1
Jharkhand,2010,Riot Control,2,0,1,2,0
Karnataka,2010,Riot Control,4,1,1,42,0
Kerala,2010,Riot Control,0,0,0,0,0
Lakshadweep,2010,Riot Control,0,0,0,0,0
Madhya Pradesh,2010,Riot Control,0,0,2,1,0
Maharashtra,2010,Riot Control,2,2,7,67,0
Manipur,2010,Riot Control,0,0,2,2,0
Meghalaya,2010,Riot Control,0,0,0,0,0
Mizoram,2010,Riot Control,0,0,0,0,0
Nagaland,2010,Riot Control,0,0,0,0,0
Odisha,2010,Riot Control,2,1,1,1,0
Puducherry,2010,Riot Control,0,0,1,0,0
Punjab,2010,Riot Control,0,0,0,0,0
Rajasthan,2010,Riot Control,12,3,4,78,0
Sikkim,2010,Riot Control,0,0,0,0,0
Tamil Nadu,2010,Riot Control,1,0,5,26,0
Tripura,2010,Riot Control,0,0,0,0,0
Uttar Pradesh,2010,Riot Control,52,0,5,10,1
Uttarakhand,2010,Riot Control,0,0,0,0,0
West Bengal,2010,Riot Control,32,1,27,75,0
Andaman & Nicobar Islands,2001,Total Casualties under Police Firing & Lathi Charge,0,0,0,0,0
Andhra Pradesh,2001,Total Casualties under Police Firing & Lathi Charge,42,126,180,114,11
Arunachal Pradesh,2001,Total Casualties under Police Firing & Lathi Charge,0,0,2,3,0
Assam,2001,Total Casualties under Police Firing & Lathi Charge,11,28,41,16,9
Bihar,2001,Total Casualties under Police Firing & Lathi Charge,28,48,48,32,7
Chandigarh,2001,Total Casualties under Police Firing & Lathi Charge,0,0,0,0,0
Chhattisgarh,2001,Total Casualties under Police Firing & Lathi Charge,58,2,7,43,2
Dadra & Nagar Haveli,2001,Total Casualties under Police Firing & Lathi Charge,0,0,0,0,0
Daman & Diu,2001,Total Casualties under Police Firing & Lathi Charge,0,0,0,0,0
Delhi,2001,Total Casualties under Police Firing & Lathi Charge,10,8,18,132,0
Goa,2001,Total Casualties under Police Firing & Lathi Charge,0,0,0,0,0
Gujarat,2001,Total Casualties under Police Firing & Lathi Charge,13,5,27,8,0
Haryana,2001,Total Casualties under Police Firing & Lathi Charge,24,1,3,21,0
Himachal Pradesh,2001,Total Casualties under Police Firing & Lathi Charge,0,0,0,0,0
Jammu & Kashmir,2001,Total Casualties under Police Firing & Lathi Charge,95,100,338,190,26
Jharkhand,2001,Total Casualties under Police Firing & Lathi Charge,8,13,59,36,22
Karnataka,2001,Total Casualties under Police Firing & Lathi Charge,61,6,31,62,0
Kerala,2001,Total Casualties under Police Firing & Lathi Charge,0,1,12,11,0
Lakshadweep,2001,Total Casualties under Police Firing & Lathi Charge,0,0,0,0,0
Madhya Pradesh,2001,Total Casualties under Police Firing & Lathi Charge,2,21,38,23,2
Maharashtra,2001,Total Casualties under Police Firing & Lathi Charge,63,118,135,69,1
Manipur,2001,Total Casualties under Police Firing & Lathi Charge,57,15,34,0,0
Meghalaya,2001,Total Casualties under Police Firing & Lathi Charge,1,3,15,1,7
Mizoram,2001,Total Casualties under Police Firing & Lathi Charge,0,0,1,0,0
Nagaland,2001,Total Casualties under Police Firing & Lathi Charge,0,0,0,0,0
Odisha,2001,Total Casualties under Police Firing & Lathi Charge,3,0,6,14,0
Puducherry,2001,Total Casualties under Police Firing & Lathi Charge,0,0,5,5,0
Punjab,2001,Total Casualties under Police Firing & Lathi Charge,0,0,0,0,0
Rajasthan,2001,Total Casualties under Police Firing & Lathi Charge,48,10,28,176,1
Sikkim,2001,Total Casualties under Police Firing & Lathi Charge,0,0,0,0,0
Tamil Nadu,2001,Total Casualties under Police Firing & Lathi Charge,29,13,32,178,0
Tripura,2001,Total Casualties under Police Firing & Lathi Charge,0,41,28,18,23
Uttar Pradesh,2001,Total Casualties under Police Firing & Lathi Charge,23,202,231,172,23
Uttarakhand,2001,Total Casualties under Police Firing & Lathi Charge,5,1,1,5,0
West Bengal,2001,Total Casualties under Police Firing & Lathi Charge,32,22,97,219,2
Andaman & Nicobar Islands,2002,Total Casualties under Police Firing & Lathi Charge,0,0,0,0,0
Andhra Pradesh,2002,Total Casualties under Police Firing & Lathi Charge,20,90,101,55,2
Arunachal Pradesh,2002,Total Casualties under Police Firing & Lathi Charge,5,0,3,2,1
Assam,2002,Total Casualties under Police Firing & Lathi Charge,43,38,52,7,3
Bihar,2002,Total Casualties under Police Firing & Lathi Charge,9,20,65,14,3
Chandigarh,2002,Total Casualties under Police Firing & Lathi Charge,0,0,0,0,0
Chhattisgarh,2002,Total Casualties under Police Firing & Lathi Charge,3,1,19,21,1
Dadra & Nagar Haveli,2002,Total Casualties under Police Firing & Lathi Charge,0,0,0,0,0
Daman & Diu,2002,Total Casualties under Police Firing & Lathi Charge,0,0,0,0,0
Delhi,2002,Total Casualties under Police Firing & Lathi Charge,11,0,2,23,0
Goa,2002,Total Casualties under Police Firing & Lathi Charge,0,0,0,0,0
Gujarat,2002,Total Casualties under Police Firing & Lathi Charge,358,218,1250,198,0
Haryana,2002,Total Casualties under Police Firing & Lathi Charge,22,6,7,43,0
Himachal Pradesh,2002,Total Casualties under Police Firing & Lathi Charge,0,0,0,0,0
Jammu & Kashmir,2002,Total Casualties under Police Firing & Lathi Charge,66,20,378,74,19
Jharkhand,2002,Total Casualties under Police Firing & Lathi Charge,5,8,33,25,13
Karnataka,2002,Total Casualties under Police Firing & Lathi Charge,18,6,12,217,0
Kerala,2002,Total Casualties under Police Firing & Lathi Charge,37,0,3,126,0
Lakshadweep,2002,Total Casualties under Police Firing & Lathi Charge,0,0,0,0,0
Madhya Pradesh,2002,Total Casualties under Police Firing & Lathi Charge,28,53,61,80,0
Maharashtra,2002,Total Casualties under Police Firing & Lathi Charge,43,89,107,131,2
Manipur,2002,Total Casualties under Police Firing & Lathi Charge,0,0,1,1,0
Meghalaya,2002,Total Casualties under Police Firing & Lathi Charge,0,3,13,0,0
Mizoram,2002,Total Casualties under Police Firing & Lathi Charge,1,0,1,0,0
Nagaland,2002,Total Casualties under Police Firing & Lathi Charge,0,0,0,0,0
Odisha,2002,Total Casualties under Police Firing & Lathi Charge,10,1,3,11,0
Puducherry,2002,Total Casualties under Police Firing & Lathi Charge,0,0,2,0,0
Punjab,2002,Total Casualties under Police Firing & Lathi Charge,0,0,2,24,4
Rajasthan,2002,Total Casualties under Police Firing & Lathi Charge,46,12,26,188,1
Sikkim,2002,Total Casualties under Police Firing & Lathi Charge,0,0,0,0,0
Tamil Nadu,2002,Total Casualties under Police Firing & Lathi Charge,1,1,5,12,0
Tripura,2002,Total Casualties under Police Firing & Lathi Charge,39,23,36,24,42
Uttar Pradesh,2002,Total Casualties under Police Firing & Lathi Charge,34,69,108,90,31
Uttarakhand,2002,Total Casualties under Police Firing & Lathi Charge,0,2,3,0,0
West Bengal,2002,Total Casualties under Police Firing & Lathi Charge,51,24,73,158,3
Andaman & Nicobar Islands,2003,Total Casualties under Police Firing & Lathi Charge,0,0,0,0,0
Andhra Pradesh,2003,Total Casualties under Police Firing & Lathi Charge,69,95,213,47,6
Arunachal Pradesh,2003,Total Casualties under Police Firing & Lathi Charge,0,0,2,0,0
Assam,2003,Total Casualties under Police Firing & Lathi Charge,19,60,51,9,0
Bihar,2003,Total Casualties under Police Firing & Lathi Charge,5,8,39,14,3
Chandigarh,2003,Total Casualties under Police Firing & Lathi Charge,0,0,1,0,0
Chhattisgarh,2003,Total Casualties under Police Firing & Lathi Charge,2,7,30,20,2
Dadra & Nagar Haveli,2003,Total Casualties under Police Firing & Lathi Charge,0,0,0,0,0
Daman & Diu,2003,Total Casualties under Police Firing & Lathi Charge,5,1,1,9,0
Delhi,2003,Total Casualties under Police Firing & Lathi Charge,0,0,3,5,0
Goa,2003,Total Casualties under Police Firing & Lathi Charge,0,0,0,0,0
Gujarat,2003,Total Casualties under Police Firing & Lathi Charge,11,11,40,35,1
Haryana,2003,Total Casualties under Police Firing & Lathi Charge,3,6,17,15,2
Himachal Pradesh,2003,Total Casualties under Police Firing & Lathi Charge,0,0,0,0,0
Jammu & Kashmir,2003,Total Casualties under Police Firing & Lathi Charge,15,9,85,8,1
Jharkhand,2003,Total Casualties under Police Firing & Lathi Charge,12,14,45,16,4
Karnataka,2003,Total Casualties under Police Firing & Lathi Charge,2,4,11,110,0
Kerala,2003,Total Casualties under Police Firing & Lathi Charge,161,1,9,270,1
Lakshadweep,2003,Total Casualties under Police Firing & Lathi Charge,0,0,0,0,0
Madhya Pradesh,2003,Total Casualties under Police Firing & Lathi Charge,40,17,27,49,2
Maharashtra,2003,Total Casualties under Police Firing & Lathi Charge,38,51,61,89,6
Manipur,2003,Total Casualties under Police Firing & Lathi Charge,0,0,0,0,0
Meghalaya,2003,Total Casualties under Police Firing & Lathi Charge,0,6,20,0,1
Mizoram,2003,Total Casualties under Police Firing & Lathi Charge,0,0,0,0,0
Nagaland,2003,Total Casualties under Police Firing & Lathi Charge,0,0,0,0,0
Odisha,2003,Total Casualties under Police Firing & Lathi Charge,10,4,5,31,0
Puducherry,2003,Total Casualties under Police Firing & Lathi Charge,0,0,1,0,0
Punjab,2003,Total Casualties under Police Firing & Lathi Charge,0,0,0,0,0
Rajasthan,2003,Total Casualties under Police Firing & Lathi Charge,17,2,12,40,1
Sikkim,2003,Total Casualties under Police Firing & Lathi Charge,0,0,0,0,0
Tamil Nadu,2003,Total Casualties under Police Firing & Lathi Charge,2,4,11,14,0
Tripura,2003,Total Casualties under Police Firing & Lathi Charge,28,42,73,55,39
Uttar Pradesh,2003,Total Casualties under Police Firing & Lathi Charge,5,16,24,109,30
Uttarakhand,2003,Total Casualties under Police Firing & Lathi Charge,1,9,6,1,0
West Bengal,2003,Total Casualties under Police Firing & Lathi Charge,32,32,47,134,1
Andaman & Nicobar Islands,2004,Total Casualties under Police Firing & Lathi Charge,0,0,0,0,0
Andhra Pradesh,2004,Total Casualties under Police Firing & Lathi Charge,14,28,77,56,1
Arunachal Pradesh,2004,Total Casualties under Police Firing & Lathi Charge,2,0,2,0,0
Assam,2004,Total Casualties under Police Firing & Lathi Charge,5,12,13,3,1
Bihar,2004,Total Casualties under Police Firing & Lathi Charge,6,10,16,24,0
Chandigarh,2004,Total Casualties under Police Firing & Lathi Charge,0,0,0,0,0
Chhattisgarh,2004,Total Casualties under Police Firing & Lathi Charge,4,0,95,40,0
Dadra & Nagar Haveli,2004,Total Casualties under Police Firing & Lathi Charge,0,0,0,0,0
Daman & Diu,2004,Total Casualties under Police Firing & Lathi Charge,0,0,0,0,0
Delhi,2004,Total Casualties under Police Firing & Lathi Charge,10,11,9,1,0
Goa,2004,Total Casualties under Police Firing & Lathi Charge,0,0,0,0,0
Gujarat,2004,Total Casualties under Police Firing & Lathi Charge,2,11,23,30,1
Haryana,2004,Total Casualties under Police Firing & Lathi Charge,0,0,0,0,0
Himachal Pradesh,2004,Total Casualties under Police Firing & Lathi Charge,0,0,0,0,0
Jammu & Kashmir,2004,Total Casualties under Police Firing & Lathi Charge,19,13,123,47,11
Jharkhand,2004,Total Casualties under Police Firing & Lathi Charge,0,0,0,0,0
Karnataka,2004,Total Casualties under Police Firing & Lathi Charge,2,0,3,7,0
Kerala,2004,Total Casualties under Police Firing & Lathi Charge,12,0,4,12,0
Lakshadweep,2004,Total Casualties under Police Firing & Lathi Charge,0,0,0,0,0
Madhya Pradesh,2004,Total Casualties under Police Firing & Lathi Charge,1,18,28,8,2
Maharashtra,2004,Total Casualties under Police Firing & Lathi Charge,18,22,43,47,7
Manipur,2004,Total Casualties under Police Firing & Lathi Charge,1,4,22,7,15
Meghalaya,2004,Total Casualties under Police Firing & Lathi Charge,0,4,3,0,0
Mizoram,2004,Total Casualties under Police Firing & Lathi Charge,0,0,0,0,0
Nagaland,2004,Total Casualties under Police Firing & Lathi Charge,0,0,0,0,0
Odisha,2004,Total Casualties under Police Firing & Lathi Charge,3,0,3,0,0
Puducherry,2004,Total Casualties under Police Firing & Lathi Charge,1,0,3,0,0
Punjab,2004,Total Casualties under Police Firing & Lathi Charge,22,1,1,12,0
Rajasthan,2004,Total Casualties under Police Firing & Lathi Charge,47,5,13,67,0
Sikkim,2004,Total Casualties under Police Firing & Lathi Charge,0,0,0,0,0
Tamil Nadu,2004,Total Casualties under Police Firing & Lathi Charge,1,6,12,23,0
Tripura,2004,Total Casualties under Police Firing & Lathi Charge,50,33,40,3,10
Uttar Pradesh,2004,Total Casualties under Police Firing & Lathi Charge,3,230,198,98,31
Uttarakhand,2004,Total Casualties under Police Firing & Lathi Charge,1,6,6,9,0
West Bengal,2004,Total Casualties under Police Firing & Lathi Charge,33,6,54,94,2
Andaman & Nicobar Islands,2005,Total Casualties under Police Firing & Lathi Charge,0,0,0,0,0
Andhra Pradesh,2005,Total Casualties under Police Firing & Lathi Charge,2,85,87,6,1
Arunachal Pradesh,2005,Total Casualties under Police Firing & Lathi Charge,3,2,4,16,0
Assam,2005,Total Casualties under Police Firing & Lathi Charge,3,8,17,5,2
Bihar,2005,Total Casualties under Police Firing & Lathi Charge,16,26,22,25,9
Chandigarh,2005,Total Casualties under Police Firing & Lathi Charge,0,0,0,0,0
Chhattisgarh,2005,Total Casualties under Police Firing & Lathi Charge,0,4,50,3,1
Dadra & Nagar Haveli,2005,Total Casualties under Police Firing & Lathi Charge,0,0,0,0,0
Daman & Diu,2005,Total Casualties under Police Firing & Lathi Charge,0,0,0,0,0
Delhi,2005,Total Casualties under Police Firing & Lathi Charge,0,1,5,0,0
Goa,2005,Total Casualties under Police Firing & Lathi Charge,0,0,1,0,0
Gujarat,2005,Total Casualties under Police Firing & Lathi Charge,9,5,19,14,0
Haryana,2005,Total Casualties under Police Firing & Lathi Charge,2,7,5,4,0
Himachal Pradesh,2005,Total Casualties under Police Firing & Lathi Charge,0,0,0,0,0
Jammu & Kashmir,2005,Total Casualties under Police Firing & Lathi Charge,0,50,58,65,0
Jharkhand,2005,Total Casualties under Police Firing & Lathi Charge,0,0,0,0,0
Karnataka,2005,Total Casualties under Police Firing & Lathi Charge,10,5,9,18,0
Kerala,2005,Total Casualties under Police Firing & Lathi Charge,15,0,2,13,0
Lakshadweep,2005,Total Casualties under Police Firing & Lathi Charge,0,0,0,0,0
Madhya Pradesh,2005,Total Casualties under Police Firing & Lathi Charge,1,26,36,5,1
Maharashtra,2005,Total Casualties under Police Firing & Lathi Charge,11,19,63,24,18
Manipur,2005,Total Casualties under Police Firing & Lathi Charge,32,3,6,8,0
Meghalaya,2005,Total Casualties under Police Firing & Lathi Charge,75,25,24,65,1
Mizoram,2005,Total Casualties under Police Firing & Lathi Charge,0,0,0,0,0
Nagaland,2005,Total Casualties under Police Firing & Lathi Charge,0,0,0,0,0
Odisha,2005,Total Casualties under Police Firing & Lathi Charge,11,1,2,3,0
Puducherry,2005,Total Casualties under Police Firing & Lathi Charge,0,0,1,0,0
Punjab,2005,Total Casualties under Police Firing & Lathi Charge,0,0,0,0,0
Rajasthan,2005,Total Casualties under Police Firing & Lathi Charge,28,8,26,45,0
Sikkim,2005,Total Casualties under Police Firing & Lathi Charge,0,0,0,0,0
Tamil Nadu,2005,Total Casualties under Police Firing & Lathi Charge,1,3,9,12,0
Tripura,2005,Total Casualties under Police Firing & Lathi Charge,9,18,33,5,5
Uttar Pradesh,2005,Total Casualties under Police Firing & Lathi Charge,122,42,251,18,4
Uttarakhand,2005,Total Casualties under Police Firing & Lathi Charge,2,9,6,1,0
West Bengal,2005,Total Casualties under Police Firing & Lathi Charge,21,8,41,136,3
Andaman & Nicobar Islands,2006,Total Casualties under Police Firing & Lathi Charge,0,0,0,0,0
Andhra Pradesh,2006,Total Casualties under Police Firing & Lathi Charge,33,72,79,47,1
Arunachal Pradesh,2006,Total Casualties under Police Firing & Lathi Charge,0,0,0,0,0
Assam,2006,Total Casualties under Police Firing & Lathi Charge,2,4,22,14,9
Bihar,2006,Total Casualties under Police Firing & Lathi Charge,2,8,14,7,6
Chandigarh,2006,Total Casualties under Police Firing & Lathi Charge,0,0,0,0,0
Chhattisgarh,2006,Total Casualties under Police Firing & Lathi Charge,0,138,213,7,29
Dadra & Nagar Haveli,2006,Total Casualties under Police Firing & Lathi Charge,0,0,0,0,0
Daman & Diu,2006,Total Casualties under Police Firing & Lathi Charge,0,0,0,0,0
Delhi,2006,Total Casualties under Police Firing & Lathi Charge,26,7,4,88,0
Goa,2006,Total Casualties under Police Firing & Lathi Charge,0,0,2,0,0
Gujarat,2006,Total Casualties under Police Firing & Lathi Charge,27,16,54,26,0
Haryana,2006,Total Casualties under Police Firing & Lathi Charge,0,0,3,0,0
Himachal Pradesh,2006,Total Casualties under Police Firing & Lathi Charge,1,0,1,22,0
Jammu & Kashmir,2006,Total Casualties under Police Firing & Lathi Charge,9,0,126,34,6
Jharkhand,2006,Total Casualties under Police Firing & Lathi Charge,7,14,39,13,1
Karnataka,2006,Total Casualties under Police Firing & Lathi Charge,107,8,21,84,1
Kerala,2006,Total Casualties under Police Firing & Lathi Charge,0,0,2,16,0
Lakshadweep,2006,Total Casualties under Police Firing & Lathi Charge,0,0,0,0,0
Madhya Pradesh,2006,Total Casualties under Police Firing & Lathi Charge,1,9,58,0,0
Maharashtra,2006,Total Casualties under Police Firing & Lathi Charge,35,37,74,240,5
Manipur,2006,Total Casualties under Police Firing & Lathi Charge,0,0,0,0,0
Meghalaya,2006,Total Casualties under Police Firing & Lathi Charge,3,10,4,0,0
Mizoram,2006,Total Casualties under Police Firing & Lathi Charge,5,3,8,0,0
Nagaland,2006,Total Casualties under Police Firing & Lathi Charge,0,0,0,0,0
Odisha,2006,Total Casualties under Police Firing & Lathi Charge,14,13,12,24,4
Puducherry,2006,Total Casualties under Police Firing & Lathi Charge,0,0,1,0,0
Punjab,2006,Total Casualties under Police Firing & Lathi Charge,1,0,3,9,0
Rajasthan,2006,Total Casualties under Police Firing & Lathi Charge,3,9,23,48,0
Sikkim,2006,Total Casualties under Police Firing & Lathi Charge,0,0,0,0,0
Tamil Nadu,2006,Total Casualties under Police Firing & Lathi Charge,3,7,17,29,0
Tripura,2006,Total Casualties under Police Firing & Lathi Charge,1,2,29,0,0
Uttar Pradesh,2006,Total Casualties under Police Firing & Lathi Charge,140,103,523,47,2
Uttarakhand,2006,Total Casualties under Police Firing & Lathi Charge,0,8,10,2,0
West Bengal,2006,Total Casualties under Police Firing & Lathi Charge,12,4,21,74,0
Andaman & Nicobar Islands,2007,Total Casualties under Police Firing & Lathi Charge,0,0,0,0,0
Andhra Pradesh,2007,Total Casualties under Police Firing & Lathi Charge,6,30,45,78,3
Arunachal Pradesh,2007,Total Casualties under Police Firing & Lathi Charge,0,0,0,0,0
Assam,2007,Total Casualties under Police Firing & Lathi Charge,2,8,26,7,19
Bihar,2007,Total Casualties under Police Firing & Lathi Charge,2,7,7,1,4
Chandigarh,2007,Total Casualties under Police Firing & Lathi Charge,0,0,0,0,0
Chhattisgarh,2007,Total Casualties under Police Firing & Lathi Charge,0,7,34,0,10
Dadra & Nagar Haveli,2007,Total Casualties under Police Firing & Lathi Charge,0,0,0,0,0
Daman & Diu,2007,Total Casualties under Police Firing & Lathi Charge,0,0,0,0,0
Delhi,2007,Total Casualties under Police Firing & Lathi Charge,0,0,1,129,0
Goa,2007,Total Casualties under Police Firing & Lathi Charge,0,0,0,0,0
Gujarat,2007,Total Casualties under Police Firing & Lathi Charge,2,1,15,33,0
Haryana,2007,Total Casualties under Police Firing & Lathi Charge,0,0,0,0,0
Himachal Pradesh,2007,Total Casualties under Police Firing & Lathi Charge,0,0,0,0,0
Jammu & Kashmir,2007,Total Casualties under Police Firing & Lathi Charge,2,8,47,18,0
Jharkhand,2007,Total Casualties under Police Firing & Lathi Charge,0,0,0,0,0
Kerala,2007,Total Casualties under Police Firing & Lathi Charge,0,0,0,0,0
Lakshadweep,2007,Total Casualties under Police Firing & Lathi Charge,0,0,0,0,0
Madhya Pradesh,2007,Total Casualties under Police Firing & Lathi Charge,0,8,38,2,0
Maharashtra,2007,Total Casualties under Police Firing & Lathi Charge,22,27,51,121,3
Manipur,2007,Total Casualties under Police Firing & Lathi Charge,0,0,0,0,0
Meghalaya,2007,Total Casualties under Police Firing & Lathi Charge,3,5,3,2,1
Mizoram,2007,Total Casualties under Police Firing & Lathi Charge,0,0,0,0,0
Nagaland,2007,Total Casualties under Police Firing & Lathi Charge,0,0,0,0,0
Odisha,2007,Total Casualties under Police Firing & Lathi Charge,33,0,18,5,0
Puducherry,2007,Total Casualties under Police Firing & Lathi Charge,0,0,2,0,0
Punjab,2007,Total Casualties under Police Firing & Lathi Charge,0,0,0,0,0
Rajasthan,2007,Total Casualties under Police Firing & Lathi Charge,84,22,39,304,2
Sikkim,2007,Total Casualties under Police Firing & Lathi Charge,0,0,0,0,0
Tamil Nadu,2007,Total Casualties under Police Firing & Lathi Charge,5,4,13,32,0
Tripura,2007,Total Casualties under Police Firing & Lathi Charge,2,3,25,2,3
Uttar Pradesh,2007,Total Casualties under Police Firing & Lathi Charge,173,102,469,14,13
Uttarakhand,2007,Total Casualties under Police Firing & Lathi Charge,0,0,0,0,0
West Bengal,2007,Total Casualties under Police Firing & Lathi Charge,276,17,25,79,1
Andaman & Nicobar Islands,2008,Total Casualties under Police Firing & Lathi Charge,0,0,0,0,0
Andhra Pradesh,2008,Total Casualties under Police Firing & Lathi Charge,4,21,24,19,2
Arunachal Pradesh,2008,Total Casualties under Police Firing & Lathi Charge,0,0,1,10,0
Assam,2008,Total Casualties under Police Firing & Lathi Charge,5,16,22,1,1
Bihar,2008,Total Casualties under Police Firing & Lathi Charge,3,6,4,13,5
Chandigarh,2008,Total Casualties under Police Firing & Lathi Charge,0,0,6,5,0
Chhattisgarh,2008,Total Casualties under Police Firing & Lathi Charge,60,0,146,85,41
Dadra & Nagar Haveli,2008,Total Casualties under Police Firing & Lathi Charge,0,0,0,0,0
Daman & Diu,2008,Total Casualties under Police Firing & Lathi Charge,0,0,0,0,0
Delhi,2008,Total Casualties under Police Firing & Lathi Charge,0,2,1,83,1
Goa,2008,Total Casualties under Police Firing & Lathi Charge,0,0,1,24,0
Gujarat,2008,Total Casualties under Police Firing & Lathi Charge,38,5,21,13,0
Haryana,2008,Total Casualties under Police Firing & Lathi Charge,10,5,3,17,2
Himachal Pradesh,2008,Total Casualties under Police Firing & Lathi Charge,0,0,0,0,0
Jammu & Kashmir,2008,Total Casualties under Police Firing & Lathi Charge,317,43,396,765,18
Jharkhand,2008,Total Casualties under Police Firing & Lathi Charge,0,4,71,4,24
Karnataka,2008,Total Casualties under Police Firing & Lathi Charge,30,6,6,183,23
Kerala,2008,Total Casualties under Police Firing & Lathi Charge,1,0,6,0,0
Lakshadweep,2008,Total Casualties under Police Firing & Lathi Charge,0,0,0,0,0
Madhya Pradesh,2008,Total Casualties under Police Firing & Lathi Charge,0,2,5,0,0
Maharashtra,2008,Total Casualties under Police Firing & Lathi Charge,67,47,89,210,20
Manipur,2008,Total Casualties under Police Firing & Lathi Charge,0,0,0,0,0
Meghalaya,2008,Total Casualties under Police Firing & Lathi Charge,0,3,3,0,0
Mizoram,2008,Total Casualties under Police Firing & Lathi Charge,0,0,1,2,4
Nagaland,2008,Total Casualties under Police Firing & Lathi Charge,0,0,0,0,0
Odisha,2008,Total Casualties under Police Firing & Lathi Charge,4,1,9,13,14
Puducherry,2008,Total Casualties under Police Firing & Lathi Charge,0,0,2,0,0
Punjab,2008,Total Casualties under Police Firing & Lathi Charge,22,0,1,2,0
Rajasthan,2008,Total Casualties under Police Firing & Lathi Charge,26,23,31,83,3
Sikkim,2008,Total Casualties under Police Firing & Lathi Charge,0,0,0,0,0
Tamil Nadu,2008,Total Casualties under Police Firing & Lathi Charge,6,10,17,48,0
Tripura,2008,Total Casualties under Police Firing & Lathi Charge,0,17,32,0,0
Uttar Pradesh,2008,Total Casualties under Police Firing & Lathi Charge,145,104,608,51,5
Uttarakhand,2008,Total Casualties under Police Firing & Lathi Charge,0,0,0,0,0
West Bengal,2008,Total Casualties under Police Firing & Lathi Charge,20,2,23,262,2
Andaman & Nicobar Islands,2009,Total Casualties under Police Firing & Lathi Charge,0,0,0,0,0
Andhra Pradesh,2009,Total Casualties under Police Firing & Lathi Charge,1,14,25,13,0
Arunachal Pradesh,2009,Total Casualties under Police Firing & Lathi Charge,0,0,0,0,0
Assam,2009,Total Casualties under Police Firing & Lathi Charge,2,8,24,13,1
Bihar,2009,Total Casualties under Police Firing & Lathi Charge,5,8,9,8,6
Chandigarh,2009,Total Casualties under Police Firing & Lathi Charge,15,0,0,59,5
Chhattisgarh,2009,Total Casualties under Police Firing & Lathi Charge,60,1,110,45,5
Dadra & Nagar Haveli,2009,Total Casualties under Police Firing & Lathi Charge,0,0,0,0,0
Daman & Diu,2009,Total Casualties under Police Firing & Lathi Charge,0,0,0,0,0
Delhi,2009,Total Casualties under Police Firing & Lathi Charge,9,0,0,122,0
Goa,2009,Total Casualties under Police Firing & Lathi Charge,0,0,1,0,0
Gujarat,2009,Total Casualties under Police Firing & Lathi Charge,4,5,11,24,0
Haryana,2009,Total Casualties under Police Firing & Lathi Charge,0,3,2,7,0
Himachal Pradesh,2009,Total Casualties under Police Firing & Lathi Charge,0,0,0,0,0
Jammu & Kashmir,2009,Total Casualties under Police Firing & Lathi Charge,132,28,147,312,12
Jharkhand,2009,Total Casualties under Police Firing & Lathi Charge,0,0,71,0,0
Karnataka,2009,Total Casualties under Police Firing & Lathi Charge,1,0,4,9,0
Kerala,2009,Total Casualties under Police Firing & Lathi Charge,21,5,5,34,0
Lakshadweep,2009,Total Casualties under Police Firing & Lathi Charge,0,0,0,0,0
Madhya Pradesh,2009,Total Casualties under Police Firing & Lathi Charge,9,22,28,48,0
Maharashtra,2009,Total Casualties under Police Firing & Lathi Charge,57,20,55,258,53
Manipur,2009,Total Casualties under Police Firing & Lathi Charge,0,0,1,0,1
Meghalaya,2009,Total Casualties under Police Firing & Lathi Charge,0,0,0,0,0
Mizoram,2009,Total Casualties under Police Firing & Lathi Charge,0,0,0,0,0
Nagaland,2009,Total Casualties under Police Firing & Lathi Charge,0,0,0,0,0
Odisha,2009,Total Casualties under Police Firing & Lathi Charge,0,3,15,71,22
Puducherry,2009,Total Casualties under Police Firing & Lathi Charge,0,0,1,0,0
Punjab,2009,Total Casualties under Police Firing & Lathi Charge,0,0,1,71,0
Rajasthan,2009,Total Casualties under Police Firing & Lathi Charge,9,4,20,18,0
Sikkim,2009,Total Casualties under Police Firing & Lathi Charge,0,0,0,0,0
Tamil Nadu,2009,Total Casualties under Police Firing & Lathi Charge,2,1,4,8,0
Tripura,2009,Total Casualties under Police Firing & Lathi Charge,1,0,5,1,1
Uttar Pradesh,2009,Total Casualties under Police Firing & Lathi Charge,118,56,637,41,19
Uttarakhand,2009,Total Casualties under Police Firing & Lathi Charge,0,0,0,17,1
West Bengal,2009,Total Casualties under Police Firing & Lathi Charge,44,6,104,122,5
Andaman & Nicobar Islands,2010,Total Casualties under Police Firing & Lathi Charge,0,0,0,0,0
Andhra Pradesh,2010,Total Casualties under Police Firing & Lathi Charge,3,5,6,3,0
Arunachal Pradesh,2010,Total Casualties under Police Firing & Lathi Charge,1,0,1,0,0
Assam,2010,Total Casualties under Police Firing & Lathi Charge,0,1,2,0,0
Bihar,2010,Total Casualties under Police Firing & Lathi Charge,0,0,0,0,0
Chandigarh,2010,Total Casualties under Police Firing & Lathi Charge,30,0,0,41,0
Chhattisgarh,2010,Total Casualties under Police Firing & Lathi Charge,8,11,82,16,68
Dadra & Nagar Haveli,2010,Total Casualties under Police Firing & Lathi Charge,0,0,0,0,0
Daman & Diu,2010,Total Casualties under Police Firing & Lathi Charge,0,0,0,0,0
Delhi,2010,Total Casualties under Police Firing & Lathi Charge,8,0,1,17,0
Goa,2010,Total Casualties under Police Firing & Lathi Charge,0,0,0,0,0
Gujarat,2010,Total Casualties under Police Firing & Lathi Charge,0,1,28,39,0
Haryana,2010,Total Casualties under Police Firing & Lathi Charge,0,0,0,0,0
Himachal Pradesh,2010,Total Casualties under Police Firing & Lathi Charge,0,0,0,0,0
Jammu & Kashmir,2010,Total Casualties under Police Firing & Lathi Charge,494,91,662,2952,17
Jharkhand,2010,Total Casualties under Police Firing & Lathi Charge,2,3,28,12,24
Karnataka,2010,Total Casualties under Police Firing & Lathi Charge,5,2,3,43,0
Kerala,2010,Total Casualties under Police Firing & Lathi Charge,0,0,3,9,0
Lakshadweep,2010,Total Casualties under Police Firing & Lathi Charge,0,0,0,0,0
Madhya Pradesh,2010,Total Casualties under Police Firing & Lathi Charge,1,5,7,7,1
Maharashtra,2010,Total Casualties under Police Firing & Lathi Charge,13,18,27,89,7
Manipur,2010,Total Casualties under Police Firing & Lathi Charge,0,0,2,2,0
Meghalaya,2010,Total Casualties under Police Firing & Lathi Charge,0,0,0,0,0
Mizoram,2010,Total Casualties under Police Firing & Lathi Charge,0,0,0,0,0
Nagaland,2010,Total Casualties under Police Firing & Lathi Charge,0,0,0,0,0
Odisha,2010,Total Casualties under Police Firing & Lathi Charge,2,4,15,11,9
Puducherry,2010,Total Casualties under Police Firing & Lathi Charge,0,0,1,0,0
Punjab,2010,Total Casualties under Police Firing & Lathi Charge,1,4,2,2,2
Rajasthan,2010,Total Casualties under Police Firing & Lathi Charge,25,8,21,82,1
Sikkim,2010,Total Casualties under Police Firing & Lathi Charge,0,0,0,0,0
Tamil Nadu,2010,Total Casualties under Police Firing & Lathi Charge,1,8,12,40,2
Tripura,2010,Total Casualties under Police Firing & Lathi Charge,0,0,3,2,2
Uttar Pradesh,2010,Total Casualties under Police Firing & Lathi Charge,68,55,445,29,4
Uttarakhand,2010,Total Casualties under Police Firing & Lathi Charge,0,0,0,0,0
West Bengal,2010,Total Casualties under Police Firing & Lathi Charge,51,23,70,76,29
